[2026-07-01 09:03:14] local.ERROR: The D:\2.ANDROID\3.FlutterVSCode\projects\SHE Inspection System\backend\she-api\bootstrap\cache directory must be present and writable. {"exception":"[object] (Exception(code: 0): The D:\\2.ANDROID\\3.FlutterVSCode\\projects\\SHE Inspection System\\backend\\she-api\\bootstrap\\cache directory must be present and writable. at D:/2.ANDROID/3.FlutterVSCode/projects/SHE Inspection System/backend/she-api/vendor/laravel/framework/src/Illuminate/Foundation/PackageManifest.php:179)
[stacktrace]
#0 D:/2.ANDROID/3.FlutterVSCode/projects/SHE Inspection System/backend/she-api/vendor/laravel/framework/src/Illuminate/Foundation/PackageManifest.php(132): Illuminate/Foundation/PackageManifest->write(Array)
#1 D:/2.ANDROID/3.FlutterVSCode/projects/SHE Inspection System/backend/she-api/vendor/laravel/framework/src/Illuminate/Foundation/PackageManifest.php(108): Illuminate/Foundation/PackageManifest->build()
#2 D:/2.ANDROID/3.FlutterVSCode/projects/SHE Inspection System/backend/she-api/vendor/laravel/framework/src/Illuminate/Foundation/PackageManifest.php(91): Illuminate/Foundation/PackageManifest->getManifest()
#3 D:/2.ANDROID/3.FlutterVSCode/projects/SHE Inspection System/backend/she-api/vendor/laravel/framework/src/Illuminate/Foundation/PackageManifest.php(80): Illuminate/Foundation/PackageManifest->config('aliases')
#4 D:/2.ANDROID/3.FlutterVSCode/projects/SHE Inspection System/backend/she-api/vendor/laravel/framework/src/Illuminate/Foundation/Bootstrap/RegisterFacades.php(26): Illuminate/Foundation/PackageManifest->aliases()
#5 D:/2.ANDROID/3.FlutterVSCode/projects/SHE Inspection System/backend/she-api/vendor/laravel/framework/src/Illuminate/Foundation/Application.php(342): Illuminate/Foundation/Bootstrap/RegisterFacades->bootstrap(Object(Illuminate/Foundation/Application))
#6 D:/2.ANDROID/3.FlutterVSCode/projects/SHE Inspection System/backend/she-api/vendor/laravel/framework/src/Illuminate/Foundation/Console/Kernel.php(474): Illuminate/Foundation/Application->bootstrapWith(Array)
#7 D:/2.ANDROID/3.FlutterVSCode/projects/SHE Inspection System/backend/she-api/vendor/laravel/framework/src/Illuminate/Foundation/Console/Kernel.php(196): Illuminate/Foundation/Console/Kernel->bootstrap()
#8 D:/2.ANDROID/3.FlutterVSCode/projects/SHE Inspection System/backend/she-api/artisan(11): Illuminate/Foundation/Console/Kernel->handle(Object(Symfony/Component/Console/Input/ArgvInput), Object(Symfony/Component/Console/Output/ConsoleOutput))
#9 {main}
"} 
[2026-07-01 09:26:55] local.ERROR: Class "App\Http\Controllers\Controller" not found {"exception":"[object] (Error(code: 0): Class \"App\\Http\\Controllers\\Controller\" not found at D:/2.ANDROID/3.FlutterVSCode/projects/SHE Inspection System/backend/she-api/app/Http/Controllers/Api/AuthController.php:11)
[stacktrace]
#0 D:/2.ANDROID/3.FlutterVSCode/projects/SHE Inspection System/backend/she-api/vendor/composer/ClassLoader.php(576): include()
#1 D:/2.ANDROID/3.FlutterVSCode/projects/SHE Inspection System/backend/she-api/vendor/composer/ClassLoader.php(427): Composer/Autoload/{closure}('D://2.ANDROID//3....')
#2 [internal function]: Composer/Autoload/ClassLoader->loadClass('App//Http//Contro...')
#3 D:/2.ANDROID/3.FlutterVSCode/projects/SHE Inspection System/backend/she-api/vendor/laravel/framework/src/Illuminate/Routing/Route.php(1117): is_a('App//Http//Contro...', 'Illuminate//Rout...', true)
#4 D:/2.ANDROID/3.FlutterVSCode/projects/SHE Inspection System/backend/she-api/vendor/laravel/framework/src/Illuminate/Routing/Route.php(1054): Illuminate/Routing/Route->controllerMiddleware()
#5 D:/2.ANDROID/3.FlutterVSCode/projects/SHE Inspection System/backend/she-api/vendor/laravel/framework/src/Illuminate/Routing/Router.php(820): Illuminate/Routing/Route->gatherMiddleware()
#6 D:/2.ANDROID/3.FlutterVSCode/projects/SHE Inspection System/backend/she-api/vendor/laravel/framework/src/Illuminate/Routing/Router.php(802): Illuminate/Routing/Router->gatherRouteMiddleware(Object(Illuminate/Routing/Route))
#7 D:/2.ANDROID/3.FlutterVSCode/projects/SHE Inspection System/backend/she-api/vendor/laravel/framework/src/Illuminate/Routing/Router.php(786): Illuminate/Routing/Router->runRouteWithinStack(Object(Illuminate/Routing/Route), Object(Illuminate/Http/Request))
#8 D:/2.ANDROID/3.FlutterVSCode/projects/SHE Inspection System/backend/she-api/vendor/laravel/framework/src/Illuminate/Routing/Router.php(750): Illuminate/Routing/Router->runRoute(Object(Illuminate/Http/Request), Object(Illuminate/Routing/Route))
#9 D:/2.ANDROID/3.FlutterVSCode/projects/SHE Inspection System/backend/she-api/vendor/laravel/framework/src/Illuminate/Routing/Router.php(739): Illuminate/Routing/Router->dispatchToRoute(Object(Illuminate/Http/Request))
#10 D:/2.ANDROID/3.FlutterVSCode/projects/SHE Inspection System/backend/she-api/vendor/laravel/framework/src/Illuminate/Foundation/Http/Kernel.php(201): Illuminate/Routing/Router->dispatch(Object(Illuminate/Http/Request))
#11 D:/2.ANDROID/3.FlutterVSCode/projects/SHE Inspection System/backend/she-api/vendor/laravel/framework/src/Illuminate/Pipeline/Pipeline.php(170): Illuminate/Foundation/Http/Kernel->Illuminate/Foundation/Http/{closure}(Object(Illuminate/Http/Request))
#12 D:/2.ANDROID/3.FlutterVSCode/projects/SHE Inspection System/backend/she-api/vendor/laravel/framework/src/Illuminate/Foundation/Http/Middleware/TransformsRequest.php(21): Illuminate/Pipeline/Pipeline->Illuminate/Pipeline/{closure}(Object(Illuminate/Http/Request))
#13 D:/2.ANDROID/3.FlutterVSCode/projects/SHE Inspection System/backend/she-api/vendor/laravel/framework/src/Illuminate/Foundation/Http/Middleware/ConvertEmptyStringsToNull.php(31): Illuminate/Foundation/Http/Middleware/TransformsRequest->handle(Object(Illuminate/Http/Request), Object(Closure))
#14 D:/2.ANDROID/3.FlutterVSCode/projects/SHE Inspection System/backend/she-api/vendor/laravel/framework/src/Illuminate/Pipeline/Pipeline.php(209): Illuminate/Foundation/Http/Middleware/ConvertEmptyStringsToNull->handle(Object(Illuminate/Http/Request), Object(Closure))
#15 D:/2.ANDROID/3.FlutterVSCode/projects/SHE Inspection System/backend/she-api/vendor/laravel/framework/src/Illuminate/Foundation/Http/Middleware/TransformsRequest.php(21): Illuminate/Pipeline/Pipeline->Illuminate/Pipeline/{closure}(Object(Illuminate/Http/Request))
#16 D:/2.ANDROID/3.FlutterVSCode/projects/SHE Inspection System/backend/she-api/vendor/laravel/framework/src/Illuminate/Foundation/Http/Middleware/TrimStrings.php(51): Illuminate/Foundation/Http/Middleware/TransformsRequest->handle(Object(Illuminate/Http/Request), Object(Closure))
#17 D:/2.ANDROID/3.FlutterVSCode/projects/SHE Inspection System/backend/she-api/vendor/laravel/framework/src/Illuminate/Pipeline/Pipeline.php(209): Illuminate/Foundation/Http/Middleware/TrimStrings->handle(Object(Illuminate/Http/Request), Object(Closure))
#18 D:/2.ANDROID/3.FlutterVSCode/projects/SHE Inspection System/backend/she-api/vendor/laravel/framework/src/Illuminate/Http/Middleware/ValidatePostSize.php(27): Illuminate/Pipeline/Pipeline->Illuminate/Pipeline/{closure}(Object(Illuminate/Http/Request))
#19 D:/2.ANDROID/3.FlutterVSCode/projects/SHE Inspection System/backend/she-api/vendor/laravel/framework/src/Illuminate/Pipeline/Pipeline.php(209): Illuminate/Http/Middleware/ValidatePostSize->handle(Object(Illuminate/Http/Request), Object(Closure))
#20 D:/2.ANDROID/3.FlutterVSCode/projects/SHE Inspection System/backend/she-api/vendor/laravel/framework/src/Illuminate/Foundation/Http/Middleware/PreventRequestsDuringMaintenance.php(110): Illuminate/Pipeline/Pipeline->Illuminate/Pipeline/{closure}(Object(Illuminate/Http/Request))
#21 D:/2.ANDROID/3.FlutterVSCode/projects/SHE Inspection System/backend/she-api/vendor/laravel/framework/src/Illuminate/Pipeline/Pipeline.php(209): Illuminate/Foundation/Http/Middleware/PreventRequestsDuringMaintenance->handle(Object(Illuminate/Http/Request), Object(Closure))
#22 D:/2.ANDROID/3.FlutterVSCode/projects/SHE Inspection System/backend/she-api/vendor/laravel/framework/src/Illuminate/Http/Middleware/HandleCors.php(62): Illuminate/Pipeline/Pipeline->Illuminate/Pipeline/{closure}(Object(Illuminate/Http/Request))
#23 D:/2.ANDROID/3.FlutterVSCode/projects/SHE Inspection System/backend/she-api/vendor/laravel/framework/src/Illuminate/Pipeline/Pipeline.php(209): Illuminate/Http/Middleware/HandleCors->handle(Object(Illuminate/Http/Request), Object(Closure))
#24 D:/2.ANDROID/3.FlutterVSCode/projects/SHE Inspection System/backend/she-api/vendor/laravel/framework/src/Illuminate/Http/Middleware/TrustProxies.php(58): Illuminate/Pipeline/Pipeline->Illuminate/Pipeline/{closure}(Object(Illuminate/Http/Request))
#25 D:/2.ANDROID/3.FlutterVSCode/projects/SHE Inspection System/backend/she-api/vendor/laravel/framework/src/Illuminate/Pipeline/Pipeline.php(209): Illuminate/Http/Middleware/TrustProxies->handle(Object(Illuminate/Http/Request), Object(Closure))
#26 D:/2.ANDROID/3.FlutterVSCode/projects/SHE Inspection System/backend/she-api/vendor/laravel/framework/src/Illuminate/Foundation/Http/Middleware/InvokeDeferredCallbacks.php(22): Illuminate/Pipeline/Pipeline->Illuminate/Pipeline/{closure}(Object(Illuminate/Http/Request))
#27 D:/2.ANDROID/3.FlutterVSCode/projects/SHE Inspection System/backend/she-api/vendor/laravel/framework/src/Illuminate/Pipeline/Pipeline.php(209): Illuminate/Foundation/Http/Middleware/InvokeDeferredCallbacks->handle(Object(Illuminate/Http/Request), Object(Closure))
#28 D:/2.ANDROID/3.FlutterVSCode/projects/SHE Inspection System/backend/she-api/vendor/laravel/framework/src/Illuminate/Pipeline/Pipeline.php(127): Illuminate/Pipeline/Pipeline->Illuminate/Pipeline/{closure}(Object(Illuminate/Http/Request))
#29 D:/2.ANDROID/3.FlutterVSCode/projects/SHE Inspection System/backend/she-api/vendor/laravel/framework/src/Illuminate/Foundation/Http/Kernel.php(176): Illuminate/Pipeline/Pipeline->then(Object(Closure))
#30 D:/2.ANDROID/3.FlutterVSCode/projects/SHE Inspection System/backend/she-api/vendor/laravel/framework/src/Illuminate/Foundation/Http/Kernel.php(145): Illuminate/Foundation/Http/Kernel->sendRequestThroughRouter(Object(Illuminate/Http/Request))
#31 D:/2.ANDROID/3.FlutterVSCode/projects/SHE Inspection System/backend/she-api/vendor/laravel/framework/src/Illuminate/Foundation/Application.php(1220): Illuminate/Foundation/Http/Kernel->handle(Object(Illuminate/Http/Request))
#32 D:/2.ANDROID/3.FlutterVSCode/projects/SHE Inspection System/backend/she-api/public/index.php(20): Illuminate/Foundation/Application->handleRequest(Object(Illuminate/Http/Request))
#33 D:/2.ANDROID/3.FlutterVSCode/projects/SHE Inspection System/backend/she-api/vendor/laravel/framework/src/Illuminate/Foundation/resources/server.php(23): require_once('D://2.ANDROID//3....')
#34 {main}
"} 
[2026-07-01 11:04:47] local.ERROR: SQLSTATE[42S02]: Base table or view not found: 1146 Table 'she_inspection.personal_access_tokens' doesn't exist (Connection: mysql, SQL: insert into `personal_access_tokens` (`name`, `token`, `abilities`, `expires_at`, `tokenable_id`, `tokenable_type`, `updated_at`, `created_at`) values (she-inspection, 46f2603d7a3003a438f34c7e6156480004b265f64e31db1ac7b49dbbfe332204, ["*"], ?, 1, App\Models\User, 2026-07-01 11:04:47, 2026-07-01 11:04:47)) {"exception":"[object] (Illuminate\\Database\\QueryException(code: 42S02): SQLSTATE[42S02]: Base table or view not found: 1146 Table 'she_inspection.personal_access_tokens' doesn't exist (Connection: mysql, SQL: insert into `personal_access_tokens` (`name`, `token`, `abilities`, `expires_at`, `tokenable_id`, `tokenable_type`, `updated_at`, `created_at`) values (she-inspection, 46f2603d7a3003a438f34c7e6156480004b265f64e31db1ac7b49dbbfe332204, [\"*\"], ?, 1, App\\Models\\User, 2026-07-01 11:04:47, 2026-07-01 11:04:47)) at D:/2.ANDROID/3.FlutterVSCode/projects/SHE Inspection System/backend/she-api/vendor/laravel/framework/src/Illuminate/Database/Connection.php:825)
[stacktrace]
#0 D:/2.ANDROID/3.FlutterVSCode/projects/SHE Inspection System/backend/she-api/vendor/laravel/framework/src/Illuminate/Database/Connection.php(779): Illuminate/Database/Connection->runQueryCallback('insert into `pe...', Array, Object(Closure))
#1 D:/2.ANDROID/3.FlutterVSCode/projects/SHE Inspection System/backend/she-api/vendor/laravel/framework/src/Illuminate/Database/MySqlConnection.php(42): Illuminate/Database/Connection->run('insert into `pe...', Array, Object(Closure))
#2 D:/2.ANDROID/3.FlutterVSCode/projects/SHE Inspection System/backend/she-api/vendor/laravel/framework/src/Illuminate/Database/Query/Processors/MySqlProcessor.php(35): Illuminate/Database/MySqlConnection->insert('insert into `pe...', Array, 'id')
#3 D:/2.ANDROID/3.FlutterVSCode/projects/SHE Inspection System/backend/she-api/vendor/laravel/framework/src/Illuminate/Database/Query/Builder.php(3766): Illuminate/Database/Query/Processors/MySqlProcessor->processInsertGetId(Object(Illuminate/Database/Query/Builder), 'insert into `pe...', Array, 'id')
#4 D:/2.ANDROID/3.FlutterVSCode/projects/SHE Inspection System/backend/she-api/vendor/laravel/framework/src/Illuminate/Database/Eloquent/Builder.php(2120): Illuminate/Database/Query/Builder->insertGetId(Array, 'id')
#5 D:/2.ANDROID/3.FlutterVSCode/projects/SHE Inspection System/backend/she-api/vendor/laravel/framework/src/Illuminate/Database/Eloquent/Model.php(1359): Illuminate/Database/Eloquent/Builder->__call('insertGetId', Array)
#6 D:/2.ANDROID/3.FlutterVSCode/projects/SHE Inspection System/backend/she-api/vendor/laravel/framework/src/Illuminate/Database/Eloquent/Model.php(1324): Illuminate/Database/Eloquent/Model->insertAndSetId(Object(Illuminate/Database/Eloquent/Builder), Array)
#7 D:/2.ANDROID/3.FlutterVSCode/projects/SHE Inspection System/backend/she-api/vendor/laravel/framework/src/Illuminate/Database/Eloquent/Model.php(1163): Illuminate/Database/Eloquent/Model->performInsert(Object(Illuminate/Database/Eloquent/Builder))
#8 D:/2.ANDROID/3.FlutterVSCode/projects/SHE Inspection System/backend/she-api/vendor/laravel/framework/src/Illuminate/Database/Eloquent/Relations/HasOneOrMany.php(371): Illuminate/Database/Eloquent/Model->save()
#9 D:/2.ANDROID/3.FlutterVSCode/projects/SHE Inspection System/backend/she-api/vendor/laravel/framework/src/Illuminate/Support/helpers.php(399): Illuminate/Database/Eloquent/Relations/HasOneOrMany->Illuminate/Database/Eloquent/Relations/{closure}(Object(Laravel/Sanctum/PersonalAccessToken))
#10 D:/2.ANDROID/3.FlutterVSCode/projects/SHE Inspection System/backend/she-api/vendor/laravel/framework/src/Illuminate/Database/Eloquent/Relations/HasOneOrMany.php(368): tap(Object(Laravel/Sanctum/PersonalAccessToken), Object(Closure))
#11 D:/2.ANDROID/3.FlutterVSCode/projects/SHE Inspection System/backend/she-api/vendor/laravel/sanctum/src/HasApiTokens.php(64): Illuminate/Database/Eloquent/Relations/HasOneOrMany->create(Array)
#12 D:/2.ANDROID/3.FlutterVSCode/projects/SHE Inspection System/backend/she-api/app/Http/Controllers/Api/AuthController.php(32): App/Models/User->createToken('she-inspection')
#13 D:/2.ANDROID/3.FlutterVSCode/projects/SHE Inspection System/backend/she-api/vendor/laravel/framework/src/Illuminate/Routing/ControllerDispatcher.php(47): App/Http/Controllers/Api/AuthController->login(Object(Illuminate/Http/Request))
#14 D:/2.ANDROID/3.FlutterVSCode/projects/SHE Inspection System/backend/she-api/vendor/laravel/framework/src/Illuminate/Routing/Route.php(266): Illuminate/Routing/ControllerDispatcher->dispatch(Object(Illuminate/Routing/Route), Object(App/Http/Controllers/Api/AuthController), 'login')
#15 D:/2.ANDROID/3.FlutterVSCode/projects/SHE Inspection System/backend/she-api/vendor/laravel/framework/src/Illuminate/Routing/Route.php(212): Illuminate/Routing/Route->runController()
#16 D:/2.ANDROID/3.FlutterVSCode/projects/SHE Inspection System/backend/she-api/vendor/laravel/framework/src/Illuminate/Routing/Router.php(808): Illuminate/Routing/Route->run()
#17 D:/2.ANDROID/3.FlutterVSCode/projects/SHE Inspection System/backend/she-api/vendor/laravel/framework/src/Illuminate/Pipeline/Pipeline.php(170): Illuminate/Routing/Router->Illuminate/Routing/{closure}(Object(Illuminate/Http/Request))
#18 D:/2.ANDROID/3.FlutterVSCode/projects/SHE Inspection System/backend/she-api/vendor/laravel/framework/src/Illuminate/Routing/Middleware/SubstituteBindings.php(51): Illuminate/Pipeline/Pipeline->Illuminate/Pipeline/{closure}(Object(Illuminate/Http/Request))
#19 D:/2.ANDROID/3.FlutterVSCode/projects/SHE Inspection System/backend/she-api/vendor/laravel/framework/src/Illuminate/Pipeline/Pipeline.php(209): Illuminate/Routing/Middleware/SubstituteBindings->handle(Object(Illuminate/Http/Request), Object(Closure))
#20 D:/2.ANDROID/3.FlutterVSCode/projects/SHE Inspection System/backend/she-api/vendor/laravel/framework/src/Illuminate/Pipeline/Pipeline.php(127): Illuminate/Pipeline/Pipeline->Illuminate/Pipeline/{closure}(Object(Illuminate/Http/Request))
#21 D:/2.ANDROID/3.FlutterVSCode/projects/SHE Inspection System/backend/she-api/vendor/laravel/framework/src/Illuminate/Routing/Router.php(807): Illuminate/Pipeline/Pipeline->then(Object(Closure))
#22 D:/2.ANDROID/3.FlutterVSCode/projects/SHE Inspection System/backend/she-api/vendor/laravel/framework/src/Illuminate/Routing/Router.php(786): Illuminate/Routing/Router->runRouteWithinStack(Object(Illuminate/Routing/Route), Object(Illuminate/Http/Request))
#23 D:/2.ANDROID/3.FlutterVSCode/projects/SHE Inspection System/backend/she-api/vendor/laravel/framework/src/Illuminate/Routing/Router.php(750): Illuminate/Routing/Router->runRoute(Object(Illuminate/Http/Request), Object(Illuminate/Routing/Route))
#24 D:/2.ANDROID/3.FlutterVSCode/projects/SHE Inspection System/backend/she-api/vendor/laravel/framework/src/Illuminate/Routing/Router.php(739): Illuminate/Routing/Router->dispatchToRoute(Object(Illuminate/Http/Request))
#25 D:/2.ANDROID/3.FlutterVSCode/projects/SHE Inspection System/backend/she-api/vendor/laravel/framework/src/Illuminate/Foundation/Http/Kernel.php(201): Illuminate/Routing/Router->dispatch(Object(Illuminate/Http/Request))
#26 D:/2.ANDROID/3.FlutterVSCode/projects/SHE Inspection System/backend/she-api/vendor/laravel/framework/src/Illuminate/Pipeline/Pipeline.php(170): Illuminate/Foundation/Http/Kernel->Illuminate/Foundation/Http/{closure}(Object(Illuminate/Http/Request))
#27 D:/2.ANDROID/3.FlutterVSCode/projects/SHE Inspection System/backend/she-api/vendor/laravel/framework/src/Illuminate/Foundation/Http/Middleware/TransformsRequest.php(21): Illuminate/Pipeline/Pipeline->Illuminate/Pipeline/{closure}(Object(Illuminate/Http/Request))
#28 D:/2.ANDROID/3.FlutterVSCode/projects/SHE Inspection System/backend/she-api/vendor/laravel/framework/src/Illuminate/Foundation/Http/Middleware/ConvertEmptyStringsToNull.php(31): Illuminate/Foundation/Http/Middleware/TransformsRequest->handle(Object(Illuminate/Http/Request), Object(Closure))
#29 D:/2.ANDROID/3.FlutterVSCode/projects/SHE Inspection System/backend/she-api/vendor/laravel/framework/src/Illuminate/Pipeline/Pipeline.php(209): Illuminate/Foundation/Http/Middleware/ConvertEmptyStringsToNull->handle(Object(Illuminate/Http/Request), Object(Closure))
#30 D:/2.ANDROID/3.FlutterVSCode/projects/SHE Inspection System/backend/she-api/vendor/laravel/framework/src/Illuminate/Foundation/Http/Middleware/TransformsRequest.php(21): Illuminate/Pipeline/Pipeline->Illuminate/Pipeline/{closure}(Object(Illuminate/Http/Request))
#31 D:/2.ANDROID/3.FlutterVSCode/projects/SHE Inspection System/backend/she-api/vendor/laravel/framework/src/Illuminate/Foundation/Http/Middleware/TrimStrings.php(51): Illuminate/Foundation/Http/Middleware/TransformsRequest->handle(Object(Illuminate/Http/Request), Object(Closure))
#32 D:/2.ANDROID/3.FlutterVSCode/projects/SHE Inspection System/backend/she-api/vendor/laravel/framework/src/Illuminate/Pipeline/Pipeline.php(209): Illuminate/Foundation/Http/Middleware/TrimStrings->handle(Object(Illuminate/Http/Request), Object(Closure))
#33 D:/2.ANDROID/3.FlutterVSCode/projects/SHE Inspection System/backend/she-api/vendor/laravel/framework/src/Illuminate/Http/Middleware/ValidatePostSize.php(27): Illuminate/Pipeline/Pipeline->Illuminate/Pipeline/{closure}(Object(Illuminate/Http/Request))
#34 D:/2.ANDROID/3.FlutterVSCode/projects/SHE Inspection System/backend/she-api/vendor/laravel/framework/src/Illuminate/Pipeline/Pipeline.php(209): Illuminate/Http/Middleware/ValidatePostSize->handle(Object(Illuminate/Http/Request), Object(Closure))
#35 D:/2.ANDROID/3.FlutterVSCode/projects/SHE Inspection System/backend/she-api/vendor/laravel/framework/src/Illuminate/Foundation/Http/Middleware/PreventRequestsDuringMaintenance.php(110): Illuminate/Pipeline/Pipeline->Illuminate/Pipeline/{closure}(Object(Illuminate/Http/Request))
#36 D:/2.ANDROID/3.FlutterVSCode/projects/SHE Inspection System/backend/she-api/vendor/laravel/framework/src/Illuminate/Pipeline/Pipeline.php(209): Illuminate/Foundation/Http/Middleware/PreventRequestsDuringMaintenance->handle(Object(Illuminate/Http/Request), Object(Closure))
#37 D:/2.ANDROID/3.FlutterVSCode/projects/SHE Inspection System/backend/she-api/vendor/laravel/framework/src/Illuminate/Http/Middleware/HandleCors.php(62): Illuminate/Pipeline/Pipeline->Illuminate/Pipeline/{closure}(Object(Illuminate/Http/Request))
#38 D:/2.ANDROID/3.FlutterVSCode/projects/SHE Inspection System/backend/she-api/vendor/laravel/framework/src/Illuminate/Pipeline/Pipeline.php(209): Illuminate/Http/Middleware/HandleCors->handle(Object(Illuminate/Http/Request), Object(Closure))
#39 D:/2.ANDROID/3.FlutterVSCode/projects/SHE Inspection System/backend/she-api/vendor/laravel/framework/src/Illuminate/Http/Middleware/TrustProxies.php(58): Illuminate/Pipeline/Pipeline->Illuminate/Pipeline/{closure}(Object(Illuminate/Http/Request))
#40 D:/2.ANDROID/3.FlutterVSCode/projects/SHE Inspection System/backend/she-api/vendor/laravel/framework/src/Illuminate/Pipeline/Pipeline.php(209): Illuminate/Http/Middleware/TrustProxies->handle(Object(Illuminate/Http/Request), Object(Closure))
#41 D:/2.ANDROID/3.FlutterVSCode/projects/SHE Inspection System/backend/she-api/vendor/laravel/framework/src/Illuminate/Foundation/Http/Middleware/InvokeDeferredCallbacks.php(22): Illuminate/Pipeline/Pipeline->Illuminate/Pipeline/{closure}(Object(Illuminate/Http/Request))
#42 D:/2.ANDROID/3.FlutterVSCode/projects/SHE Inspection System/backend/she-api/vendor/laravel/framework/src/Illuminate/Pipeline/Pipeline.php(209): Illuminate/Foundation/Http/Middleware/InvokeDeferredCallbacks->handle(Object(Illuminate/Http/Request), Object(Closure))
#43 D:/2.ANDROID/3.FlutterVSCode/projects/SHE Inspection System/backend/she-api/vendor/laravel/framework/src/Illuminate/Pipeline/Pipeline.php(127): Illuminate/Pipeline/Pipeline->Illuminate/Pipeline/{closure}(Object(Illuminate/Http/Request))
#44 D:/2.ANDROID/3.FlutterVSCode/projects/SHE Inspection System/backend/she-api/vendor/laravel/framework/src/Illuminate/Foundation/Http/Kernel.php(176): Illuminate/Pipeline/Pipeline->then(Object(Closure))
#45 D:/2.ANDROID/3.FlutterVSCode/projects/SHE Inspection System/backend/she-api/vendor/laravel/framework/src/Illuminate/Foundation/Http/Kernel.php(145): Illuminate/Foundation/Http/Kernel->sendRequestThroughRouter(Object(Illuminate/Http/Request))
#46 D:/2.ANDROID/3.FlutterVSCode/projects/SHE Inspection System/backend/she-api/vendor/laravel/framework/src/Illuminate/Foundation/Application.php(1220): Illuminate/Foundation/Http/Kernel->handle(Object(Illuminate/Http/Request))
#47 D:/2.ANDROID/3.FlutterVSCode/projects/SHE Inspection System/backend/she-api/public/index.php(20): Illuminate/Foundation/Application->handleRequest(Object(Illuminate/Http/Request))
#48 D:/2.ANDROID/3.FlutterVSCode/projects/SHE Inspection System/backend/she-api/vendor/laravel/framework/src/Illuminate/Foundation/resources/server.php(23): require_once('D://2.ANDROID//3....')
#49 {main}

[previous exception] [object] (PDOException(code: 42S02): SQLSTATE[42S02]: Base table or view not found: 1146 Table 'she_inspection.personal_access_tokens' doesn't exist at D:/2.ANDROID/3.FlutterVSCode/projects/SHE Inspection System/backend/she-api/vendor/laravel/framework/src/Illuminate/Database/MySqlConnection.php:47)
[stacktrace]
#0 D:/2.ANDROID/3.FlutterVSCode/projects/SHE Inspection System/backend/she-api/vendor/laravel/framework/src/Illuminate/Database/MySqlConnection.php(47): PDO->prepare('insert into `pe...')
#1 D:/2.ANDROID/3.FlutterVSCode/projects/SHE Inspection System/backend/she-api/vendor/laravel/framework/src/Illuminate/Database/Connection.php(812): Illuminate/Database/MySqlConnection->Illuminate/Database/{closure}('insert into `pe...', Array)
#2 D:/2.ANDROID/3.FlutterVSCode/projects/SHE Inspection System/backend/she-api/vendor/laravel/framework/src/Illuminate/Database/Connection.php(779): Illuminate/Database/Connection->runQueryCallback('insert into `pe...', Array, Object(Closure))
#3 D:/2.ANDROID/3.FlutterVSCode/projects/SHE Inspection System/backend/she-api/vendor/laravel/framework/src/Illuminate/Database/MySqlConnection.php(42): Illuminate/Database/Connection->run('insert into `pe...', Array, Object(Closure))
#4 D:/2.ANDROID/3.FlutterVSCode/projects/SHE Inspection System/backend/she-api/vendor/laravel/framework/src/Illuminate/Database/Query/Processors/MySqlProcessor.php(35): Illuminate/Database/MySqlConnection->insert('insert into `pe...', Array, 'id')
#5 D:/2.ANDROID/3.FlutterVSCode/projects/SHE Inspection System/backend/she-api/vendor/laravel/framework/src/Illuminate/Database/Query/Builder.php(3766): Illuminate/Database/Query/Processors/MySqlProcessor->processInsertGetId(Object(Illuminate/Database/Query/Builder), 'insert into `pe...', Array, 'id')
#6 D:/2.ANDROID/3.FlutterVSCode/projects/SHE Inspection System/backend/she-api/vendor/laravel/framework/src/Illuminate/Database/Eloquent/Builder.php(2120): Illuminate/Database/Query/Builder->insertGetId(Array, 'id')
#7 D:/2.ANDROID/3.FlutterVSCode/projects/SHE Inspection System/backend/she-api/vendor/laravel/framework/src/Illuminate/Database/Eloquent/Model.php(1359): Illuminate/Database/Eloquent/Builder->__call('insertGetId', Array)
#8 D:/2.ANDROID/3.FlutterVSCode/projects/SHE Inspection System/backend/she-api/vendor/laravel/framework/src/Illuminate/Database/Eloquent/Model.php(1324): Illuminate/Database/Eloquent/Model->insertAndSetId(Object(Illuminate/Database/Eloquent/Builder), Array)
#9 D:/2.ANDROID/3.FlutterVSCode/projects/SHE Inspection System/backend/she-api/vendor/laravel/framework/src/Illuminate/Database/Eloquent/Model.php(1163): Illuminate/Database/Eloquent/Model->performInsert(Object(Illuminate/Database/Eloquent/Builder))
#10 D:/2.ANDROID/3.FlutterVSCode/projects/SHE Inspection System/backend/she-api/vendor/laravel/framework/src/Illuminate/Database/Eloquent/Relations/HasOneOrMany.php(371): Illuminate/Database/Eloquent/Model->save()
#11 D:/2.ANDROID/3.FlutterVSCode/projects/SHE Inspection System/backend/she-api/vendor/laravel/framework/src/Illuminate/Support/helpers.php(399): Illuminate/Database/Eloquent/Relations/HasOneOrMany->Illuminate/Database/Eloquent/Relations/{closure}(Object(Laravel/Sanctum/PersonalAccessToken))
#12 D:/2.ANDROID/3.FlutterVSCode/projects/SHE Inspection System/backend/she-api/vendor/laravel/framework/src/Illuminate/Database/Eloquent/Relations/HasOneOrMany.php(368): tap(Object(Laravel/Sanctum/PersonalAccessToken), Object(Closure))
#13 D:/2.ANDROID/3.FlutterVSCode/projects/SHE Inspection System/backend/she-api/vendor/laravel/sanctum/src/HasApiTokens.php(64): Illuminate/Database/Eloquent/Relations/HasOneOrMany->create(Array)
#14 D:/2.ANDROID/3.FlutterVSCode/projects/SHE Inspection System/backend/she-api/app/Http/Controllers/Api/AuthController.php(32): App/Models/User->createToken('she-inspection')
#15 D:/2.ANDROID/3.FlutterVSCode/projects/SHE Inspection System/backend/she-api/vendor/laravel/framework/src/Illuminate/Routing/ControllerDispatcher.php(47): App/Http/Controllers/Api/AuthController->login(Object(Illuminate/Http/Request))
#16 D:/2.ANDROID/3.FlutterVSCode/projects/SHE Inspection System/backend/she-api/vendor/laravel/framework/src/Illuminate/Routing/Route.php(266): Illuminate/Routing/ControllerDispatcher->dispatch(Object(Illuminate/Routing/Route), Object(App/Http/Controllers/Api/AuthController), 'login')
#17 D:/2.ANDROID/3.FlutterVSCode/projects/SHE Inspection System/backend/she-api/vendor/laravel/framework/src/Illuminate/Routing/Route.php(212): Illuminate/Routing/Route->runController()
#18 D:/2.ANDROID/3.FlutterVSCode/projects/SHE Inspection System/backend/she-api/vendor/laravel/framework/src/Illuminate/Routing/Router.php(808): Illuminate/Routing/Route->run()
#19 D:/2.ANDROID/3.FlutterVSCode/projects/SHE Inspection System/backend/she-api/vendor/laravel/framework/src/Illuminate/Pipeline/Pipeline.php(170): Illuminate/Routing/Router->Illuminate/Routing/{closure}(Object(Illuminate/Http/Request))
#20 D:/2.ANDROID/3.FlutterVSCode/projects/SHE Inspection System/backend/she-api/vendor/laravel/framework/src/Illuminate/Routing/Middleware/SubstituteBindings.php(51): Illuminate/Pipeline/Pipeline->Illuminate/Pipeline/{closure}(Object(Illuminate/Http/Request))
#21 D:/2.ANDROID/3.FlutterVSCode/projects/SHE Inspection System/backend/she-api/vendor/laravel/framework/src/Illuminate/Pipeline/Pipeline.php(209): Illuminate/Routing/Middleware/SubstituteBindings->handle(Object(Illuminate/Http/Request), Object(Closure))
#22 D:/2.ANDROID/3.FlutterVSCode/projects/SHE Inspection System/backend/she-api/vendor/laravel/framework/src/Illuminate/Pipeline/Pipeline.php(127): Illuminate/Pipeline/Pipeline->Illuminate/Pipeline/{closure}(Object(Illuminate/Http/Request))
#23 D:/2.ANDROID/3.FlutterVSCode/projects/SHE Inspection System/backend/she-api/vendor/laravel/framework/src/Illuminate/Routing/Router.php(807): Illuminate/Pipeline/Pipeline->then(Object(Closure))
#24 D:/2.ANDROID/3.FlutterVSCode/projects/SHE Inspection System/backend/she-api/vendor/laravel/framework/src/Illuminate/Routing/Router.php(786): Illuminate/Routing/Router->runRouteWithinStack(Object(Illuminate/Routing/Route), Object(Illuminate/Http/Request))
#25 D:/2.ANDROID/3.FlutterVSCode/projects/SHE Inspection System/backend/she-api/vendor/laravel/framework/src/Illuminate/Routing/Router.php(750): Illuminate/Routing/Router->runRoute(Object(Illuminate/Http/Request), Object(Illuminate/Routing/Route))
#26 D:/2.ANDROID/3.FlutterVSCode/projects/SHE Inspection System/backend/she-api/vendor/laravel/framework/src/Illuminate/Routing/Router.php(739): Illuminate/Routing/Router->dispatchToRoute(Object(Illuminate/Http/Request))
#27 D:/2.ANDROID/3.FlutterVSCode/projects/SHE Inspection System/backend/she-api/vendor/laravel/framework/src/Illuminate/Foundation/Http/Kernel.php(201): Illuminate/Routing/Router->dispatch(Object(Illuminate/Http/Request))
#28 D:/2.ANDROID/3.FlutterVSCode/projects/SHE Inspection System/backend/she-api/vendor/laravel/framework/src/Illuminate/Pipeline/Pipeline.php(170): Illuminate/Foundation/Http/Kernel->Illuminate/Foundation/Http/{closure}(Object(Illuminate/Http/Request))
#29 D:/2.ANDROID/3.FlutterVSCode/projects/SHE Inspection System/backend/she-api/vendor/laravel/framework/src/Illuminate/Foundation/Http/Middleware/TransformsRequest.php(21): Illuminate/Pipeline/Pipeline->Illuminate/Pipeline/{closure}(Object(Illuminate/Http/Request))
#30 D:/2.ANDROID/3.FlutterVSCode/projects/SHE Inspection System/backend/she-api/vendor/laravel/framework/src/Illuminate/Foundation/Http/Middleware/ConvertEmptyStringsToNull.php(31): Illuminate/Foundation/Http/Middleware/TransformsRequest->handle(Object(Illuminate/Http/Request), Object(Closure))
#31 D:/2.ANDROID/3.FlutterVSCode/projects/SHE Inspection System/backend/she-api/vendor/laravel/framework/src/Illuminate/Pipeline/Pipeline.php(209): Illuminate/Foundation/Http/Middleware/ConvertEmptyStringsToNull->handle(Object(Illuminate/Http/Request), Object(Closure))
#32 D:/2.ANDROID/3.FlutterVSCode/projects/SHE Inspection System/backend/she-api/vendor/laravel/framework/src/Illuminate/Foundation/Http/Middleware/TransformsRequest.php(21): Illuminate/Pipeline/Pipeline->Illuminate/Pipeline/{closure}(Object(Illuminate/Http/Request))
#33 D:/2.ANDROID/3.FlutterVSCode/projects/SHE Inspection System/backend/she-api/vendor/laravel/framework/src/Illuminate/Foundation/Http/Middleware/TrimStrings.php(51): Illuminate/Foundation/Http/Middleware/TransformsRequest->handle(Object(Illuminate/Http/Request), Object(Closure))
#34 D:/2.ANDROID/3.FlutterVSCode/projects/SHE Inspection System/backend/she-api/vendor/laravel/framework/src/Illuminate/Pipeline/Pipeline.php(209): Illuminate/Foundation/Http/Middleware/TrimStrings->handle(Object(Illuminate/Http/Request), Object(Closure))
#35 D:/2.ANDROID/3.FlutterVSCode/projects/SHE Inspection System/backend/she-api/vendor/laravel/framework/src/Illuminate/Http/Middleware/ValidatePostSize.php(27): Illuminate/Pipeline/Pipeline->Illuminate/Pipeline/{closure}(Object(Illuminate/Http/Request))
#36 D:/2.ANDROID/3.FlutterVSCode/projects/SHE Inspection System/backend/she-api/vendor/laravel/framework/src/Illuminate/Pipeline/Pipeline.php(209): Illuminate/Http/Middleware/ValidatePostSize->handle(Object(Illuminate/Http/Request), Object(Closure))
#37 D:/2.ANDROID/3.FlutterVSCode/projects/SHE Inspection System/backend/she-api/vendor/laravel/framework/src/Illuminate/Foundation/Http/Middleware/PreventRequestsDuringMaintenance.php(110): Illuminate/Pipeline/Pipeline->Illuminate/Pipeline/{closure}(Object(Illuminate/Http/Request))
#38 D:/2.ANDROID/3.FlutterVSCode/projects/SHE Inspection System/backend/she-api/vendor/laravel/framework/src/Illuminate/Pipeline/Pipeline.php(209): Illuminate/Foundation/Http/Middleware/PreventRequestsDuringMaintenance->handle(Object(Illuminate/Http/Request), Object(Closure))
#39 D:/2.ANDROID/3.FlutterVSCode/projects/SHE Inspection System/backend/she-api/vendor/laravel/framework/src/Illuminate/Http/Middleware/HandleCors.php(62): Illuminate/Pipeline/Pipeline->Illuminate/Pipeline/{closure}(Object(Illuminate/Http/Request))
#40 D:/2.ANDROID/3.FlutterVSCode/projects/SHE Inspection System/backend/she-api/vendor/laravel/framework/src/Illuminate/Pipeline/Pipeline.php(209): Illuminate/Http/Middleware/HandleCors->handle(Object(Illuminate/Http/Request), Object(Closure))
#41 D:/2.ANDROID/3.FlutterVSCode/projects/SHE Inspection System/backend/she-api/vendor/laravel/framework/src/Illuminate/Http/Middleware/TrustProxies.php(58): Illuminate/Pipeline/Pipeline->Illuminate/Pipeline/{closure}(Object(Illuminate/Http/Request))
#42 D:/2.ANDROID/3.FlutterVSCode/projects/SHE Inspection System/backend/she-api/vendor/laravel/framework/src/Illuminate/Pipeline/Pipeline.php(209): Illuminate/Http/Middleware/TrustProxies->handle(Object(Illuminate/Http/Request), Object(Closure))
#43 D:/2.ANDROID/3.FlutterVSCode/projects/SHE Inspection System/backend/she-api/vendor/laravel/framework/src/Illuminate/Foundation/Http/Middleware/InvokeDeferredCallbacks.php(22): Illuminate/Pipeline/Pipeline->Illuminate/Pipeline/{closure}(Object(Illuminate/Http/Request))
#44 D:/2.ANDROID/3.FlutterVSCode/projects/SHE Inspection System/backend/she-api/vendor/laravel/framework/src/Illuminate/Pipeline/Pipeline.php(209): Illuminate/Foundation/Http/Middleware/InvokeDeferredCallbacks->handle(Object(Illuminate/Http/Request), Object(Closure))
#45 D:/2.ANDROID/3.FlutterVSCode/projects/SHE Inspection System/backend/she-api/vendor/laravel/framework/src/Illuminate/Pipeline/Pipeline.php(127): Illuminate/Pipeline/Pipeline->Illuminate/Pipeline/{closure}(Object(Illuminate/Http/Request))
#46 D:/2.ANDROID/3.FlutterVSCode/projects/SHE Inspection System/backend/she-api/vendor/laravel/framework/src/Illuminate/Foundation/Http/Kernel.php(176): Illuminate/Pipeline/Pipeline->then(Object(Closure))
#47 D:/2.ANDROID/3.FlutterVSCode/projects/SHE Inspection System/backend/she-api/vendor/laravel/framework/src/Illuminate/Foundation/Http/Kernel.php(145): Illuminate/Foundation/Http/Kernel->sendRequestThroughRouter(Object(Illuminate/Http/Request))
#48 D:/2.ANDROID/3.FlutterVSCode/projects/SHE Inspection System/backend/she-api/vendor/laravel/framework/src/Illuminate/Foundation/Application.php(1220): Illuminate/Foundation/Http/Kernel->handle(Object(Illuminate/Http/Request))
#49 D:/2.ANDROID/3.FlutterVSCode/projects/SHE Inspection System/backend/she-api/public/index.php(20): Illuminate/Foundation/Application->handleRequest(Object(Illuminate/Http/Request))
#50 D:/2.ANDROID/3.FlutterVSCode/projects/SHE Inspection System/backend/she-api/vendor/laravel/framework/src/Illuminate/Foundation/resources/server.php(23): require_once('D://2.ANDROID//3....')
#51 {main}
"} 
[2026-07-01 11:09:07] local.ERROR: Class "App\Models\Branch" not found {"exception":"[object] (Error(code: 0): Class \"App\\Models\\Branch\" not found at D:/2.ANDROID/3.FlutterVSCode/projects/SHE Inspection System/backend/she-api/vendor/laravel/framework/src/Illuminate/Database/Eloquent/Concerns/HasRelationships.php:859)
[stacktrace]
#0 D:/2.ANDROID/3.FlutterVSCode/projects/SHE Inspection System/backend/she-api/vendor/laravel/framework/src/Illuminate/Database/Eloquent/Concerns/HasRelationships.php(244): Illuminate/Database/Eloquent/Model->newRelatedInstance('App//Models//Bran...')
#1 D:/2.ANDROID/3.FlutterVSCode/projects/SHE Inspection System/backend/she-api/app/Models/User.php(48): Illuminate/Database/Eloquent/Model->belongsTo('App//Models//Bran...')
#2 D:/2.ANDROID/3.FlutterVSCode/projects/SHE Inspection System/backend/she-api/vendor/laravel/framework/src/Illuminate/Database/Eloquent/Builder.php(876): App/Models/User->branch()
#3 D:/2.ANDROID/3.FlutterVSCode/projects/SHE Inspection System/backend/she-api/vendor/laravel/framework/src/Illuminate/Database/Eloquent/Relations/Relation.php(120): Illuminate/Database/Eloquent/Builder->Illuminate/Database/Eloquent/{closure}()
#4 D:/2.ANDROID/3.FlutterVSCode/projects/SHE Inspection System/backend/she-api/vendor/laravel/framework/src/Illuminate/Database/Eloquent/Builder.php(874): Illuminate/Database/Eloquent/Relations/Relation::noConstraints(Object(Closure))
#5 D:/2.ANDROID/3.FlutterVSCode/projects/SHE Inspection System/backend/she-api/vendor/laravel/framework/src/Illuminate/Database/Eloquent/Builder.php(848): Illuminate/Database/Eloquent/Builder->getRelation('branch')
#6 D:/2.ANDROID/3.FlutterVSCode/projects/SHE Inspection System/backend/she-api/vendor/laravel/framework/src/Illuminate/Database/Eloquent/Builder.php(828): Illuminate/Database/Eloquent/Builder->eagerLoadRelation(Array, 'branch', Object(Closure))
#7 D:/2.ANDROID/3.FlutterVSCode/projects/SHE Inspection System/backend/she-api/vendor/laravel/framework/src/Illuminate/Database/Eloquent/Model.php(724): Illuminate/Database/Eloquent/Builder->eagerLoadRelations(Array)
#8 D:/2.ANDROID/3.FlutterVSCode/projects/SHE Inspection System/backend/she-api/app/Http/Controllers/Api/AuthController.php(38): Illuminate/Database/Eloquent/Model->load(Array)
#9 D:/2.ANDROID/3.FlutterVSCode/projects/SHE Inspection System/backend/she-api/vendor/laravel/framework/src/Illuminate/Routing/ControllerDispatcher.php(47): App/Http/Controllers/Api/AuthController->login(Object(Illuminate/Http/Request))
#10 D:/2.ANDROID/3.FlutterVSCode/projects/SHE Inspection System/backend/she-api/vendor/laravel/framework/src/Illuminate/Routing/Route.php(266): Illuminate/Routing/ControllerDispatcher->dispatch(Object(Illuminate/Routing/Route), Object(App/Http/Controllers/Api/AuthController), 'login')
#11 D:/2.ANDROID/3.FlutterVSCode/projects/SHE Inspection System/backend/she-api/vendor/laravel/framework/src/Illuminate/Routing/Route.php(212): Illuminate/Routing/Route->runController()
#12 D:/2.ANDROID/3.FlutterVSCode/projects/SHE Inspection System/backend/she-api/vendor/laravel/framework/src/Illuminate/Routing/Router.php(808): Illuminate/Routing/Route->run()
#13 D:/2.ANDROID/3.FlutterVSCode/projects/SHE Inspection System/backend/she-api/vendor/laravel/framework/src/Illuminate/Pipeline/Pipeline.php(170): Illuminate/Routing/Router->Illuminate/Routing/{closure}(Object(Illuminate/Http/Request))
#14 D:/2.ANDROID/3.FlutterVSCode/projects/SHE Inspection System/backend/she-api/vendor/laravel/framework/src/Illuminate/Routing/Middleware/SubstituteBindings.php(51): Illuminate/Pipeline/Pipeline->Illuminate/Pipeline/{closure}(Object(Illuminate/Http/Request))
#15 D:/2.ANDROID/3.FlutterVSCode/projects/SHE Inspection System/backend/she-api/vendor/laravel/framework/src/Illuminate/Pipeline/Pipeline.php(209): Illuminate/Routing/Middleware/SubstituteBindings->handle(Object(Illuminate/Http/Request), Object(Closure))
#16 D:/2.ANDROID/3.FlutterVSCode/projects/SHE Inspection System/backend/she-api/vendor/laravel/framework/src/Illuminate/Pipeline/Pipeline.php(127): Illuminate/Pipeline/Pipeline->Illuminate/Pipeline/{closure}(Object(Illuminate/Http/Request))
#17 D:/2.ANDROID/3.FlutterVSCode/projects/SHE Inspection System/backend/she-api/vendor/laravel/framework/src/Illuminate/Routing/Router.php(807): Illuminate/Pipeline/Pipeline->then(Object(Closure))
#18 D:/2.ANDROID/3.FlutterVSCode/projects/SHE Inspection System/backend/she-api/vendor/laravel/framework/src/Illuminate/Routing/Router.php(786): Illuminate/Routing/Router->runRouteWithinStack(Object(Illuminate/Routing/Route), Object(Illuminate/Http/Request))
#19 D:/2.ANDROID/3.FlutterVSCode/projects/SHE Inspection System/backend/she-api/vendor/laravel/framework/src/Illuminate/Routing/Router.php(750): Illuminate/Routing/Router->runRoute(Object(Illuminate/Http/Request), Object(Illuminate/Routing/Route))
#20 D:/2.ANDROID/3.FlutterVSCode/projects/SHE Inspection System/backend/she-api/vendor/laravel/framework/src/Illuminate/Routing/Router.php(739): Illuminate/Routing/Router->dispatchToRoute(Object(Illuminate/Http/Request))
#21 D:/2.ANDROID/3.FlutterVSCode/projects/SHE Inspection System/backend/she-api/vendor/laravel/framework/src/Illuminate/Foundation/Http/Kernel.php(201): Illuminate/Routing/Router->dispatch(Object(Illuminate/Http/Request))
#22 D:/2.ANDROID/3.FlutterVSCode/projects/SHE Inspection System/backend/she-api/vendor/laravel/framework/src/Illuminate/Pipeline/Pipeline.php(170): Illuminate/Foundation/Http/Kernel->Illuminate/Foundation/Http/{closure}(Object(Illuminate/Http/Request))
#23 D:/2.ANDROID/3.FlutterVSCode/projects/SHE Inspection System/backend/she-api/vendor/laravel/framework/src/Illuminate/Foundation/Http/Middleware/TransformsRequest.php(21): Illuminate/Pipeline/Pipeline->Illuminate/Pipeline/{closure}(Object(Illuminate/Http/Request))
#24 D:/2.ANDROID/3.FlutterVSCode/projects/SHE Inspection System/backend/she-api/vendor/laravel/framework/src/Illuminate/Foundation/Http/Middleware/ConvertEmptyStringsToNull.php(31): Illuminate/Foundation/Http/Middleware/TransformsRequest->handle(Object(Illuminate/Http/Request), Object(Closure))
#25 D:/2.ANDROID/3.FlutterVSCode/projects/SHE Inspection System/backend/she-api/vendor/laravel/framework/src/Illuminate/Pipeline/Pipeline.php(209): Illuminate/Foundation/Http/Middleware/ConvertEmptyStringsToNull->handle(Object(Illuminate/Http/Request), Object(Closure))
#26 D:/2.ANDROID/3.FlutterVSCode/projects/SHE Inspection System/backend/she-api/vendor/laravel/framework/src/Illuminate/Foundation/Http/Middleware/TransformsRequest.php(21): Illuminate/Pipeline/Pipeline->Illuminate/Pipeline/{closure}(Object(Illuminate/Http/Request))
#27 D:/2.ANDROID/3.FlutterVSCode/projects/SHE Inspection System/backend/she-api/vendor/laravel/framework/src/Illuminate/Foundation/Http/Middleware/TrimStrings.php(51): Illuminate/Foundation/Http/Middleware/TransformsRequest->handle(Object(Illuminate/Http/Request), Object(Closure))
#28 D:/2.ANDROID/3.FlutterVSCode/projects/SHE Inspection System/backend/she-api/vendor/laravel/framework/src/Illuminate/Pipeline/Pipeline.php(209): Illuminate/Foundation/Http/Middleware/TrimStrings->handle(Object(Illuminate/Http/Request), Object(Closure))
#29 D:/2.ANDROID/3.FlutterVSCode/projects/SHE Inspection System/backend/she-api/vendor/laravel/framework/src/Illuminate/Http/Middleware/ValidatePostSize.php(27): Illuminate/Pipeline/Pipeline->Illuminate/Pipeline/{closure}(Object(Illuminate/Http/Request))
#30 D:/2.ANDROID/3.FlutterVSCode/projects/SHE Inspection System/backend/she-api/vendor/laravel/framework/src/Illuminate/Pipeline/Pipeline.php(209): Illuminate/Http/Middleware/ValidatePostSize->handle(Object(Illuminate/Http/Request), Object(Closure))
#31 D:/2.ANDROID/3.FlutterVSCode/projects/SHE Inspection System/backend/she-api/vendor/laravel/framework/src/Illuminate/Foundation/Http/Middleware/PreventRequestsDuringMaintenance.php(110): Illuminate/Pipeline/Pipeline->Illuminate/Pipeline/{closure}(Object(Illuminate/Http/Request))
#32 D:/2.ANDROID/3.FlutterVSCode/projects/SHE Inspection System/backend/she-api/vendor/laravel/framework/src/Illuminate/Pipeline/Pipeline.php(209): Illuminate/Foundation/Http/Middleware/PreventRequestsDuringMaintenance->handle(Object(Illuminate/Http/Request), Object(Closure))
#33 D:/2.ANDROID/3.FlutterVSCode/projects/SHE Inspection System/backend/she-api/vendor/laravel/framework/src/Illuminate/Http/Middleware/HandleCors.php(62): Illuminate/Pipeline/Pipeline->Illuminate/Pipeline/{closure}(Object(Illuminate/Http/Request))
#34 D:/2.ANDROID/3.FlutterVSCode/projects/SHE Inspection System/backend/she-api/vendor/laravel/framework/src/Illuminate/Pipeline/Pipeline.php(209): Illuminate/Http/Middleware/HandleCors->handle(Object(Illuminate/Http/Request), Object(Closure))
#35 D:/2.ANDROID/3.FlutterVSCode/projects/SHE Inspection System/backend/she-api/vendor/laravel/framework/src/Illuminate/Http/Middleware/TrustProxies.php(58): Illuminate/Pipeline/Pipeline->Illuminate/Pipeline/{closure}(Object(Illuminate/Http/Request))
#36 D:/2.ANDROID/3.FlutterVSCode/projects/SHE Inspection System/backend/she-api/vendor/laravel/framework/src/Illuminate/Pipeline/Pipeline.php(209): Illuminate/Http/Middleware/TrustProxies->handle(Object(Illuminate/Http/Request), Object(Closure))
#37 D:/2.ANDROID/3.FlutterVSCode/projects/SHE Inspection System/backend/she-api/vendor/laravel/framework/src/Illuminate/Foundation/Http/Middleware/InvokeDeferredCallbacks.php(22): Illuminate/Pipeline/Pipeline->Illuminate/Pipeline/{closure}(Object(Illuminate/Http/Request))
#38 D:/2.ANDROID/3.FlutterVSCode/projects/SHE Inspection System/backend/she-api/vendor/laravel/framework/src/Illuminate/Pipeline/Pipeline.php(209): Illuminate/Foundation/Http/Middleware/InvokeDeferredCallbacks->handle(Object(Illuminate/Http/Request), Object(Closure))
#39 D:/2.ANDROID/3.FlutterVSCode/projects/SHE Inspection System/backend/she-api/vendor/laravel/framework/src/Illuminate/Pipeline/Pipeline.php(127): Illuminate/Pipeline/Pipeline->Illuminate/Pipeline/{closure}(Object(Illuminate/Http/Request))
#40 D:/2.ANDROID/3.FlutterVSCode/projects/SHE Inspection System/backend/she-api/vendor/laravel/framework/src/Illuminate/Foundation/Http/Kernel.php(176): Illuminate/Pipeline/Pipeline->then(Object(Closure))
#41 D:/2.ANDROID/3.FlutterVSCode/projects/SHE Inspection System/backend/she-api/vendor/laravel/framework/src/Illuminate/Foundation/Http/Kernel.php(145): Illuminate/Foundation/Http/Kernel->sendRequestThroughRouter(Object(Illuminate/Http/Request))
#42 D:/2.ANDROID/3.FlutterVSCode/projects/SHE Inspection System/backend/she-api/vendor/laravel/framework/src/Illuminate/Foundation/Application.php(1220): Illuminate/Foundation/Http/Kernel->handle(Object(Illuminate/Http/Request))
#43 D:/2.ANDROID/3.FlutterVSCode/projects/SHE Inspection System/backend/she-api/public/index.php(20): Illuminate/Foundation/Application->handleRequest(Object(Illuminate/Http/Request))
#44 D:/2.ANDROID/3.FlutterVSCode/projects/SHE Inspection System/backend/she-api/vendor/laravel/framework/src/Illuminate/Foundation/resources/server.php(23): require_once('D://2.ANDROID//3....')
#45 {main}
"} 
[2026-07-01 11:10:34] local.ERROR: Target class [App\Http\Controllers\Api\FireHydrantController] does not exist. {"userId":1,"exception":"[object] (Illuminate\\Contracts\\Container\\BindingResolutionException(code: 0): Target class [App\\Http\\Controllers\\Api\\FireHydrantController] does not exist. at D:/2.ANDROID/3.FlutterVSCode/projects/SHE Inspection System/backend/she-api/vendor/laravel/framework/src/Illuminate/Container/Container.php:961)
[stacktrace]
#0 D:/2.ANDROID/3.FlutterVSCode/projects/SHE Inspection System/backend/she-api/vendor/laravel/framework/src/Illuminate/Container/Container.php(832): Illuminate/Container/Container->build('App//Http//Contro...')
#1 D:/2.ANDROID/3.FlutterVSCode/projects/SHE Inspection System/backend/she-api/vendor/laravel/framework/src/Illuminate/Foundation/Application.php(1078): Illuminate/Container/Container->resolve('App//Http//Contro...', Array, true)
#2 D:/2.ANDROID/3.FlutterVSCode/projects/SHE Inspection System/backend/she-api/vendor/laravel/framework/src/Illuminate/Container/Container.php(763): Illuminate/Foundation/Application->resolve('App//Http//Contro...', Array)
#3 D:/2.ANDROID/3.FlutterVSCode/projects/SHE Inspection System/backend/she-api/vendor/laravel/framework/src/Illuminate/Foundation/Application.php(1058): Illuminate/Container/Container->make('App//Http//Contro...', Array)
#4 D:/2.ANDROID/3.FlutterVSCode/projects/SHE Inspection System/backend/she-api/vendor/laravel/framework/src/Illuminate/Routing/Route.php(285): Illuminate/Foundation/Application->make('App//Http//Contro...')
#5 D:/2.ANDROID/3.FlutterVSCode/projects/SHE Inspection System/backend/she-api/vendor/laravel/framework/src/Illuminate/Routing/Route.php(267): Illuminate/Routing/Route->getController()
#6 D:/2.ANDROID/3.FlutterVSCode/projects/SHE Inspection System/backend/she-api/vendor/laravel/framework/src/Illuminate/Routing/Route.php(212): Illuminate/Routing/Route->runController()
#7 D:/2.ANDROID/3.FlutterVSCode/projects/SHE Inspection System/backend/she-api/vendor/laravel/framework/src/Illuminate/Routing/Router.php(808): Illuminate/Routing/Route->run()
#8 D:/2.ANDROID/3.FlutterVSCode/projects/SHE Inspection System/backend/she-api/vendor/laravel/framework/src/Illuminate/Pipeline/Pipeline.php(170): Illuminate/Routing/Router->Illuminate/Routing/{closure}(Object(Illuminate/Http/Request))
#9 D:/2.ANDROID/3.FlutterVSCode/projects/SHE Inspection System/backend/she-api/vendor/laravel/framework/src/Illuminate/Routing/Middleware/SubstituteBindings.php(51): Illuminate/Pipeline/Pipeline->Illuminate/Pipeline/{closure}(Object(Illuminate/Http/Request))
#10 D:/2.ANDROID/3.FlutterVSCode/projects/SHE Inspection System/backend/she-api/vendor/laravel/framework/src/Illuminate/Pipeline/Pipeline.php(209): Illuminate/Routing/Middleware/SubstituteBindings->handle(Object(Illuminate/Http/Request), Object(Closure))
#11 D:/2.ANDROID/3.FlutterVSCode/projects/SHE Inspection System/backend/she-api/vendor/laravel/framework/src/Illuminate/Auth/Middleware/Authenticate.php(64): Illuminate/Pipeline/Pipeline->Illuminate/Pipeline/{closure}(Object(Illuminate/Http/Request))
#12 D:/2.ANDROID/3.FlutterVSCode/projects/SHE Inspection System/backend/she-api/vendor/laravel/framework/src/Illuminate/Pipeline/Pipeline.php(209): Illuminate/Auth/Middleware/Authenticate->handle(Object(Illuminate/Http/Request), Object(Closure), 'sanctum')
#13 D:/2.ANDROID/3.FlutterVSCode/projects/SHE Inspection System/backend/she-api/vendor/laravel/framework/src/Illuminate/Pipeline/Pipeline.php(127): Illuminate/Pipeline/Pipeline->Illuminate/Pipeline/{closure}(Object(Illuminate/Http/Request))
#14 D:/2.ANDROID/3.FlutterVSCode/projects/SHE Inspection System/backend/she-api/vendor/laravel/framework/src/Illuminate/Routing/Router.php(807): Illuminate/Pipeline/Pipeline->then(Object(Closure))
#15 D:/2.ANDROID/3.FlutterVSCode/projects/SHE Inspection System/backend/she-api/vendor/laravel/framework/src/Illuminate/Routing/Router.php(786): Illuminate/Routing/Router->runRouteWithinStack(Object(Illuminate/Routing/Route), Object(Illuminate/Http/Request))
#16 D:/2.ANDROID/3.FlutterVSCode/projects/SHE Inspection System/backend/she-api/vendor/laravel/framework/src/Illuminate/Routing/Router.php(750): Illuminate/Routing/Router->runRoute(Object(Illuminate/Http/Request), Object(Illuminate/Routing/Route))
#17 D:/2.ANDROID/3.FlutterVSCode/projects/SHE Inspection System/backend/she-api/vendor/laravel/framework/src/Illuminate/Routing/Router.php(739): Illuminate/Routing/Router->dispatchToRoute(Object(Illuminate/Http/Request))
#18 D:/2.ANDROID/3.FlutterVSCode/projects/SHE Inspection System/backend/she-api/vendor/laravel/framework/src/Illuminate/Foundation/Http/Kernel.php(201): Illuminate/Routing/Router->dispatch(Object(Illuminate/Http/Request))
#19 D:/2.ANDROID/3.FlutterVSCode/projects/SHE Inspection System/backend/she-api/vendor/laravel/framework/src/Illuminate/Pipeline/Pipeline.php(170): Illuminate/Foundation/Http/Kernel->Illuminate/Foundation/Http/{closure}(Object(Illuminate/Http/Request))
#20 D:/2.ANDROID/3.FlutterVSCode/projects/SHE Inspection System/backend/she-api/vendor/laravel/framework/src/Illuminate/Foundation/Http/Middleware/TransformsRequest.php(21): Illuminate/Pipeline/Pipeline->Illuminate/Pipeline/{closure}(Object(Illuminate/Http/Request))
#21 D:/2.ANDROID/3.FlutterVSCode/projects/SHE Inspection System/backend/she-api/vendor/laravel/framework/src/Illuminate/Foundation/Http/Middleware/ConvertEmptyStringsToNull.php(31): Illuminate/Foundation/Http/Middleware/TransformsRequest->handle(Object(Illuminate/Http/Request), Object(Closure))
#22 D:/2.ANDROID/3.FlutterVSCode/projects/SHE Inspection System/backend/she-api/vendor/laravel/framework/src/Illuminate/Pipeline/Pipeline.php(209): Illuminate/Foundation/Http/Middleware/ConvertEmptyStringsToNull->handle(Object(Illuminate/Http/Request), Object(Closure))
#23 D:/2.ANDROID/3.FlutterVSCode/projects/SHE Inspection System/backend/she-api/vendor/laravel/framework/src/Illuminate/Foundation/Http/Middleware/TransformsRequest.php(21): Illuminate/Pipeline/Pipeline->Illuminate/Pipeline/{closure}(Object(Illuminate/Http/Request))
#24 D:/2.ANDROID/3.FlutterVSCode/projects/SHE Inspection System/backend/she-api/vendor/laravel/framework/src/Illuminate/Foundation/Http/Middleware/TrimStrings.php(51): Illuminate/Foundation/Http/Middleware/TransformsRequest->handle(Object(Illuminate/Http/Request), Object(Closure))
#25 D:/2.ANDROID/3.FlutterVSCode/projects/SHE Inspection System/backend/she-api/vendor/laravel/framework/src/Illuminate/Pipeline/Pipeline.php(209): Illuminate/Foundation/Http/Middleware/TrimStrings->handle(Object(Illuminate/Http/Request), Object(Closure))
#26 D:/2.ANDROID/3.FlutterVSCode/projects/SHE Inspection System/backend/she-api/vendor/laravel/framework/src/Illuminate/Http/Middleware/ValidatePostSize.php(27): Illuminate/Pipeline/Pipeline->Illuminate/Pipeline/{closure}(Object(Illuminate/Http/Request))
#27 D:/2.ANDROID/3.FlutterVSCode/projects/SHE Inspection System/backend/she-api/vendor/laravel/framework/src/Illuminate/Pipeline/Pipeline.php(209): Illuminate/Http/Middleware/ValidatePostSize->handle(Object(Illuminate/Http/Request), Object(Closure))
#28 D:/2.ANDROID/3.FlutterVSCode/projects/SHE Inspection System/backend/she-api/vendor/laravel/framework/src/Illuminate/Foundation/Http/Middleware/PreventRequestsDuringMaintenance.php(110): Illuminate/Pipeline/Pipeline->Illuminate/Pipeline/{closure}(Object(Illuminate/Http/Request))
#29 D:/2.ANDROID/3.FlutterVSCode/projects/SHE Inspection System/backend/she-api/vendor/laravel/framework/src/Illuminate/Pipeline/Pipeline.php(209): Illuminate/Foundation/Http/Middleware/PreventRequestsDuringMaintenance->handle(Object(Illuminate/Http/Request), Object(Closure))
#30 D:/2.ANDROID/3.FlutterVSCode/projects/SHE Inspection System/backend/she-api/vendor/laravel/framework/src/Illuminate/Http/Middleware/HandleCors.php(62): Illuminate/Pipeline/Pipeline->Illuminate/Pipeline/{closure}(Object(Illuminate/Http/Request))
#31 D:/2.ANDROID/3.FlutterVSCode/projects/SHE Inspection System/backend/she-api/vendor/laravel/framework/src/Illuminate/Pipeline/Pipeline.php(209): Illuminate/Http/Middleware/HandleCors->handle(Object(Illuminate/Http/Request), Object(Closure))
#32 D:/2.ANDROID/3.FlutterVSCode/projects/SHE Inspection System/backend/she-api/vendor/laravel/framework/src/Illuminate/Http/Middleware/TrustProxies.php(58): Illuminate/Pipeline/Pipeline->Illuminate/Pipeline/{closure}(Object(Illuminate/Http/Request))
#33 D:/2.ANDROID/3.FlutterVSCode/projects/SHE Inspection System/backend/she-api/vendor/laravel/framework/src/Illuminate/Pipeline/Pipeline.php(209): Illuminate/Http/Middleware/TrustProxies->handle(Object(Illuminate/Http/Request), Object(Closure))
#34 D:/2.ANDROID/3.FlutterVSCode/projects/SHE Inspection System/backend/she-api/vendor/laravel/framework/src/Illuminate/Foundation/Http/Middleware/InvokeDeferredCallbacks.php(22): Illuminate/Pipeline/Pipeline->Illuminate/Pipeline/{closure}(Object(Illuminate/Http/Request))
#35 D:/2.ANDROID/3.FlutterVSCode/projects/SHE Inspection System/backend/she-api/vendor/laravel/framework/src/Illuminate/Pipeline/Pipeline.php(209): Illuminate/Foundation/Http/Middleware/InvokeDeferredCallbacks->handle(Object(Illuminate/Http/Request), Object(Closure))
#36 D:/2.ANDROID/3.FlutterVSCode/projects/SHE Inspection System/backend/she-api/vendor/laravel/framework/src/Illuminate/Pipeline/Pipeline.php(127): Illuminate/Pipeline/Pipeline->Illuminate/Pipeline/{closure}(Object(Illuminate/Http/Request))
#37 D:/2.ANDROID/3.FlutterVSCode/projects/SHE Inspection System/backend/she-api/vendor/laravel/framework/src/Illuminate/Foundation/Http/Kernel.php(176): Illuminate/Pipeline/Pipeline->then(Object(Closure))
#38 D:/2.ANDROID/3.FlutterVSCode/projects/SHE Inspection System/backend/she-api/vendor/laravel/framework/src/Illuminate/Foundation/Http/Kernel.php(145): Illuminate/Foundation/Http/Kernel->sendRequestThroughRouter(Object(Illuminate/Http/Request))
#39 D:/2.ANDROID/3.FlutterVSCode/projects/SHE Inspection System/backend/she-api/vendor/laravel/framework/src/Illuminate/Foundation/Application.php(1220): Illuminate/Foundation/Http/Kernel->handle(Object(Illuminate/Http/Request))
#40 D:/2.ANDROID/3.FlutterVSCode/projects/SHE Inspection System/backend/she-api/public/index.php(20): Illuminate/Foundation/Application->handleRequest(Object(Illuminate/Http/Request))
#41 D:/2.ANDROID/3.FlutterVSCode/projects/SHE Inspection System/backend/she-api/vendor/laravel/framework/src/Illuminate/Foundation/resources/server.php(23): require_once('D://2.ANDROID//3....')
#42 {main}

[previous exception] [object] (ReflectionException(code: -1): Class \"App\\Http\\Controllers\\Api\\FireHydrantController\" does not exist at D:/2.ANDROID/3.FlutterVSCode/projects/SHE Inspection System/backend/she-api/vendor/laravel/framework/src/Illuminate/Container/Container.php:959)
[stacktrace]
#0 D:/2.ANDROID/3.FlutterVSCode/projects/SHE Inspection System/backend/she-api/vendor/laravel/framework/src/Illuminate/Container/Container.php(959): ReflectionClass->__construct('App//Http//Contro...')
#1 D:/2.ANDROID/3.FlutterVSCode/projects/SHE Inspection System/backend/she-api/vendor/laravel/framework/src/Illuminate/Container/Container.php(832): Illuminate/Container/Container->build('App//Http//Contro...')
#2 D:/2.ANDROID/3.FlutterVSCode/projects/SHE Inspection System/backend/she-api/vendor/laravel/framework/src/Illuminate/Foundation/Application.php(1078): Illuminate/Container/Container->resolve('App//Http//Contro...', Array, true)
#3 D:/2.ANDROID/3.FlutterVSCode/projects/SHE Inspection System/backend/she-api/vendor/laravel/framework/src/Illuminate/Container/Container.php(763): Illuminate/Foundation/Application->resolve('App//Http//Contro...', Array)
#4 D:/2.ANDROID/3.FlutterVSCode/projects/SHE Inspection System/backend/she-api/vendor/laravel/framework/src/Illuminate/Foundation/Application.php(1058): Illuminate/Container/Container->make('App//Http//Contro...', Array)
#5 D:/2.ANDROID/3.FlutterVSCode/projects/SHE Inspection System/backend/she-api/vendor/laravel/framework/src/Illuminate/Routing/Route.php(285): Illuminate/Foundation/Application->make('App//Http//Contro...')
#6 D:/2.ANDROID/3.FlutterVSCode/projects/SHE Inspection System/backend/she-api/vendor/laravel/framework/src/Illuminate/Routing/Route.php(267): Illuminate/Routing/Route->getController()
#7 D:/2.ANDROID/3.FlutterVSCode/projects/SHE Inspection System/backend/she-api/vendor/laravel/framework/src/Illuminate/Routing/Route.php(212): Illuminate/Routing/Route->runController()
#8 D:/2.ANDROID/3.FlutterVSCode/projects/SHE Inspection System/backend/she-api/vendor/laravel/framework/src/Illuminate/Routing/Router.php(808): Illuminate/Routing/Route->run()
#9 D:/2.ANDROID/3.FlutterVSCode/projects/SHE Inspection System/backend/she-api/vendor/laravel/framework/src/Illuminate/Pipeline/Pipeline.php(170): Illuminate/Routing/Router->Illuminate/Routing/{closure}(Object(Illuminate/Http/Request))
#10 D:/2.ANDROID/3.FlutterVSCode/projects/SHE Inspection System/backend/she-api/vendor/laravel/framework/src/Illuminate/Routing/Middleware/SubstituteBindings.php(51): Illuminate/Pipeline/Pipeline->Illuminate/Pipeline/{closure}(Object(Illuminate/Http/Request))
#11 D:/2.ANDROID/3.FlutterVSCode/projects/SHE Inspection System/backend/she-api/vendor/laravel/framework/src/Illuminate/Pipeline/Pipeline.php(209): Illuminate/Routing/Middleware/SubstituteBindings->handle(Object(Illuminate/Http/Request), Object(Closure))
#12 D:/2.ANDROID/3.FlutterVSCode/projects/SHE Inspection System/backend/she-api/vendor/laravel/framework/src/Illuminate/Auth/Middleware/Authenticate.php(64): Illuminate/Pipeline/Pipeline->Illuminate/Pipeline/{closure}(Object(Illuminate/Http/Request))
#13 D:/2.ANDROID/3.FlutterVSCode/projects/SHE Inspection System/backend/she-api/vendor/laravel/framework/src/Illuminate/Pipeline/Pipeline.php(209): Illuminate/Auth/Middleware/Authenticate->handle(Object(Illuminate/Http/Request), Object(Closure), 'sanctum')
#14 D:/2.ANDROID/3.FlutterVSCode/projects/SHE Inspection System/backend/she-api/vendor/laravel/framework/src/Illuminate/Pipeline/Pipeline.php(127): Illuminate/Pipeline/Pipeline->Illuminate/Pipeline/{closure}(Object(Illuminate/Http/Request))
#15 D:/2.ANDROID/3.FlutterVSCode/projects/SHE Inspection System/backend/she-api/vendor/laravel/framework/src/Illuminate/Routing/Router.php(807): Illuminate/Pipeline/Pipeline->then(Object(Closure))
#16 D:/2.ANDROID/3.FlutterVSCode/projects/SHE Inspection System/backend/she-api/vendor/laravel/framework/src/Illuminate/Routing/Router.php(786): Illuminate/Routing/Router->runRouteWithinStack(Object(Illuminate/Routing/Route), Object(Illuminate/Http/Request))
#17 D:/2.ANDROID/3.FlutterVSCode/projects/SHE Inspection System/backend/she-api/vendor/laravel/framework/src/Illuminate/Routing/Router.php(750): Illuminate/Routing/Router->runRoute(Object(Illuminate/Http/Request), Object(Illuminate/Routing/Route))
#18 D:/2.ANDROID/3.FlutterVSCode/projects/SHE Inspection System/backend/she-api/vendor/laravel/framework/src/Illuminate/Routing/Router.php(739): Illuminate/Routing/Router->dispatchToRoute(Object(Illuminate/Http/Request))
#19 D:/2.ANDROID/3.FlutterVSCode/projects/SHE Inspection System/backend/she-api/vendor/laravel/framework/src/Illuminate/Foundation/Http/Kernel.php(201): Illuminate/Routing/Router->dispatch(Object(Illuminate/Http/Request))
#20 D:/2.ANDROID/3.FlutterVSCode/projects/SHE Inspection System/backend/she-api/vendor/laravel/framework/src/Illuminate/Pipeline/Pipeline.php(170): Illuminate/Foundation/Http/Kernel->Illuminate/Foundation/Http/{closure}(Object(Illuminate/Http/Request))
#21 D:/2.ANDROID/3.FlutterVSCode/projects/SHE Inspection System/backend/she-api/vendor/laravel/framework/src/Illuminate/Foundation/Http/Middleware/TransformsRequest.php(21): Illuminate/Pipeline/Pipeline->Illuminate/Pipeline/{closure}(Object(Illuminate/Http/Request))
#22 D:/2.ANDROID/3.FlutterVSCode/projects/SHE Inspection System/backend/she-api/vendor/laravel/framework/src/Illuminate/Foundation/Http/Middleware/ConvertEmptyStringsToNull.php(31): Illuminate/Foundation/Http/Middleware/TransformsRequest->handle(Object(Illuminate/Http/Request), Object(Closure))
#23 D:/2.ANDROID/3.FlutterVSCode/projects/SHE Inspection System/backend/she-api/vendor/laravel/framework/src/Illuminate/Pipeline/Pipeline.php(209): Illuminate/Foundation/Http/Middleware/ConvertEmptyStringsToNull->handle(Object(Illuminate/Http/Request), Object(Closure))
#24 D:/2.ANDROID/3.FlutterVSCode/projects/SHE Inspection System/backend/she-api/vendor/laravel/framework/src/Illuminate/Foundation/Http/Middleware/TransformsRequest.php(21): Illuminate/Pipeline/Pipeline->Illuminate/Pipeline/{closure}(Object(Illuminate/Http/Request))
#25 D:/2.ANDROID/3.FlutterVSCode/projects/SHE Inspection System/backend/she-api/vendor/laravel/framework/src/Illuminate/Foundation/Http/Middleware/TrimStrings.php(51): Illuminate/Foundation/Http/Middleware/TransformsRequest->handle(Object(Illuminate/Http/Request), Object(Closure))
#26 D:/2.ANDROID/3.FlutterVSCode/projects/SHE Inspection System/backend/she-api/vendor/laravel/framework/src/Illuminate/Pipeline/Pipeline.php(209): Illuminate/Foundation/Http/Middleware/TrimStrings->handle(Object(Illuminate/Http/Request), Object(Closure))
#27 D:/2.ANDROID/3.FlutterVSCode/projects/SHE Inspection System/backend/she-api/vendor/laravel/framework/src/Illuminate/Http/Middleware/ValidatePostSize.php(27): Illuminate/Pipeline/Pipeline->Illuminate/Pipeline/{closure}(Object(Illuminate/Http/Request))
#28 D:/2.ANDROID/3.FlutterVSCode/projects/SHE Inspection System/backend/she-api/vendor/laravel/framework/src/Illuminate/Pipeline/Pipeline.php(209): Illuminate/Http/Middleware/ValidatePostSize->handle(Object(Illuminate/Http/Request), Object(Closure))
#29 D:/2.ANDROID/3.FlutterVSCode/projects/SHE Inspection System/backend/she-api/vendor/laravel/framework/src/Illuminate/Foundation/Http/Middleware/PreventRequestsDuringMaintenance.php(110): Illuminate/Pipeline/Pipeline->Illuminate/Pipeline/{closure}(Object(Illuminate/Http/Request))
#30 D:/2.ANDROID/3.FlutterVSCode/projects/SHE Inspection System/backend/she-api/vendor/laravel/framework/src/Illuminate/Pipeline/Pipeline.php(209): Illuminate/Foundation/Http/Middleware/PreventRequestsDuringMaintenance->handle(Object(Illuminate/Http/Request), Object(Closure))
#31 D:/2.ANDROID/3.FlutterVSCode/projects/SHE Inspection System/backend/she-api/vendor/laravel/framework/src/Illuminate/Http/Middleware/HandleCors.php(62): Illuminate/Pipeline/Pipeline->Illuminate/Pipeline/{closure}(Object(Illuminate/Http/Request))
#32 D:/2.ANDROID/3.FlutterVSCode/projects/SHE Inspection System/backend/she-api/vendor/laravel/framework/src/Illuminate/Pipeline/Pipeline.php(209): Illuminate/Http/Middleware/HandleCors->handle(Object(Illuminate/Http/Request), Object(Closure))
#33 D:/2.ANDROID/3.FlutterVSCode/projects/SHE Inspection System/backend/she-api/vendor/laravel/framework/src/Illuminate/Http/Middleware/TrustProxies.php(58): Illuminate/Pipeline/Pipeline->Illuminate/Pipeline/{closure}(Object(Illuminate/Http/Request))
#34 D:/2.ANDROID/3.FlutterVSCode/projects/SHE Inspection System/backend/she-api/vendor/laravel/framework/src/Illuminate/Pipeline/Pipeline.php(209): Illuminate/Http/Middleware/TrustProxies->handle(Object(Illuminate/Http/Request), Object(Closure))
#35 D:/2.ANDROID/3.FlutterVSCode/projects/SHE Inspection System/backend/she-api/vendor/laravel/framework/src/Illuminate/Foundation/Http/Middleware/InvokeDeferredCallbacks.php(22): Illuminate/Pipeline/Pipeline->Illuminate/Pipeline/{closure}(Object(Illuminate/Http/Request))
#36 D:/2.ANDROID/3.FlutterVSCode/projects/SHE Inspection System/backend/she-api/vendor/laravel/framework/src/Illuminate/Pipeline/Pipeline.php(209): Illuminate/Foundation/Http/Middleware/InvokeDeferredCallbacks->handle(Object(Illuminate/Http/Request), Object(Closure))
#37 D:/2.ANDROID/3.FlutterVSCode/projects/SHE Inspection System/backend/she-api/vendor/laravel/framework/src/Illuminate/Pipeline/Pipeline.php(127): Illuminate/Pipeline/Pipeline->Illuminate/Pipeline/{closure}(Object(Illuminate/Http/Request))
#38 D:/2.ANDROID/3.FlutterVSCode/projects/SHE Inspection System/backend/she-api/vendor/laravel/framework/src/Illuminate/Foundation/Http/Kernel.php(176): Illuminate/Pipeline/Pipeline->then(Object(Closure))
#39 D:/2.ANDROID/3.FlutterVSCode/projects/SHE Inspection System/backend/she-api/vendor/laravel/framework/src/Illuminate/Foundation/Http/Kernel.php(145): Illuminate/Foundation/Http/Kernel->sendRequestThroughRouter(Object(Illuminate/Http/Request))
#40 D:/2.ANDROID/3.FlutterVSCode/projects/SHE Inspection System/backend/she-api/vendor/laravel/framework/src/Illuminate/Foundation/Application.php(1220): Illuminate/Foundation/Http/Kernel->handle(Object(Illuminate/Http/Request))
#41 D:/2.ANDROID/3.FlutterVSCode/projects/SHE Inspection System/backend/she-api/public/index.php(20): Illuminate/Foundation/Application->handleRequest(Object(Illuminate/Http/Request))
#42 D:/2.ANDROID/3.FlutterVSCode/projects/SHE Inspection System/backend/she-api/vendor/laravel/framework/src/Illuminate/Foundation/resources/server.php(23): require_once('D://2.ANDROID//3....')
#43 {main}
"} 
[2026-07-01 11:10:35] local.ERROR: Target class [App\Http\Controllers\Api\FireExtinguisherController] does not exist. {"userId":1,"exception":"[object] (Illuminate\\Contracts\\Container\\BindingResolutionException(code: 0): Target class [App\\Http\\Controllers\\Api\\FireExtinguisherController] does not exist. at D:/2.ANDROID/3.FlutterVSCode/projects/SHE Inspection System/backend/she-api/vendor/laravel/framework/src/Illuminate/Container/Container.php:961)
[stacktrace]
#0 D:/2.ANDROID/3.FlutterVSCode/projects/SHE Inspection System/backend/she-api/vendor/laravel/framework/src/Illuminate/Container/Container.php(832): Illuminate/Container/Container->build('App//Http//Contro...')
#1 D:/2.ANDROID/3.FlutterVSCode/projects/SHE Inspection System/backend/she-api/vendor/laravel/framework/src/Illuminate/Foundation/Application.php(1078): Illuminate/Container/Container->resolve('App//Http//Contro...', Array, true)
#2 D:/2.ANDROID/3.FlutterVSCode/projects/SHE Inspection System/backend/she-api/vendor/laravel/framework/src/Illuminate/Container/Container.php(763): Illuminate/Foundation/Application->resolve('App//Http//Contro...', Array)
#3 D:/2.ANDROID/3.FlutterVSCode/projects/SHE Inspection System/backend/she-api/vendor/laravel/framework/src/Illuminate/Foundation/Application.php(1058): Illuminate/Container/Container->make('App//Http//Contro...', Array)
#4 D:/2.ANDROID/3.FlutterVSCode/projects/SHE Inspection System/backend/she-api/vendor/laravel/framework/src/Illuminate/Routing/Route.php(285): Illuminate/Foundation/Application->make('App//Http//Contro...')
#5 D:/2.ANDROID/3.FlutterVSCode/projects/SHE Inspection System/backend/she-api/vendor/laravel/framework/src/Illuminate/Routing/Route.php(267): Illuminate/Routing/Route->getController()
#6 D:/2.ANDROID/3.FlutterVSCode/projects/SHE Inspection System/backend/she-api/vendor/laravel/framework/src/Illuminate/Routing/Route.php(212): Illuminate/Routing/Route->runController()
#7 D:/2.ANDROID/3.FlutterVSCode/projects/SHE Inspection System/backend/she-api/vendor/laravel/framework/src/Illuminate/Routing/Router.php(808): Illuminate/Routing/Route->run()
#8 D:/2.ANDROID/3.FlutterVSCode/projects/SHE Inspection System/backend/she-api/vendor/laravel/framework/src/Illuminate/Pipeline/Pipeline.php(170): Illuminate/Routing/Router->Illuminate/Routing/{closure}(Object(Illuminate/Http/Request))
#9 D:/2.ANDROID/3.FlutterVSCode/projects/SHE Inspection System/backend/she-api/vendor/laravel/framework/src/Illuminate/Routing/Middleware/SubstituteBindings.php(51): Illuminate/Pipeline/Pipeline->Illuminate/Pipeline/{closure}(Object(Illuminate/Http/Request))
#10 D:/2.ANDROID/3.FlutterVSCode/projects/SHE Inspection System/backend/she-api/vendor/laravel/framework/src/Illuminate/Pipeline/Pipeline.php(209): Illuminate/Routing/Middleware/SubstituteBindings->handle(Object(Illuminate/Http/Request), Object(Closure))
#11 D:/2.ANDROID/3.FlutterVSCode/projects/SHE Inspection System/backend/she-api/vendor/laravel/framework/src/Illuminate/Auth/Middleware/Authenticate.php(64): Illuminate/Pipeline/Pipeline->Illuminate/Pipeline/{closure}(Object(Illuminate/Http/Request))
#12 D:/2.ANDROID/3.FlutterVSCode/projects/SHE Inspection System/backend/she-api/vendor/laravel/framework/src/Illuminate/Pipeline/Pipeline.php(209): Illuminate/Auth/Middleware/Authenticate->handle(Object(Illuminate/Http/Request), Object(Closure), 'sanctum')
#13 D:/2.ANDROID/3.FlutterVSCode/projects/SHE Inspection System/backend/she-api/vendor/laravel/framework/src/Illuminate/Pipeline/Pipeline.php(127): Illuminate/Pipeline/Pipeline->Illuminate/Pipeline/{closure}(Object(Illuminate/Http/Request))
#14 D:/2.ANDROID/3.FlutterVSCode/projects/SHE Inspection System/backend/she-api/vendor/laravel/framework/src/Illuminate/Routing/Router.php(807): Illuminate/Pipeline/Pipeline->then(Object(Closure))
#15 D:/2.ANDROID/3.FlutterVSCode/projects/SHE Inspection System/backend/she-api/vendor/laravel/framework/src/Illuminate/Routing/Router.php(786): Illuminate/Routing/Router->runRouteWithinStack(Object(Illuminate/Routing/Route), Object(Illuminate/Http/Request))
#16 D:/2.ANDROID/3.FlutterVSCode/projects/SHE Inspection System/backend/she-api/vendor/laravel/framework/src/Illuminate/Routing/Router.php(750): Illuminate/Routing/Router->runRoute(Object(Illuminate/Http/Request), Object(Illuminate/Routing/Route))
#17 D:/2.ANDROID/3.FlutterVSCode/projects/SHE Inspection System/backend/she-api/vendor/laravel/framework/src/Illuminate/Routing/Router.php(739): Illuminate/Routing/Router->dispatchToRoute(Object(Illuminate/Http/Request))
#18 D:/2.ANDROID/3.FlutterVSCode/projects/SHE Inspection System/backend/she-api/vendor/laravel/framework/src/Illuminate/Foundation/Http/Kernel.php(201): Illuminate/Routing/Router->dispatch(Object(Illuminate/Http/Request))
#19 D:/2.ANDROID/3.FlutterVSCode/projects/SHE Inspection System/backend/she-api/vendor/laravel/framework/src/Illuminate/Pipeline/Pipeline.php(170): Illuminate/Foundation/Http/Kernel->Illuminate/Foundation/Http/{closure}(Object(Illuminate/Http/Request))
#20 D:/2.ANDROID/3.FlutterVSCode/projects/SHE Inspection System/backend/she-api/vendor/laravel/framework/src/Illuminate/Foundation/Http/Middleware/TransformsRequest.php(21): Illuminate/Pipeline/Pipeline->Illuminate/Pipeline/{closure}(Object(Illuminate/Http/Request))
#21 D:/2.ANDROID/3.FlutterVSCode/projects/SHE Inspection System/backend/she-api/vendor/laravel/framework/src/Illuminate/Foundation/Http/Middleware/ConvertEmptyStringsToNull.php(31): Illuminate/Foundation/Http/Middleware/TransformsRequest->handle(Object(Illuminate/Http/Request), Object(Closure))
#22 D:/2.ANDROID/3.FlutterVSCode/projects/SHE Inspection System/backend/she-api/vendor/laravel/framework/src/Illuminate/Pipeline/Pipeline.php(209): Illuminate/Foundation/Http/Middleware/ConvertEmptyStringsToNull->handle(Object(Illuminate/Http/Request), Object(Closure))
#23 D:/2.ANDROID/3.FlutterVSCode/projects/SHE Inspection System/backend/she-api/vendor/laravel/framework/src/Illuminate/Foundation/Http/Middleware/TransformsRequest.php(21): Illuminate/Pipeline/Pipeline->Illuminate/Pipeline/{closure}(Object(Illuminate/Http/Request))
#24 D:/2.ANDROID/3.FlutterVSCode/projects/SHE Inspection System/backend/she-api/vendor/laravel/framework/src/Illuminate/Foundation/Http/Middleware/TrimStrings.php(51): Illuminate/Foundation/Http/Middleware/TransformsRequest->handle(Object(Illuminate/Http/Request), Object(Closure))
#25 D:/2.ANDROID/3.FlutterVSCode/projects/SHE Inspection System/backend/she-api/vendor/laravel/framework/src/Illuminate/Pipeline/Pipeline.php(209): Illuminate/Foundation/Http/Middleware/TrimStrings->handle(Object(Illuminate/Http/Request), Object(Closure))
#26 D:/2.ANDROID/3.FlutterVSCode/projects/SHE Inspection System/backend/she-api/vendor/laravel/framework/src/Illuminate/Http/Middleware/ValidatePostSize.php(27): Illuminate/Pipeline/Pipeline->Illuminate/Pipeline/{closure}(Object(Illuminate/Http/Request))
#27 D:/2.ANDROID/3.FlutterVSCode/projects/SHE Inspection System/backend/she-api/vendor/laravel/framework/src/Illuminate/Pipeline/Pipeline.php(209): Illuminate/Http/Middleware/ValidatePostSize->handle(Object(Illuminate/Http/Request), Object(Closure))
#28 D:/2.ANDROID/3.FlutterVSCode/projects/SHE Inspection System/backend/she-api/vendor/laravel/framework/src/Illuminate/Foundation/Http/Middleware/PreventRequestsDuringMaintenance.php(110): Illuminate/Pipeline/Pipeline->Illuminate/Pipeline/{closure}(Object(Illuminate/Http/Request))
#29 D:/2.ANDROID/3.FlutterVSCode/projects/SHE Inspection System/backend/she-api/vendor/laravel/framework/src/Illuminate/Pipeline/Pipeline.php(209): Illuminate/Foundation/Http/Middleware/PreventRequestsDuringMaintenance->handle(Object(Illuminate/Http/Request), Object(Closure))
#30 D:/2.ANDROID/3.FlutterVSCode/projects/SHE Inspection System/backend/she-api/vendor/laravel/framework/src/Illuminate/Http/Middleware/HandleCors.php(62): Illuminate/Pipeline/Pipeline->Illuminate/Pipeline/{closure}(Object(Illuminate/Http/Request))
#31 D:/2.ANDROID/3.FlutterVSCode/projects/SHE Inspection System/backend/she-api/vendor/laravel/framework/src/Illuminate/Pipeline/Pipeline.php(209): Illuminate/Http/Middleware/HandleCors->handle(Object(Illuminate/Http/Request), Object(Closure))
#32 D:/2.ANDROID/3.FlutterVSCode/projects/SHE Inspection System/backend/she-api/vendor/laravel/framework/src/Illuminate/Http/Middleware/TrustProxies.php(58): Illuminate/Pipeline/Pipeline->Illuminate/Pipeline/{closure}(Object(Illuminate/Http/Request))
#33 D:/2.ANDROID/3.FlutterVSCode/projects/SHE Inspection System/backend/she-api/vendor/laravel/framework/src/Illuminate/Pipeline/Pipeline.php(209): Illuminate/Http/Middleware/TrustProxies->handle(Object(Illuminate/Http/Request), Object(Closure))
#34 D:/2.ANDROID/3.FlutterVSCode/projects/SHE Inspection System/backend/she-api/vendor/laravel/framework/src/Illuminate/Foundation/Http/Middleware/InvokeDeferredCallbacks.php(22): Illuminate/Pipeline/Pipeline->Illuminate/Pipeline/{closure}(Object(Illuminate/Http/Request))
#35 D:/2.ANDROID/3.FlutterVSCode/projects/SHE Inspection System/backend/she-api/vendor/laravel/framework/src/Illuminate/Pipeline/Pipeline.php(209): Illuminate/Foundation/Http/Middleware/InvokeDeferredCallbacks->handle(Object(Illuminate/Http/Request), Object(Closure))
#36 D:/2.ANDROID/3.FlutterVSCode/projects/SHE Inspection System/backend/she-api/vendor/laravel/framework/src/Illuminate/Pipeline/Pipeline.php(127): Illuminate/Pipeline/Pipeline->Illuminate/Pipeline/{closure}(Object(Illuminate/Http/Request))
#37 D:/2.ANDROID/3.FlutterVSCode/projects/SHE Inspection System/backend/she-api/vendor/laravel/framework/src/Illuminate/Foundation/Http/Kernel.php(176): Illuminate/Pipeline/Pipeline->then(Object(Closure))
#38 D:/2.ANDROID/3.FlutterVSCode/projects/SHE Inspection System/backend/she-api/vendor/laravel/framework/src/Illuminate/Foundation/Http/Kernel.php(145): Illuminate/Foundation/Http/Kernel->sendRequestThroughRouter(Object(Illuminate/Http/Request))
#39 D:/2.ANDROID/3.FlutterVSCode/projects/SHE Inspection System/backend/she-api/vendor/laravel/framework/src/Illuminate/Foundation/Application.php(1220): Illuminate/Foundation/Http/Kernel->handle(Object(Illuminate/Http/Request))
#40 D:/2.ANDROID/3.FlutterVSCode/projects/SHE Inspection System/backend/she-api/public/index.php(20): Illuminate/Foundation/Application->handleRequest(Object(Illuminate/Http/Request))
#41 D:/2.ANDROID/3.FlutterVSCode/projects/SHE Inspection System/backend/she-api/vendor/laravel/framework/src/Illuminate/Foundation/resources/server.php(23): require_once('D://2.ANDROID//3....')
#42 {main}

[previous exception] [object] (ReflectionException(code: -1): Class \"App\\Http\\Controllers\\Api\\FireExtinguisherController\" does not exist at D:/2.ANDROID/3.FlutterVSCode/projects/SHE Inspection System/backend/she-api/vendor/laravel/framework/src/Illuminate/Container/Container.php:959)
[stacktrace]
#0 D:/2.ANDROID/3.FlutterVSCode/projects/SHE Inspection System/backend/she-api/vendor/laravel/framework/src/Illuminate/Container/Container.php(959): ReflectionClass->__construct('App//Http//Contro...')
#1 D:/2.ANDROID/3.FlutterVSCode/projects/SHE Inspection System/backend/she-api/vendor/laravel/framework/src/Illuminate/Container/Container.php(832): Illuminate/Container/Container->build('App//Http//Contro...')
#2 D:/2.ANDROID/3.FlutterVSCode/projects/SHE Inspection System/backend/she-api/vendor/laravel/framework/src/Illuminate/Foundation/Application.php(1078): Illuminate/Container/Container->resolve('App//Http//Contro...', Array, true)
#3 D:/2.ANDROID/3.FlutterVSCode/projects/SHE Inspection System/backend/she-api/vendor/laravel/framework/src/Illuminate/Container/Container.php(763): Illuminate/Foundation/Application->resolve('App//Http//Contro...', Array)
#4 D:/2.ANDROID/3.FlutterVSCode/projects/SHE Inspection System/backend/she-api/vendor/laravel/framework/src/Illuminate/Foundation/Application.php(1058): Illuminate/Container/Container->make('App//Http//Contro...', Array)
#5 D:/2.ANDROID/3.FlutterVSCode/projects/SHE Inspection System/backend/she-api/vendor/laravel/framework/src/Illuminate/Routing/Route.php(285): Illuminate/Foundation/Application->make('App//Http//Contro...')
#6 D:/2.ANDROID/3.FlutterVSCode/projects/SHE Inspection System/backend/she-api/vendor/laravel/framework/src/Illuminate/Routing/Route.php(267): Illuminate/Routing/Route->getController()
#7 D:/2.ANDROID/3.FlutterVSCode/projects/SHE Inspection System/backend/she-api/vendor/laravel/framework/src/Illuminate/Routing/Route.php(212): Illuminate/Routing/Route->runController()
#8 D:/2.ANDROID/3.FlutterVSCode/projects/SHE Inspection System/backend/she-api/vendor/laravel/framework/src/Illuminate/Routing/Router.php(808): Illuminate/Routing/Route->run()
#9 D:/2.ANDROID/3.FlutterVSCode/projects/SHE Inspection System/backend/she-api/vendor/laravel/framework/src/Illuminate/Pipeline/Pipeline.php(170): Illuminate/Routing/Router->Illuminate/Routing/{closure}(Object(Illuminate/Http/Request))
#10 D:/2.ANDROID/3.FlutterVSCode/projects/SHE Inspection System/backend/she-api/vendor/laravel/framework/src/Illuminate/Routing/Middleware/SubstituteBindings.php(51): Illuminate/Pipeline/Pipeline->Illuminate/Pipeline/{closure}(Object(Illuminate/Http/Request))
#11 D:/2.ANDROID/3.FlutterVSCode/projects/SHE Inspection System/backend/she-api/vendor/laravel/framework/src/Illuminate/Pipeline/Pipeline.php(209): Illuminate/Routing/Middleware/SubstituteBindings->handle(Object(Illuminate/Http/Request), Object(Closure))
#12 D:/2.ANDROID/3.FlutterVSCode/projects/SHE Inspection System/backend/she-api/vendor/laravel/framework/src/Illuminate/Auth/Middleware/Authenticate.php(64): Illuminate/Pipeline/Pipeline->Illuminate/Pipeline/{closure}(Object(Illuminate/Http/Request))
#13 D:/2.ANDROID/3.FlutterVSCode/projects/SHE Inspection System/backend/she-api/vendor/laravel/framework/src/Illuminate/Pipeline/Pipeline.php(209): Illuminate/Auth/Middleware/Authenticate->handle(Object(Illuminate/Http/Request), Object(Closure), 'sanctum')
#14 D:/2.ANDROID/3.FlutterVSCode/projects/SHE Inspection System/backend/she-api/vendor/laravel/framework/src/Illuminate/Pipeline/Pipeline.php(127): Illuminate/Pipeline/Pipeline->Illuminate/Pipeline/{closure}(Object(Illuminate/Http/Request))
#15 D:/2.ANDROID/3.FlutterVSCode/projects/SHE Inspection System/backend/she-api/vendor/laravel/framework/src/Illuminate/Routing/Router.php(807): Illuminate/Pipeline/Pipeline->then(Object(Closure))
#16 D:/2.ANDROID/3.FlutterVSCode/projects/SHE Inspection System/backend/she-api/vendor/laravel/framework/src/Illuminate/Routing/Router.php(786): Illuminate/Routing/Router->runRouteWithinStack(Object(Illuminate/Routing/Route), Object(Illuminate/Http/Request))
#17 D:/2.ANDROID/3.FlutterVSCode/projects/SHE Inspection System/backend/she-api/vendor/laravel/framework/src/Illuminate/Routing/Router.php(750): Illuminate/Routing/Router->runRoute(Object(Illuminate/Http/Request), Object(Illuminate/Routing/Route))
#18 D:/2.ANDROID/3.FlutterVSCode/projects/SHE Inspection System/backend/she-api/vendor/laravel/framework/src/Illuminate/Routing/Router.php(739): Illuminate/Routing/Router->dispatchToRoute(Object(Illuminate/Http/Request))
#19 D:/2.ANDROID/3.FlutterVSCode/projects/SHE Inspection System/backend/she-api/vendor/laravel/framework/src/Illuminate/Foundation/Http/Kernel.php(201): Illuminate/Routing/Router->dispatch(Object(Illuminate/Http/Request))
#20 D:/2.ANDROID/3.FlutterVSCode/projects/SHE Inspection System/backend/she-api/vendor/laravel/framework/src/Illuminate/Pipeline/Pipeline.php(170): Illuminate/Foundation/Http/Kernel->Illuminate/Foundation/Http/{closure}(Object(Illuminate/Http/Request))
#21 D:/2.ANDROID/3.FlutterVSCode/projects/SHE Inspection System/backend/she-api/vendor/laravel/framework/src/Illuminate/Foundation/Http/Middleware/TransformsRequest.php(21): Illuminate/Pipeline/Pipeline->Illuminate/Pipeline/{closure}(Object(Illuminate/Http/Request))
#22 D:/2.ANDROID/3.FlutterVSCode/projects/SHE Inspection System/backend/she-api/vendor/laravel/framework/src/Illuminate/Foundation/Http/Middleware/ConvertEmptyStringsToNull.php(31): Illuminate/Foundation/Http/Middleware/TransformsRequest->handle(Object(Illuminate/Http/Request), Object(Closure))
#23 D:/2.ANDROID/3.FlutterVSCode/projects/SHE Inspection System/backend/she-api/vendor/laravel/framework/src/Illuminate/Pipeline/Pipeline.php(209): Illuminate/Foundation/Http/Middleware/ConvertEmptyStringsToNull->handle(Object(Illuminate/Http/Request), Object(Closure))
#24 D:/2.ANDROID/3.FlutterVSCode/projects/SHE Inspection System/backend/she-api/vendor/laravel/framework/src/Illuminate/Foundation/Http/Middleware/TransformsRequest.php(21): Illuminate/Pipeline/Pipeline->Illuminate/Pipeline/{closure}(Object(Illuminate/Http/Request))
#25 D:/2.ANDROID/3.FlutterVSCode/projects/SHE Inspection System/backend/she-api/vendor/laravel/framework/src/Illuminate/Foundation/Http/Middleware/TrimStrings.php(51): Illuminate/Foundation/Http/Middleware/TransformsRequest->handle(Object(Illuminate/Http/Request), Object(Closure))
#26 D:/2.ANDROID/3.FlutterVSCode/projects/SHE Inspection System/backend/she-api/vendor/laravel/framework/src/Illuminate/Pipeline/Pipeline.php(209): Illuminate/Foundation/Http/Middleware/TrimStrings->handle(Object(Illuminate/Http/Request), Object(Closure))
#27 D:/2.ANDROID/3.FlutterVSCode/projects/SHE Inspection System/backend/she-api/vendor/laravel/framework/src/Illuminate/Http/Middleware/ValidatePostSize.php(27): Illuminate/Pipeline/Pipeline->Illuminate/Pipeline/{closure}(Object(Illuminate/Http/Request))
#28 D:/2.ANDROID/3.FlutterVSCode/projects/SHE Inspection System/backend/she-api/vendor/laravel/framework/src/Illuminate/Pipeline/Pipeline.php(209): Illuminate/Http/Middleware/ValidatePostSize->handle(Object(Illuminate/Http/Request), Object(Closure))
#29 D:/2.ANDROID/3.FlutterVSCode/projects/SHE Inspection System/backend/she-api/vendor/laravel/framework/src/Illuminate/Foundation/Http/Middleware/PreventRequestsDuringMaintenance.php(110): Illuminate/Pipeline/Pipeline->Illuminate/Pipeline/{closure}(Object(Illuminate/Http/Request))
#30 D:/2.ANDROID/3.FlutterVSCode/projects/SHE Inspection System/backend/she-api/vendor/laravel/framework/src/Illuminate/Pipeline/Pipeline.php(209): Illuminate/Foundation/Http/Middleware/PreventRequestsDuringMaintenance->handle(Object(Illuminate/Http/Request), Object(Closure))
#31 D:/2.ANDROID/3.FlutterVSCode/projects/SHE Inspection System/backend/she-api/vendor/laravel/framework/src/Illuminate/Http/Middleware/HandleCors.php(62): Illuminate/Pipeline/Pipeline->Illuminate/Pipeline/{closure}(Object(Illuminate/Http/Request))
#32 D:/2.ANDROID/3.FlutterVSCode/projects/SHE Inspection System/backend/she-api/vendor/laravel/framework/src/Illuminate/Pipeline/Pipeline.php(209): Illuminate/Http/Middleware/HandleCors->handle(Object(Illuminate/Http/Request), Object(Closure))
#33 D:/2.ANDROID/3.FlutterVSCode/projects/SHE Inspection System/backend/she-api/vendor/laravel/framework/src/Illuminate/Http/Middleware/TrustProxies.php(58): Illuminate/Pipeline/Pipeline->Illuminate/Pipeline/{closure}(Object(Illuminate/Http/Request))
#34 D:/2.ANDROID/3.FlutterVSCode/projects/SHE Inspection System/backend/she-api/vendor/laravel/framework/src/Illuminate/Pipeline/Pipeline.php(209): Illuminate/Http/Middleware/TrustProxies->handle(Object(Illuminate/Http/Request), Object(Closure))
#35 D:/2.ANDROID/3.FlutterVSCode/projects/SHE Inspection System/backend/she-api/vendor/laravel/framework/src/Illuminate/Foundation/Http/Middleware/InvokeDeferredCallbacks.php(22): Illuminate/Pipeline/Pipeline->Illuminate/Pipeline/{closure}(Object(Illuminate/Http/Request))
#36 D:/2.ANDROID/3.FlutterVSCode/projects/SHE Inspection System/backend/she-api/vendor/laravel/framework/src/Illuminate/Pipeline/Pipeline.php(209): Illuminate/Foundation/Http/Middleware/InvokeDeferredCallbacks->handle(Object(Illuminate/Http/Request), Object(Closure))
#37 D:/2.ANDROID/3.FlutterVSCode/projects/SHE Inspection System/backend/she-api/vendor/laravel/framework/src/Illuminate/Pipeline/Pipeline.php(127): Illuminate/Pipeline/Pipeline->Illuminate/Pipeline/{closure}(Object(Illuminate/Http/Request))
#38 D:/2.ANDROID/3.FlutterVSCode/projects/SHE Inspection System/backend/she-api/vendor/laravel/framework/src/Illuminate/Foundation/Http/Kernel.php(176): Illuminate/Pipeline/Pipeline->then(Object(Closure))
#39 D:/2.ANDROID/3.FlutterVSCode/projects/SHE Inspection System/backend/she-api/vendor/laravel/framework/src/Illuminate/Foundation/Http/Kernel.php(145): Illuminate/Foundation/Http/Kernel->sendRequestThroughRouter(Object(Illuminate/Http/Request))
#40 D:/2.ANDROID/3.FlutterVSCode/projects/SHE Inspection System/backend/she-api/vendor/laravel/framework/src/Illuminate/Foundation/Application.php(1220): Illuminate/Foundation/Http/Kernel->handle(Object(Illuminate/Http/Request))
#41 D:/2.ANDROID/3.FlutterVSCode/projects/SHE Inspection System/backend/she-api/public/index.php(20): Illuminate/Foundation/Application->handleRequest(Object(Illuminate/Http/Request))
#42 D:/2.ANDROID/3.FlutterVSCode/projects/SHE Inspection System/backend/she-api/vendor/laravel/framework/src/Illuminate/Foundation/resources/server.php(23): require_once('D://2.ANDROID//3....')
#43 {main}
"} 
[2026-07-01 11:10:36] local.ERROR: Target class [App\Http\Controllers\Api\FireAlarmController] does not exist. {"userId":1,"exception":"[object] (Illuminate\\Contracts\\Container\\BindingResolutionException(code: 0): Target class [App\\Http\\Controllers\\Api\\FireAlarmController] does not exist. at D:/2.ANDROID/3.FlutterVSCode/projects/SHE Inspection System/backend/she-api/vendor/laravel/framework/src/Illuminate/Container/Container.php:961)
[stacktrace]
#0 D:/2.ANDROID/3.FlutterVSCode/projects/SHE Inspection System/backend/she-api/vendor/laravel/framework/src/Illuminate/Container/Container.php(832): Illuminate/Container/Container->build('App//Http//Contro...')
#1 D:/2.ANDROID/3.FlutterVSCode/projects/SHE Inspection System/backend/she-api/vendor/laravel/framework/src/Illuminate/Foundation/Application.php(1078): Illuminate/Container/Container->resolve('App//Http//Contro...', Array, true)
#2 D:/2.ANDROID/3.FlutterVSCode/projects/SHE Inspection System/backend/she-api/vendor/laravel/framework/src/Illuminate/Container/Container.php(763): Illuminate/Foundation/Application->resolve('App//Http//Contro...', Array)
#3 D:/2.ANDROID/3.FlutterVSCode/projects/SHE Inspection System/backend/she-api/vendor/laravel/framework/src/Illuminate/Foundation/Application.php(1058): Illuminate/Container/Container->make('App//Http//Contro...', Array)
#4 D:/2.ANDROID/3.FlutterVSCode/projects/SHE Inspection System/backend/she-api/vendor/laravel/framework/src/Illuminate/Routing/Route.php(285): Illuminate/Foundation/Application->make('App//Http//Contro...')
#5 D:/2.ANDROID/3.FlutterVSCode/projects/SHE Inspection System/backend/she-api/vendor/laravel/framework/src/Illuminate/Routing/Route.php(267): Illuminate/Routing/Route->getController()
#6 D:/2.ANDROID/3.FlutterVSCode/projects/SHE Inspection System/backend/she-api/vendor/laravel/framework/src/Illuminate/Routing/Route.php(212): Illuminate/Routing/Route->runController()
#7 D:/2.ANDROID/3.FlutterVSCode/projects/SHE Inspection System/backend/she-api/vendor/laravel/framework/src/Illuminate/Routing/Router.php(808): Illuminate/Routing/Route->run()
#8 D:/2.ANDROID/3.FlutterVSCode/projects/SHE Inspection System/backend/she-api/vendor/laravel/framework/src/Illuminate/Pipeline/Pipeline.php(170): Illuminate/Routing/Router->Illuminate/Routing/{closure}(Object(Illuminate/Http/Request))
#9 D:/2.ANDROID/3.FlutterVSCode/projects/SHE Inspection System/backend/she-api/vendor/laravel/framework/src/Illuminate/Routing/Middleware/SubstituteBindings.php(51): Illuminate/Pipeline/Pipeline->Illuminate/Pipeline/{closure}(Object(Illuminate/Http/Request))
#10 D:/2.ANDROID/3.FlutterVSCode/projects/SHE Inspection System/backend/she-api/vendor/laravel/framework/src/Illuminate/Pipeline/Pipeline.php(209): Illuminate/Routing/Middleware/SubstituteBindings->handle(Object(Illuminate/Http/Request), Object(Closure))
#11 D:/2.ANDROID/3.FlutterVSCode/projects/SHE Inspection System/backend/she-api/vendor/laravel/framework/src/Illuminate/Auth/Middleware/Authenticate.php(64): Illuminate/Pipeline/Pipeline->Illuminate/Pipeline/{closure}(Object(Illuminate/Http/Request))
#12 D:/2.ANDROID/3.FlutterVSCode/projects/SHE Inspection System/backend/she-api/vendor/laravel/framework/src/Illuminate/Pipeline/Pipeline.php(209): Illuminate/Auth/Middleware/Authenticate->handle(Object(Illuminate/Http/Request), Object(Closure), 'sanctum')
#13 D:/2.ANDROID/3.FlutterVSCode/projects/SHE Inspection System/backend/she-api/vendor/laravel/framework/src/Illuminate/Pipeline/Pipeline.php(127): Illuminate/Pipeline/Pipeline->Illuminate/Pipeline/{closure}(Object(Illuminate/Http/Request))
#14 D:/2.ANDROID/3.FlutterVSCode/projects/SHE Inspection System/backend/she-api/vendor/laravel/framework/src/Illuminate/Routing/Router.php(807): Illuminate/Pipeline/Pipeline->then(Object(Closure))
#15 D:/2.ANDROID/3.FlutterVSCode/projects/SHE Inspection System/backend/she-api/vendor/laravel/framework/src/Illuminate/Routing/Router.php(786): Illuminate/Routing/Router->runRouteWithinStack(Object(Illuminate/Routing/Route), Object(Illuminate/Http/Request))
#16 D:/2.ANDROID/3.FlutterVSCode/projects/SHE Inspection System/backend/she-api/vendor/laravel/framework/src/Illuminate/Routing/Router.php(750): Illuminate/Routing/Router->runRoute(Object(Illuminate/Http/Request), Object(Illuminate/Routing/Route))
#17 D:/2.ANDROID/3.FlutterVSCode/projects/SHE Inspection System/backend/she-api/vendor/laravel/framework/src/Illuminate/Routing/Router.php(739): Illuminate/Routing/Router->dispatchToRoute(Object(Illuminate/Http/Request))
#18 D:/2.ANDROID/3.FlutterVSCode/projects/SHE Inspection System/backend/she-api/vendor/laravel/framework/src/Illuminate/Foundation/Http/Kernel.php(201): Illuminate/Routing/Router->dispatch(Object(Illuminate/Http/Request))
#19 D:/2.ANDROID/3.FlutterVSCode/projects/SHE Inspection System/backend/she-api/vendor/laravel/framework/src/Illuminate/Pipeline/Pipeline.php(170): Illuminate/Foundation/Http/Kernel->Illuminate/Foundation/Http/{closure}(Object(Illuminate/Http/Request))
#20 D:/2.ANDROID/3.FlutterVSCode/projects/SHE Inspection System/backend/she-api/vendor/laravel/framework/src/Illuminate/Foundation/Http/Middleware/TransformsRequest.php(21): Illuminate/Pipeline/Pipeline->Illuminate/Pipeline/{closure}(Object(Illuminate/Http/Request))
#21 D:/2.ANDROID/3.FlutterVSCode/projects/SHE Inspection System/backend/she-api/vendor/laravel/framework/src/Illuminate/Foundation/Http/Middleware/ConvertEmptyStringsToNull.php(31): Illuminate/Foundation/Http/Middleware/TransformsRequest->handle(Object(Illuminate/Http/Request), Object(Closure))
#22 D:/2.ANDROID/3.FlutterVSCode/projects/SHE Inspection System/backend/she-api/vendor/laravel/framework/src/Illuminate/Pipeline/Pipeline.php(209): Illuminate/Foundation/Http/Middleware/ConvertEmptyStringsToNull->handle(Object(Illuminate/Http/Request), Object(Closure))
#23 D:/2.ANDROID/3.FlutterVSCode/projects/SHE Inspection System/backend/she-api/vendor/laravel/framework/src/Illuminate/Foundation/Http/Middleware/TransformsRequest.php(21): Illuminate/Pipeline/Pipeline->Illuminate/Pipeline/{closure}(Object(Illuminate/Http/Request))
#24 D:/2.ANDROID/3.FlutterVSCode/projects/SHE Inspection System/backend/she-api/vendor/laravel/framework/src/Illuminate/Foundation/Http/Middleware/TrimStrings.php(51): Illuminate/Foundation/Http/Middleware/TransformsRequest->handle(Object(Illuminate/Http/Request), Object(Closure))
#25 D:/2.ANDROID/3.FlutterVSCode/projects/SHE Inspection System/backend/she-api/vendor/laravel/framework/src/Illuminate/Pipeline/Pipeline.php(209): Illuminate/Foundation/Http/Middleware/TrimStrings->handle(Object(Illuminate/Http/Request), Object(Closure))
#26 D:/2.ANDROID/3.FlutterVSCode/projects/SHE Inspection System/backend/she-api/vendor/laravel/framework/src/Illuminate/Http/Middleware/ValidatePostSize.php(27): Illuminate/Pipeline/Pipeline->Illuminate/Pipeline/{closure}(Object(Illuminate/Http/Request))
#27 D:/2.ANDROID/3.FlutterVSCode/projects/SHE Inspection System/backend/she-api/vendor/laravel/framework/src/Illuminate/Pipeline/Pipeline.php(209): Illuminate/Http/Middleware/ValidatePostSize->handle(Object(Illuminate/Http/Request), Object(Closure))
#28 D:/2.ANDROID/3.FlutterVSCode/projects/SHE Inspection System/backend/she-api/vendor/laravel/framework/src/Illuminate/Foundation/Http/Middleware/PreventRequestsDuringMaintenance.php(110): Illuminate/Pipeline/Pipeline->Illuminate/Pipeline/{closure}(Object(Illuminate/Http/Request))
#29 D:/2.ANDROID/3.FlutterVSCode/projects/SHE Inspection System/backend/she-api/vendor/laravel/framework/src/Illuminate/Pipeline/Pipeline.php(209): Illuminate/Foundation/Http/Middleware/PreventRequestsDuringMaintenance->handle(Object(Illuminate/Http/Request), Object(Closure))
#30 D:/2.ANDROID/3.FlutterVSCode/projects/SHE Inspection System/backend/she-api/vendor/laravel/framework/src/Illuminate/Http/Middleware/HandleCors.php(62): Illuminate/Pipeline/Pipeline->Illuminate/Pipeline/{closure}(Object(Illuminate/Http/Request))
#31 D:/2.ANDROID/3.FlutterVSCode/projects/SHE Inspection System/backend/she-api/vendor/laravel/framework/src/Illuminate/Pipeline/Pipeline.php(209): Illuminate/Http/Middleware/HandleCors->handle(Object(Illuminate/Http/Request), Object(Closure))
#32 D:/2.ANDROID/3.FlutterVSCode/projects/SHE Inspection System/backend/she-api/vendor/laravel/framework/src/Illuminate/Http/Middleware/TrustProxies.php(58): Illuminate/Pipeline/Pipeline->Illuminate/Pipeline/{closure}(Object(Illuminate/Http/Request))
#33 D:/2.ANDROID/3.FlutterVSCode/projects/SHE Inspection System/backend/she-api/vendor/laravel/framework/src/Illuminate/Pipeline/Pipeline.php(209): Illuminate/Http/Middleware/TrustProxies->handle(Object(Illuminate/Http/Request), Object(Closure))
#34 D:/2.ANDROID/3.FlutterVSCode/projects/SHE Inspection System/backend/she-api/vendor/laravel/framework/src/Illuminate/Foundation/Http/Middleware/InvokeDeferredCallbacks.php(22): Illuminate/Pipeline/Pipeline->Illuminate/Pipeline/{closure}(Object(Illuminate/Http/Request))
#35 D:/2.ANDROID/3.FlutterVSCode/projects/SHE Inspection System/backend/she-api/vendor/laravel/framework/src/Illuminate/Pipeline/Pipeline.php(209): Illuminate/Foundation/Http/Middleware/InvokeDeferredCallbacks->handle(Object(Illuminate/Http/Request), Object(Closure))
#36 D:/2.ANDROID/3.FlutterVSCode/projects/SHE Inspection System/backend/she-api/vendor/laravel/framework/src/Illuminate/Pipeline/Pipeline.php(127): Illuminate/Pipeline/Pipeline->Illuminate/Pipeline/{closure}(Object(Illuminate/Http/Request))
#37 D:/2.ANDROID/3.FlutterVSCode/projects/SHE Inspection System/backend/she-api/vendor/laravel/framework/src/Illuminate/Foundation/Http/Kernel.php(176): Illuminate/Pipeline/Pipeline->then(Object(Closure))
#38 D:/2.ANDROID/3.FlutterVSCode/projects/SHE Inspection System/backend/she-api/vendor/laravel/framework/src/Illuminate/Foundation/Http/Kernel.php(145): Illuminate/Foundation/Http/Kernel->sendRequestThroughRouter(Object(Illuminate/Http/Request))
#39 D:/2.ANDROID/3.FlutterVSCode/projects/SHE Inspection System/backend/she-api/vendor/laravel/framework/src/Illuminate/Foundation/Application.php(1220): Illuminate/Foundation/Http/Kernel->handle(Object(Illuminate/Http/Request))
#40 D:/2.ANDROID/3.FlutterVSCode/projects/SHE Inspection System/backend/she-api/public/index.php(20): Illuminate/Foundation/Application->handleRequest(Object(Illuminate/Http/Request))
#41 D:/2.ANDROID/3.FlutterVSCode/projects/SHE Inspection System/backend/she-api/vendor/laravel/framework/src/Illuminate/Foundation/resources/server.php(23): require_once('D://2.ANDROID//3....')
#42 {main}

[previous exception] [object] (ReflectionException(code: -1): Class \"App\\Http\\Controllers\\Api\\FireAlarmController\" does not exist at D:/2.ANDROID/3.FlutterVSCode/projects/SHE Inspection System/backend/she-api/vendor/laravel/framework/src/Illuminate/Container/Container.php:959)
[stacktrace]
#0 D:/2.ANDROID/3.FlutterVSCode/projects/SHE Inspection System/backend/she-api/vendor/laravel/framework/src/Illuminate/Container/Container.php(959): ReflectionClass->__construct('App//Http//Contro...')
#1 D:/2.ANDROID/3.FlutterVSCode/projects/SHE Inspection System/backend/she-api/vendor/laravel/framework/src/Illuminate/Container/Container.php(832): Illuminate/Container/Container->build('App//Http//Contro...')
#2 D:/2.ANDROID/3.FlutterVSCode/projects/SHE Inspection System/backend/she-api/vendor/laravel/framework/src/Illuminate/Foundation/Application.php(1078): Illuminate/Container/Container->resolve('App//Http//Contro...', Array, true)
#3 D:/2.ANDROID/3.FlutterVSCode/projects/SHE Inspection System/backend/she-api/vendor/laravel/framework/src/Illuminate/Container/Container.php(763): Illuminate/Foundation/Application->resolve('App//Http//Contro...', Array)
#4 D:/2.ANDROID/3.FlutterVSCode/projects/SHE Inspection System/backend/she-api/vendor/laravel/framework/src/Illuminate/Foundation/Application.php(1058): Illuminate/Container/Container->make('App//Http//Contro...', Array)
#5 D:/2.ANDROID/3.FlutterVSCode/projects/SHE Inspection System/backend/she-api/vendor/laravel/framework/src/Illuminate/Routing/Route.php(285): Illuminate/Foundation/Application->make('App//Http//Contro...')
#6 D:/2.ANDROID/3.FlutterVSCode/projects/SHE Inspection System/backend/she-api/vendor/laravel/framework/src/Illuminate/Routing/Route.php(267): Illuminate/Routing/Route->getController()
#7 D:/2.ANDROID/3.FlutterVSCode/projects/SHE Inspection System/backend/she-api/vendor/laravel/framework/src/Illuminate/Routing/Route.php(212): Illuminate/Routing/Route->runController()
#8 D:/2.ANDROID/3.FlutterVSCode/projects/SHE Inspection System/backend/she-api/vendor/laravel/framework/src/Illuminate/Routing/Router.php(808): Illuminate/Routing/Route->run()
#9 D:/2.ANDROID/3.FlutterVSCode/projects/SHE Inspection System/backend/she-api/vendor/laravel/framework/src/Illuminate/Pipeline/Pipeline.php(170): Illuminate/Routing/Router->Illuminate/Routing/{closure}(Object(Illuminate/Http/Request))
#10 D:/2.ANDROID/3.FlutterVSCode/projects/SHE Inspection System/backend/she-api/vendor/laravel/framework/src/Illuminate/Routing/Middleware/SubstituteBindings.php(51): Illuminate/Pipeline/Pipeline->Illuminate/Pipeline/{closure}(Object(Illuminate/Http/Request))
#11 D:/2.ANDROID/3.FlutterVSCode/projects/SHE Inspection System/backend/she-api/vendor/laravel/framework/src/Illuminate/Pipeline/Pipeline.php(209): Illuminate/Routing/Middleware/SubstituteBindings->handle(Object(Illuminate/Http/Request), Object(Closure))
#12 D:/2.ANDROID/3.FlutterVSCode/projects/SHE Inspection System/backend/she-api/vendor/laravel/framework/src/Illuminate/Auth/Middleware/Authenticate.php(64): Illuminate/Pipeline/Pipeline->Illuminate/Pipeline/{closure}(Object(Illuminate/Http/Request))
#13 D:/2.ANDROID/3.FlutterVSCode/projects/SHE Inspection System/backend/she-api/vendor/laravel/framework/src/Illuminate/Pipeline/Pipeline.php(209): Illuminate/Auth/Middleware/Authenticate->handle(Object(Illuminate/Http/Request), Object(Closure), 'sanctum')
#14 D:/2.ANDROID/3.FlutterVSCode/projects/SHE Inspection System/backend/she-api/vendor/laravel/framework/src/Illuminate/Pipeline/Pipeline.php(127): Illuminate/Pipeline/Pipeline->Illuminate/Pipeline/{closure}(Object(Illuminate/Http/Request))
#15 D:/2.ANDROID/3.FlutterVSCode/projects/SHE Inspection System/backend/she-api/vendor/laravel/framework/src/Illuminate/Routing/Router.php(807): Illuminate/Pipeline/Pipeline->then(Object(Closure))
#16 D:/2.ANDROID/3.FlutterVSCode/projects/SHE Inspection System/backend/she-api/vendor/laravel/framework/src/Illuminate/Routing/Router.php(786): Illuminate/Routing/Router->runRouteWithinStack(Object(Illuminate/Routing/Route), Object(Illuminate/Http/Request))
#17 D:/2.ANDROID/3.FlutterVSCode/projects/SHE Inspection System/backend/she-api/vendor/laravel/framework/src/Illuminate/Routing/Router.php(750): Illuminate/Routing/Router->runRoute(Object(Illuminate/Http/Request), Object(Illuminate/Routing/Route))
#18 D:/2.ANDROID/3.FlutterVSCode/projects/SHE Inspection System/backend/she-api/vendor/laravel/framework/src/Illuminate/Routing/Router.php(739): Illuminate/Routing/Router->dispatchToRoute(Object(Illuminate/Http/Request))
#19 D:/2.ANDROID/3.FlutterVSCode/projects/SHE Inspection System/backend/she-api/vendor/laravel/framework/src/Illuminate/Foundation/Http/Kernel.php(201): Illuminate/Routing/Router->dispatch(Object(Illuminate/Http/Request))
#20 D:/2.ANDROID/3.FlutterVSCode/projects/SHE Inspection System/backend/she-api/vendor/laravel/framework/src/Illuminate/Pipeline/Pipeline.php(170): Illuminate/Foundation/Http/Kernel->Illuminate/Foundation/Http/{closure}(Object(Illuminate/Http/Request))
#21 D:/2.ANDROID/3.FlutterVSCode/projects/SHE Inspection System/backend/she-api/vendor/laravel/framework/src/Illuminate/Foundation/Http/Middleware/TransformsRequest.php(21): Illuminate/Pipeline/Pipeline->Illuminate/Pipeline/{closure}(Object(Illuminate/Http/Request))
#22 D:/2.ANDROID/3.FlutterVSCode/projects/SHE Inspection System/backend/she-api/vendor/laravel/framework/src/Illuminate/Foundation/Http/Middleware/ConvertEmptyStringsToNull.php(31): Illuminate/Foundation/Http/Middleware/TransformsRequest->handle(Object(Illuminate/Http/Request), Object(Closure))
#23 D:/2.ANDROID/3.FlutterVSCode/projects/SHE Inspection System/backend/she-api/vendor/laravel/framework/src/Illuminate/Pipeline/Pipeline.php(209): Illuminate/Foundation/Http/Middleware/ConvertEmptyStringsToNull->handle(Object(Illuminate/Http/Request), Object(Closure))
#24 D:/2.ANDROID/3.FlutterVSCode/projects/SHE Inspection System/backend/she-api/vendor/laravel/framework/src/Illuminate/Foundation/Http/Middleware/TransformsRequest.php(21): Illuminate/Pipeline/Pipeline->Illuminate/Pipeline/{closure}(Object(Illuminate/Http/Request))
#25 D:/2.ANDROID/3.FlutterVSCode/projects/SHE Inspection System/backend/she-api/vendor/laravel/framework/src/Illuminate/Foundation/Http/Middleware/TrimStrings.php(51): Illuminate/Foundation/Http/Middleware/TransformsRequest->handle(Object(Illuminate/Http/Request), Object(Closure))
#26 D:/2.ANDROID/3.FlutterVSCode/projects/SHE Inspection System/backend/she-api/vendor/laravel/framework/src/Illuminate/Pipeline/Pipeline.php(209): Illuminate/Foundation/Http/Middleware/TrimStrings->handle(Object(Illuminate/Http/Request), Object(Closure))
#27 D:/2.ANDROID/3.FlutterVSCode/projects/SHE Inspection System/backend/she-api/vendor/laravel/framework/src/Illuminate/Http/Middleware/ValidatePostSize.php(27): Illuminate/Pipeline/Pipeline->Illuminate/Pipeline/{closure}(Object(Illuminate/Http/Request))
#28 D:/2.ANDROID/3.FlutterVSCode/projects/SHE Inspection System/backend/she-api/vendor/laravel/framework/src/Illuminate/Pipeline/Pipeline.php(209): Illuminate/Http/Middleware/ValidatePostSize->handle(Object(Illuminate/Http/Request), Object(Closure))
#29 D:/2.ANDROID/3.FlutterVSCode/projects/SHE Inspection System/backend/she-api/vendor/laravel/framework/src/Illuminate/Foundation/Http/Middleware/PreventRequestsDuringMaintenance.php(110): Illuminate/Pipeline/Pipeline->Illuminate/Pipeline/{closure}(Object(Illuminate/Http/Request))
#30 D:/2.ANDROID/3.FlutterVSCode/projects/SHE Inspection System/backend/she-api/vendor/laravel/framework/src/Illuminate/Pipeline/Pipeline.php(209): Illuminate/Foundation/Http/Middleware/PreventRequestsDuringMaintenance->handle(Object(Illuminate/Http/Request), Object(Closure))
#31 D:/2.ANDROID/3.FlutterVSCode/projects/SHE Inspection System/backend/she-api/vendor/laravel/framework/src/Illuminate/Http/Middleware/HandleCors.php(62): Illuminate/Pipeline/Pipeline->Illuminate/Pipeline/{closure}(Object(Illuminate/Http/Request))
#32 D:/2.ANDROID/3.FlutterVSCode/projects/SHE Inspection System/backend/she-api/vendor/laravel/framework/src/Illuminate/Pipeline/Pipeline.php(209): Illuminate/Http/Middleware/HandleCors->handle(Object(Illuminate/Http/Request), Object(Closure))
#33 D:/2.ANDROID/3.FlutterVSCode/projects/SHE Inspection System/backend/she-api/vendor/laravel/framework/src/Illuminate/Http/Middleware/TrustProxies.php(58): Illuminate/Pipeline/Pipeline->Illuminate/Pipeline/{closure}(Object(Illuminate/Http/Request))
#34 D:/2.ANDROID/3.FlutterVSCode/projects/SHE Inspection System/backend/she-api/vendor/laravel/framework/src/Illuminate/Pipeline/Pipeline.php(209): Illuminate/Http/Middleware/TrustProxies->handle(Object(Illuminate/Http/Request), Object(Closure))
#35 D:/2.ANDROID/3.FlutterVSCode/projects/SHE Inspection System/backend/she-api/vendor/laravel/framework/src/Illuminate/Foundation/Http/Middleware/InvokeDeferredCallbacks.php(22): Illuminate/Pipeline/Pipeline->Illuminate/Pipeline/{closure}(Object(Illuminate/Http/Request))
#36 D:/2.ANDROID/3.FlutterVSCode/projects/SHE Inspection System/backend/she-api/vendor/laravel/framework/src/Illuminate/Pipeline/Pipeline.php(209): Illuminate/Foundation/Http/Middleware/InvokeDeferredCallbacks->handle(Object(Illuminate/Http/Request), Object(Closure))
#37 D:/2.ANDROID/3.FlutterVSCode/projects/SHE Inspection System/backend/she-api/vendor/laravel/framework/src/Illuminate/Pipeline/Pipeline.php(127): Illuminate/Pipeline/Pipeline->Illuminate/Pipeline/{closure}(Object(Illuminate/Http/Request))
#38 D:/2.ANDROID/3.FlutterVSCode/projects/SHE Inspection System/backend/she-api/vendor/laravel/framework/src/Illuminate/Foundation/Http/Kernel.php(176): Illuminate/Pipeline/Pipeline->then(Object(Closure))
#39 D:/2.ANDROID/3.FlutterVSCode/projects/SHE Inspection System/backend/she-api/vendor/laravel/framework/src/Illuminate/Foundation/Http/Kernel.php(145): Illuminate/Foundation/Http/Kernel->sendRequestThroughRouter(Object(Illuminate/Http/Request))
#40 D:/2.ANDROID/3.FlutterVSCode/projects/SHE Inspection System/backend/she-api/vendor/laravel/framework/src/Illuminate/Foundation/Application.php(1220): Illuminate/Foundation/Http/Kernel->handle(Object(Illuminate/Http/Request))
#41 D:/2.ANDROID/3.FlutterVSCode/projects/SHE Inspection System/backend/she-api/public/index.php(20): Illuminate/Foundation/Application->handleRequest(Object(Illuminate/Http/Request))
#42 D:/2.ANDROID/3.FlutterVSCode/projects/SHE Inspection System/backend/she-api/vendor/laravel/framework/src/Illuminate/Foundation/resources/server.php(23): require_once('D://2.ANDROID//3....')
#43 {main}
"} 
[2026-07-01 11:10:43] local.ERROR: Target class [App\Http\Controllers\Api\FireHydrantController] does not exist. {"userId":1,"exception":"[object] (Illuminate\\Contracts\\Container\\BindingResolutionException(code: 0): Target class [App\\Http\\Controllers\\Api\\FireHydrantController] does not exist. at D:/2.ANDROID/3.FlutterVSCode/projects/SHE Inspection System/backend/she-api/vendor/laravel/framework/src/Illuminate/Container/Container.php:961)
[stacktrace]
#0 D:/2.ANDROID/3.FlutterVSCode/projects/SHE Inspection System/backend/she-api/vendor/laravel/framework/src/Illuminate/Container/Container.php(832): Illuminate/Container/Container->build('App//Http//Contro...')
#1 D:/2.ANDROID/3.FlutterVSCode/projects/SHE Inspection System/backend/she-api/vendor/laravel/framework/src/Illuminate/Foundation/Application.php(1078): Illuminate/Container/Container->resolve('App//Http//Contro...', Array, true)
#2 D:/2.ANDROID/3.FlutterVSCode/projects/SHE Inspection System/backend/she-api/vendor/laravel/framework/src/Illuminate/Container/Container.php(763): Illuminate/Foundation/Application->resolve('App//Http//Contro...', Array)
#3 D:/2.ANDROID/3.FlutterVSCode/projects/SHE Inspection System/backend/she-api/vendor/laravel/framework/src/Illuminate/Foundation/Application.php(1058): Illuminate/Container/Container->make('App//Http//Contro...', Array)
#4 D:/2.ANDROID/3.FlutterVSCode/projects/SHE Inspection System/backend/she-api/vendor/laravel/framework/src/Illuminate/Routing/Route.php(285): Illuminate/Foundation/Application->make('App//Http//Contro...')
#5 D:/2.ANDROID/3.FlutterVSCode/projects/SHE Inspection System/backend/she-api/vendor/laravel/framework/src/Illuminate/Routing/Route.php(267): Illuminate/Routing/Route->getController()
#6 D:/2.ANDROID/3.FlutterVSCode/projects/SHE Inspection System/backend/she-api/vendor/laravel/framework/src/Illuminate/Routing/Route.php(212): Illuminate/Routing/Route->runController()
#7 D:/2.ANDROID/3.FlutterVSCode/projects/SHE Inspection System/backend/she-api/vendor/laravel/framework/src/Illuminate/Routing/Router.php(808): Illuminate/Routing/Route->run()
#8 D:/2.ANDROID/3.FlutterVSCode/projects/SHE Inspection System/backend/she-api/vendor/laravel/framework/src/Illuminate/Pipeline/Pipeline.php(170): Illuminate/Routing/Router->Illuminate/Routing/{closure}(Object(Illuminate/Http/Request))
#9 D:/2.ANDROID/3.FlutterVSCode/projects/SHE Inspection System/backend/she-api/vendor/laravel/framework/src/Illuminate/Routing/Middleware/SubstituteBindings.php(51): Illuminate/Pipeline/Pipeline->Illuminate/Pipeline/{closure}(Object(Illuminate/Http/Request))
#10 D:/2.ANDROID/3.FlutterVSCode/projects/SHE Inspection System/backend/she-api/vendor/laravel/framework/src/Illuminate/Pipeline/Pipeline.php(209): Illuminate/Routing/Middleware/SubstituteBindings->handle(Object(Illuminate/Http/Request), Object(Closure))
#11 D:/2.ANDROID/3.FlutterVSCode/projects/SHE Inspection System/backend/she-api/vendor/laravel/framework/src/Illuminate/Auth/Middleware/Authenticate.php(64): Illuminate/Pipeline/Pipeline->Illuminate/Pipeline/{closure}(Object(Illuminate/Http/Request))
#12 D:/2.ANDROID/3.FlutterVSCode/projects/SHE Inspection System/backend/she-api/vendor/laravel/framework/src/Illuminate/Pipeline/Pipeline.php(209): Illuminate/Auth/Middleware/Authenticate->handle(Object(Illuminate/Http/Request), Object(Closure), 'sanctum')
#13 D:/2.ANDROID/3.FlutterVSCode/projects/SHE Inspection System/backend/she-api/vendor/laravel/framework/src/Illuminate/Pipeline/Pipeline.php(127): Illuminate/Pipeline/Pipeline->Illuminate/Pipeline/{closure}(Object(Illuminate/Http/Request))
#14 D:/2.ANDROID/3.FlutterVSCode/projects/SHE Inspection System/backend/she-api/vendor/laravel/framework/src/Illuminate/Routing/Router.php(807): Illuminate/Pipeline/Pipeline->then(Object(Closure))
#15 D:/2.ANDROID/3.FlutterVSCode/projects/SHE Inspection System/backend/she-api/vendor/laravel/framework/src/Illuminate/Routing/Router.php(786): Illuminate/Routing/Router->runRouteWithinStack(Object(Illuminate/Routing/Route), Object(Illuminate/Http/Request))
#16 D:/2.ANDROID/3.FlutterVSCode/projects/SHE Inspection System/backend/she-api/vendor/laravel/framework/src/Illuminate/Routing/Router.php(750): Illuminate/Routing/Router->runRoute(Object(Illuminate/Http/Request), Object(Illuminate/Routing/Route))
#17 D:/2.ANDROID/3.FlutterVSCode/projects/SHE Inspection System/backend/she-api/vendor/laravel/framework/src/Illuminate/Routing/Router.php(739): Illuminate/Routing/Router->dispatchToRoute(Object(Illuminate/Http/Request))
#18 D:/2.ANDROID/3.FlutterVSCode/projects/SHE Inspection System/backend/she-api/vendor/laravel/framework/src/Illuminate/Foundation/Http/Kernel.php(201): Illuminate/Routing/Router->dispatch(Object(Illuminate/Http/Request))
#19 D:/2.ANDROID/3.FlutterVSCode/projects/SHE Inspection System/backend/she-api/vendor/laravel/framework/src/Illuminate/Pipeline/Pipeline.php(170): Illuminate/Foundation/Http/Kernel->Illuminate/Foundation/Http/{closure}(Object(Illuminate/Http/Request))
#20 D:/2.ANDROID/3.FlutterVSCode/projects/SHE Inspection System/backend/she-api/vendor/laravel/framework/src/Illuminate/Foundation/Http/Middleware/TransformsRequest.php(21): Illuminate/Pipeline/Pipeline->Illuminate/Pipeline/{closure}(Object(Illuminate/Http/Request))
#21 D:/2.ANDROID/3.FlutterVSCode/projects/SHE Inspection System/backend/she-api/vendor/laravel/framework/src/Illuminate/Foundation/Http/Middleware/ConvertEmptyStringsToNull.php(31): Illuminate/Foundation/Http/Middleware/TransformsRequest->handle(Object(Illuminate/Http/Request), Object(Closure))
#22 D:/2.ANDROID/3.FlutterVSCode/projects/SHE Inspection System/backend/she-api/vendor/laravel/framework/src/Illuminate/Pipeline/Pipeline.php(209): Illuminate/Foundation/Http/Middleware/ConvertEmptyStringsToNull->handle(Object(Illuminate/Http/Request), Object(Closure))
#23 D:/2.ANDROID/3.FlutterVSCode/projects/SHE Inspection System/backend/she-api/vendor/laravel/framework/src/Illuminate/Foundation/Http/Middleware/TransformsRequest.php(21): Illuminate/Pipeline/Pipeline->Illuminate/Pipeline/{closure}(Object(Illuminate/Http/Request))
#24 D:/2.ANDROID/3.FlutterVSCode/projects/SHE Inspection System/backend/she-api/vendor/laravel/framework/src/Illuminate/Foundation/Http/Middleware/TrimStrings.php(51): Illuminate/Foundation/Http/Middleware/TransformsRequest->handle(Object(Illuminate/Http/Request), Object(Closure))
#25 D:/2.ANDROID/3.FlutterVSCode/projects/SHE Inspection System/backend/she-api/vendor/laravel/framework/src/Illuminate/Pipeline/Pipeline.php(209): Illuminate/Foundation/Http/Middleware/TrimStrings->handle(Object(Illuminate/Http/Request), Object(Closure))
#26 D:/2.ANDROID/3.FlutterVSCode/projects/SHE Inspection System/backend/she-api/vendor/laravel/framework/src/Illuminate/Http/Middleware/ValidatePostSize.php(27): Illuminate/Pipeline/Pipeline->Illuminate/Pipeline/{closure}(Object(Illuminate/Http/Request))
#27 D:/2.ANDROID/3.FlutterVSCode/projects/SHE Inspection System/backend/she-api/vendor/laravel/framework/src/Illuminate/Pipeline/Pipeline.php(209): Illuminate/Http/Middleware/ValidatePostSize->handle(Object(Illuminate/Http/Request), Object(Closure))
#28 D:/2.ANDROID/3.FlutterVSCode/projects/SHE Inspection System/backend/she-api/vendor/laravel/framework/src/Illuminate/Foundation/Http/Middleware/PreventRequestsDuringMaintenance.php(110): Illuminate/Pipeline/Pipeline->Illuminate/Pipeline/{closure}(Object(Illuminate/Http/Request))
#29 D:/2.ANDROID/3.FlutterVSCode/projects/SHE Inspection System/backend/she-api/vendor/laravel/framework/src/Illuminate/Pipeline/Pipeline.php(209): Illuminate/Foundation/Http/Middleware/PreventRequestsDuringMaintenance->handle(Object(Illuminate/Http/Request), Object(Closure))
#30 D:/2.ANDROID/3.FlutterVSCode/projects/SHE Inspection System/backend/she-api/vendor/laravel/framework/src/Illuminate/Http/Middleware/HandleCors.php(62): Illuminate/Pipeline/Pipeline->Illuminate/Pipeline/{closure}(Object(Illuminate/Http/Request))
#31 D:/2.ANDROID/3.FlutterVSCode/projects/SHE Inspection System/backend/she-api/vendor/laravel/framework/src/Illuminate/Pipeline/Pipeline.php(209): Illuminate/Http/Middleware/HandleCors->handle(Object(Illuminate/Http/Request), Object(Closure))
#32 D:/2.ANDROID/3.FlutterVSCode/projects/SHE Inspection System/backend/she-api/vendor/laravel/framework/src/Illuminate/Http/Middleware/TrustProxies.php(58): Illuminate/Pipeline/Pipeline->Illuminate/Pipeline/{closure}(Object(Illuminate/Http/Request))
#33 D:/2.ANDROID/3.FlutterVSCode/projects/SHE Inspection System/backend/she-api/vendor/laravel/framework/src/Illuminate/Pipeline/Pipeline.php(209): Illuminate/Http/Middleware/TrustProxies->handle(Object(Illuminate/Http/Request), Object(Closure))
#34 D:/2.ANDROID/3.FlutterVSCode/projects/SHE Inspection System/backend/she-api/vendor/laravel/framework/src/Illuminate/Foundation/Http/Middleware/InvokeDeferredCallbacks.php(22): Illuminate/Pipeline/Pipeline->Illuminate/Pipeline/{closure}(Object(Illuminate/Http/Request))
#35 D:/2.ANDROID/3.FlutterVSCode/projects/SHE Inspection System/backend/she-api/vendor/laravel/framework/src/Illuminate/Pipeline/Pipeline.php(209): Illuminate/Foundation/Http/Middleware/InvokeDeferredCallbacks->handle(Object(Illuminate/Http/Request), Object(Closure))
#36 D:/2.ANDROID/3.FlutterVSCode/projects/SHE Inspection System/backend/she-api/vendor/laravel/framework/src/Illuminate/Pipeline/Pipeline.php(127): Illuminate/Pipeline/Pipeline->Illuminate/Pipeline/{closure}(Object(Illuminate/Http/Request))
#37 D:/2.ANDROID/3.FlutterVSCode/projects/SHE Inspection System/backend/she-api/vendor/laravel/framework/src/Illuminate/Foundation/Http/Kernel.php(176): Illuminate/Pipeline/Pipeline->then(Object(Closure))
#38 D:/2.ANDROID/3.FlutterVSCode/projects/SHE Inspection System/backend/she-api/vendor/laravel/framework/src/Illuminate/Foundation/Http/Kernel.php(145): Illuminate/Foundation/Http/Kernel->sendRequestThroughRouter(Object(Illuminate/Http/Request))
#39 D:/2.ANDROID/3.FlutterVSCode/projects/SHE Inspection System/backend/she-api/vendor/laravel/framework/src/Illuminate/Foundation/Application.php(1220): Illuminate/Foundation/Http/Kernel->handle(Object(Illuminate/Http/Request))
#40 D:/2.ANDROID/3.FlutterVSCode/projects/SHE Inspection System/backend/she-api/public/index.php(20): Illuminate/Foundation/Application->handleRequest(Object(Illuminate/Http/Request))
#41 D:/2.ANDROID/3.FlutterVSCode/projects/SHE Inspection System/backend/she-api/vendor/laravel/framework/src/Illuminate/Foundation/resources/server.php(23): require_once('D://2.ANDROID//3....')
#42 {main}

[previous exception] [object] (ReflectionException(code: -1): Class \"App\\Http\\Controllers\\Api\\FireHydrantController\" does not exist at D:/2.ANDROID/3.FlutterVSCode/projects/SHE Inspection System/backend/she-api/vendor/laravel/framework/src/Illuminate/Container/Container.php:959)
[stacktrace]
#0 D:/2.ANDROID/3.FlutterVSCode/projects/SHE Inspection System/backend/she-api/vendor/laravel/framework/src/Illuminate/Container/Container.php(959): ReflectionClass->__construct('App//Http//Contro...')
#1 D:/2.ANDROID/3.FlutterVSCode/projects/SHE Inspection System/backend/she-api/vendor/laravel/framework/src/Illuminate/Container/Container.php(832): Illuminate/Container/Container->build('App//Http//Contro...')
#2 D:/2.ANDROID/3.FlutterVSCode/projects/SHE Inspection System/backend/she-api/vendor/laravel/framework/src/Illuminate/Foundation/Application.php(1078): Illuminate/Container/Container->resolve('App//Http//Contro...', Array, true)
#3 D:/2.ANDROID/3.FlutterVSCode/projects/SHE Inspection System/backend/she-api/vendor/laravel/framework/src/Illuminate/Container/Container.php(763): Illuminate/Foundation/Application->resolve('App//Http//Contro...', Array)
#4 D:/2.ANDROID/3.FlutterVSCode/projects/SHE Inspection System/backend/she-api/vendor/laravel/framework/src/Illuminate/Foundation/Application.php(1058): Illuminate/Container/Container->make('App//Http//Contro...', Array)
#5 D:/2.ANDROID/3.FlutterVSCode/projects/SHE Inspection System/backend/she-api/vendor/laravel/framework/src/Illuminate/Routing/Route.php(285): Illuminate/Foundation/Application->make('App//Http//Contro...')
#6 D:/2.ANDROID/3.FlutterVSCode/projects/SHE Inspection System/backend/she-api/vendor/laravel/framework/src/Illuminate/Routing/Route.php(267): Illuminate/Routing/Route->getController()
#7 D:/2.ANDROID/3.FlutterVSCode/projects/SHE Inspection System/backend/she-api/vendor/laravel/framework/src/Illuminate/Routing/Route.php(212): Illuminate/Routing/Route->runController()
#8 D:/2.ANDROID/3.FlutterVSCode/projects/SHE Inspection System/backend/she-api/vendor/laravel/framework/src/Illuminate/Routing/Router.php(808): Illuminate/Routing/Route->run()
#9 D:/2.ANDROID/3.FlutterVSCode/projects/SHE Inspection System/backend/she-api/vendor/laravel/framework/src/Illuminate/Pipeline/Pipeline.php(170): Illuminate/Routing/Router->Illuminate/Routing/{closure}(Object(Illuminate/Http/Request))
#10 D:/2.ANDROID/3.FlutterVSCode/projects/SHE Inspection System/backend/she-api/vendor/laravel/framework/src/Illuminate/Routing/Middleware/SubstituteBindings.php(51): Illuminate/Pipeline/Pipeline->Illuminate/Pipeline/{closure}(Object(Illuminate/Http/Request))
#11 D:/2.ANDROID/3.FlutterVSCode/projects/SHE Inspection System/backend/she-api/vendor/laravel/framework/src/Illuminate/Pipeline/Pipeline.php(209): Illuminate/Routing/Middleware/SubstituteBindings->handle(Object(Illuminate/Http/Request), Object(Closure))
#12 D:/2.ANDROID/3.FlutterVSCode/projects/SHE Inspection System/backend/she-api/vendor/laravel/framework/src/Illuminate/Auth/Middleware/Authenticate.php(64): Illuminate/Pipeline/Pipeline->Illuminate/Pipeline/{closure}(Object(Illuminate/Http/Request))
#13 D:/2.ANDROID/3.FlutterVSCode/projects/SHE Inspection System/backend/she-api/vendor/laravel/framework/src/Illuminate/Pipeline/Pipeline.php(209): Illuminate/Auth/Middleware/Authenticate->handle(Object(Illuminate/Http/Request), Object(Closure), 'sanctum')
#14 D:/2.ANDROID/3.FlutterVSCode/projects/SHE Inspection System/backend/she-api/vendor/laravel/framework/src/Illuminate/Pipeline/Pipeline.php(127): Illuminate/Pipeline/Pipeline->Illuminate/Pipeline/{closure}(Object(Illuminate/Http/Request))
#15 D:/2.ANDROID/3.FlutterVSCode/projects/SHE Inspection System/backend/she-api/vendor/laravel/framework/src/Illuminate/Routing/Router.php(807): Illuminate/Pipeline/Pipeline->then(Object(Closure))
#16 D:/2.ANDROID/3.FlutterVSCode/projects/SHE Inspection System/backend/she-api/vendor/laravel/framework/src/Illuminate/Routing/Router.php(786): Illuminate/Routing/Router->runRouteWithinStack(Object(Illuminate/Routing/Route), Object(Illuminate/Http/Request))
#17 D:/2.ANDROID/3.FlutterVSCode/projects/SHE Inspection System/backend/she-api/vendor/laravel/framework/src/Illuminate/Routing/Router.php(750): Illuminate/Routing/Router->runRoute(Object(Illuminate/Http/Request), Object(Illuminate/Routing/Route))
#18 D:/2.ANDROID/3.FlutterVSCode/projects/SHE Inspection System/backend/she-api/vendor/laravel/framework/src/Illuminate/Routing/Router.php(739): Illuminate/Routing/Router->dispatchToRoute(Object(Illuminate/Http/Request))
#19 D:/2.ANDROID/3.FlutterVSCode/projects/SHE Inspection System/backend/she-api/vendor/laravel/framework/src/Illuminate/Foundation/Http/Kernel.php(201): Illuminate/Routing/Router->dispatch(Object(Illuminate/Http/Request))
#20 D:/2.ANDROID/3.FlutterVSCode/projects/SHE Inspection System/backend/she-api/vendor/laravel/framework/src/Illuminate/Pipeline/Pipeline.php(170): Illuminate/Foundation/Http/Kernel->Illuminate/Foundation/Http/{closure}(Object(Illuminate/Http/Request))
#21 D:/2.ANDROID/3.FlutterVSCode/projects/SHE Inspection System/backend/she-api/vendor/laravel/framework/src/Illuminate/Foundation/Http/Middleware/TransformsRequest.php(21): Illuminate/Pipeline/Pipeline->Illuminate/Pipeline/{closure}(Object(Illuminate/Http/Request))
#22 D:/2.ANDROID/3.FlutterVSCode/projects/SHE Inspection System/backend/she-api/vendor/laravel/framework/src/Illuminate/Foundation/Http/Middleware/ConvertEmptyStringsToNull.php(31): Illuminate/Foundation/Http/Middleware/TransformsRequest->handle(Object(Illuminate/Http/Request), Object(Closure))
#23 D:/2.ANDROID/3.FlutterVSCode/projects/SHE Inspection System/backend/she-api/vendor/laravel/framework/src/Illuminate/Pipeline/Pipeline.php(209): Illuminate/Foundation/Http/Middleware/ConvertEmptyStringsToNull->handle(Object(Illuminate/Http/Request), Object(Closure))
#24 D:/2.ANDROID/3.FlutterVSCode/projects/SHE Inspection System/backend/she-api/vendor/laravel/framework/src/Illuminate/Foundation/Http/Middleware/TransformsRequest.php(21): Illuminate/Pipeline/Pipeline->Illuminate/Pipeline/{closure}(Object(Illuminate/Http/Request))
#25 D:/2.ANDROID/3.FlutterVSCode/projects/SHE Inspection System/backend/she-api/vendor/laravel/framework/src/Illuminate/Foundation/Http/Middleware/TrimStrings.php(51): Illuminate/Foundation/Http/Middleware/TransformsRequest->handle(Object(Illuminate/Http/Request), Object(Closure))
#26 D:/2.ANDROID/3.FlutterVSCode/projects/SHE Inspection System/backend/she-api/vendor/laravel/framework/src/Illuminate/Pipeline/Pipeline.php(209): Illuminate/Foundation/Http/Middleware/TrimStrings->handle(Object(Illuminate/Http/Request), Object(Closure))
#27 D:/2.ANDROID/3.FlutterVSCode/projects/SHE Inspection System/backend/she-api/vendor/laravel/framework/src/Illuminate/Http/Middleware/ValidatePostSize.php(27): Illuminate/Pipeline/Pipeline->Illuminate/Pipeline/{closure}(Object(Illuminate/Http/Request))
#28 D:/2.ANDROID/3.FlutterVSCode/projects/SHE Inspection System/backend/she-api/vendor/laravel/framework/src/Illuminate/Pipeline/Pipeline.php(209): Illuminate/Http/Middleware/ValidatePostSize->handle(Object(Illuminate/Http/Request), Object(Closure))
#29 D:/2.ANDROID/3.FlutterVSCode/projects/SHE Inspection System/backend/she-api/vendor/laravel/framework/src/Illuminate/Foundation/Http/Middleware/PreventRequestsDuringMaintenance.php(110): Illuminate/Pipeline/Pipeline->Illuminate/Pipeline/{closure}(Object(Illuminate/Http/Request))
#30 D:/2.ANDROID/3.FlutterVSCode/projects/SHE Inspection System/backend/she-api/vendor/laravel/framework/src/Illuminate/Pipeline/Pipeline.php(209): Illuminate/Foundation/Http/Middleware/PreventRequestsDuringMaintenance->handle(Object(Illuminate/Http/Request), Object(Closure))
#31 D:/2.ANDROID/3.FlutterVSCode/projects/SHE Inspection System/backend/she-api/vendor/laravel/framework/src/Illuminate/Http/Middleware/HandleCors.php(62): Illuminate/Pipeline/Pipeline->Illuminate/Pipeline/{closure}(Object(Illuminate/Http/Request))
#32 D:/2.ANDROID/3.FlutterVSCode/projects/SHE Inspection System/backend/she-api/vendor/laravel/framework/src/Illuminate/Pipeline/Pipeline.php(209): Illuminate/Http/Middleware/HandleCors->handle(Object(Illuminate/Http/Request), Object(Closure))
#33 D:/2.ANDROID/3.FlutterVSCode/projects/SHE Inspection System/backend/she-api/vendor/laravel/framework/src/Illuminate/Http/Middleware/TrustProxies.php(58): Illuminate/Pipeline/Pipeline->Illuminate/Pipeline/{closure}(Object(Illuminate/Http/Request))
#34 D:/2.ANDROID/3.FlutterVSCode/projects/SHE Inspection System/backend/she-api/vendor/laravel/framework/src/Illuminate/Pipeline/Pipeline.php(209): Illuminate/Http/Middleware/TrustProxies->handle(Object(Illuminate/Http/Request), Object(Closure))
#35 D:/2.ANDROID/3.FlutterVSCode/projects/SHE Inspection System/backend/she-api/vendor/laravel/framework/src/Illuminate/Foundation/Http/Middleware/InvokeDeferredCallbacks.php(22): Illuminate/Pipeline/Pipeline->Illuminate/Pipeline/{closure}(Object(Illuminate/Http/Request))
#36 D:/2.ANDROID/3.FlutterVSCode/projects/SHE Inspection System/backend/she-api/vendor/laravel/framework/src/Illuminate/Pipeline/Pipeline.php(209): Illuminate/Foundation/Http/Middleware/InvokeDeferredCallbacks->handle(Object(Illuminate/Http/Request), Object(Closure))
#37 D:/2.ANDROID/3.FlutterVSCode/projects/SHE Inspection System/backend/she-api/vendor/laravel/framework/src/Illuminate/Pipeline/Pipeline.php(127): Illuminate/Pipeline/Pipeline->Illuminate/Pipeline/{closure}(Object(Illuminate/Http/Request))
#38 D:/2.ANDROID/3.FlutterVSCode/projects/SHE Inspection System/backend/she-api/vendor/laravel/framework/src/Illuminate/Foundation/Http/Kernel.php(176): Illuminate/Pipeline/Pipeline->then(Object(Closure))
#39 D:/2.ANDROID/3.FlutterVSCode/projects/SHE Inspection System/backend/she-api/vendor/laravel/framework/src/Illuminate/Foundation/Http/Kernel.php(145): Illuminate/Foundation/Http/Kernel->sendRequestThroughRouter(Object(Illuminate/Http/Request))
#40 D:/2.ANDROID/3.FlutterVSCode/projects/SHE Inspection System/backend/she-api/vendor/laravel/framework/src/Illuminate/Foundation/Application.php(1220): Illuminate/Foundation/Http/Kernel->handle(Object(Illuminate/Http/Request))
#41 D:/2.ANDROID/3.FlutterVSCode/projects/SHE Inspection System/backend/she-api/public/index.php(20): Illuminate/Foundation/Application->handleRequest(Object(Illuminate/Http/Request))
#42 D:/2.ANDROID/3.FlutterVSCode/projects/SHE Inspection System/backend/she-api/vendor/laravel/framework/src/Illuminate/Foundation/resources/server.php(23): require_once('D://2.ANDROID//3....')
#43 {main}
"} 
[2026-07-01 11:10:44] local.ERROR: Target class [App\Http\Controllers\Api\FireExtinguisherController] does not exist. {"userId":1,"exception":"[object] (Illuminate\\Contracts\\Container\\BindingResolutionException(code: 0): Target class [App\\Http\\Controllers\\Api\\FireExtinguisherController] does not exist. at D:/2.ANDROID/3.FlutterVSCode/projects/SHE Inspection System/backend/she-api/vendor/laravel/framework/src/Illuminate/Container/Container.php:961)
[stacktrace]
#0 D:/2.ANDROID/3.FlutterVSCode/projects/SHE Inspection System/backend/she-api/vendor/laravel/framework/src/Illuminate/Container/Container.php(832): Illuminate/Container/Container->build('App//Http//Contro...')
#1 D:/2.ANDROID/3.FlutterVSCode/projects/SHE Inspection System/backend/she-api/vendor/laravel/framework/src/Illuminate/Foundation/Application.php(1078): Illuminate/Container/Container->resolve('App//Http//Contro...', Array, true)
#2 D:/2.ANDROID/3.FlutterVSCode/projects/SHE Inspection System/backend/she-api/vendor/laravel/framework/src/Illuminate/Container/Container.php(763): Illuminate/Foundation/Application->resolve('App//Http//Contro...', Array)
#3 D:/2.ANDROID/3.FlutterVSCode/projects/SHE Inspection System/backend/she-api/vendor/laravel/framework/src/Illuminate/Foundation/Application.php(1058): Illuminate/Container/Container->make('App//Http//Contro...', Array)
#4 D:/2.ANDROID/3.FlutterVSCode/projects/SHE Inspection System/backend/she-api/vendor/laravel/framework/src/Illuminate/Routing/Route.php(285): Illuminate/Foundation/Application->make('App//Http//Contro...')
#5 D:/2.ANDROID/3.FlutterVSCode/projects/SHE Inspection System/backend/she-api/vendor/laravel/framework/src/Illuminate/Routing/Route.php(267): Illuminate/Routing/Route->getController()
#6 D:/2.ANDROID/3.FlutterVSCode/projects/SHE Inspection System/backend/she-api/vendor/laravel/framework/src/Illuminate/Routing/Route.php(212): Illuminate/Routing/Route->runController()
#7 D:/2.ANDROID/3.FlutterVSCode/projects/SHE Inspection System/backend/she-api/vendor/laravel/framework/src/Illuminate/Routing/Router.php(808): Illuminate/Routing/Route->run()
#8 D:/2.ANDROID/3.FlutterVSCode/projects/SHE Inspection System/backend/she-api/vendor/laravel/framework/src/Illuminate/Pipeline/Pipeline.php(170): Illuminate/Routing/Router->Illuminate/Routing/{closure}(Object(Illuminate/Http/Request))
#9 D:/2.ANDROID/3.FlutterVSCode/projects/SHE Inspection System/backend/she-api/vendor/laravel/framework/src/Illuminate/Routing/Middleware/SubstituteBindings.php(51): Illuminate/Pipeline/Pipeline->Illuminate/Pipeline/{closure}(Object(Illuminate/Http/Request))
#10 D:/2.ANDROID/3.FlutterVSCode/projects/SHE Inspection System/backend/she-api/vendor/laravel/framework/src/Illuminate/Pipeline/Pipeline.php(209): Illuminate/Routing/Middleware/SubstituteBindings->handle(Object(Illuminate/Http/Request), Object(Closure))
#11 D:/2.ANDROID/3.FlutterVSCode/projects/SHE Inspection System/backend/she-api/vendor/laravel/framework/src/Illuminate/Auth/Middleware/Authenticate.php(64): Illuminate/Pipeline/Pipeline->Illuminate/Pipeline/{closure}(Object(Illuminate/Http/Request))
#12 D:/2.ANDROID/3.FlutterVSCode/projects/SHE Inspection System/backend/she-api/vendor/laravel/framework/src/Illuminate/Pipeline/Pipeline.php(209): Illuminate/Auth/Middleware/Authenticate->handle(Object(Illuminate/Http/Request), Object(Closure), 'sanctum')
#13 D:/2.ANDROID/3.FlutterVSCode/projects/SHE Inspection System/backend/she-api/vendor/laravel/framework/src/Illuminate/Pipeline/Pipeline.php(127): Illuminate/Pipeline/Pipeline->Illuminate/Pipeline/{closure}(Object(Illuminate/Http/Request))
#14 D:/2.ANDROID/3.FlutterVSCode/projects/SHE Inspection System/backend/she-api/vendor/laravel/framework/src/Illuminate/Routing/Router.php(807): Illuminate/Pipeline/Pipeline->then(Object(Closure))
#15 D:/2.ANDROID/3.FlutterVSCode/projects/SHE Inspection System/backend/she-api/vendor/laravel/framework/src/Illuminate/Routing/Router.php(786): Illuminate/Routing/Router->runRouteWithinStack(Object(Illuminate/Routing/Route), Object(Illuminate/Http/Request))
#16 D:/2.ANDROID/3.FlutterVSCode/projects/SHE Inspection System/backend/she-api/vendor/laravel/framework/src/Illuminate/Routing/Router.php(750): Illuminate/Routing/Router->runRoute(Object(Illuminate/Http/Request), Object(Illuminate/Routing/Route))
#17 D:/2.ANDROID/3.FlutterVSCode/projects/SHE Inspection System/backend/she-api/vendor/laravel/framework/src/Illuminate/Routing/Router.php(739): Illuminate/Routing/Router->dispatchToRoute(Object(Illuminate/Http/Request))
#18 D:/2.ANDROID/3.FlutterVSCode/projects/SHE Inspection System/backend/she-api/vendor/laravel/framework/src/Illuminate/Foundation/Http/Kernel.php(201): Illuminate/Routing/Router->dispatch(Object(Illuminate/Http/Request))
#19 D:/2.ANDROID/3.FlutterVSCode/projects/SHE Inspection System/backend/she-api/vendor/laravel/framework/src/Illuminate/Pipeline/Pipeline.php(170): Illuminate/Foundation/Http/Kernel->Illuminate/Foundation/Http/{closure}(Object(Illuminate/Http/Request))
#20 D:/2.ANDROID/3.FlutterVSCode/projects/SHE Inspection System/backend/she-api/vendor/laravel/framework/src/Illuminate/Foundation/Http/Middleware/TransformsRequest.php(21): Illuminate/Pipeline/Pipeline->Illuminate/Pipeline/{closure}(Object(Illuminate/Http/Request))
#21 D:/2.ANDROID/3.FlutterVSCode/projects/SHE Inspection System/backend/she-api/vendor/laravel/framework/src/Illuminate/Foundation/Http/Middleware/ConvertEmptyStringsToNull.php(31): Illuminate/Foundation/Http/Middleware/TransformsRequest->handle(Object(Illuminate/Http/Request), Object(Closure))
#22 D:/2.ANDROID/3.FlutterVSCode/projects/SHE Inspection System/backend/she-api/vendor/laravel/framework/src/Illuminate/Pipeline/Pipeline.php(209): Illuminate/Foundation/Http/Middleware/ConvertEmptyStringsToNull->handle(Object(Illuminate/Http/Request), Object(Closure))
#23 D:/2.ANDROID/3.FlutterVSCode/projects/SHE Inspection System/backend/she-api/vendor/laravel/framework/src/Illuminate/Foundation/Http/Middleware/TransformsRequest.php(21): Illuminate/Pipeline/Pipeline->Illuminate/Pipeline/{closure}(Object(Illuminate/Http/Request))
#24 D:/2.ANDROID/3.FlutterVSCode/projects/SHE Inspection System/backend/she-api/vendor/laravel/framework/src/Illuminate/Foundation/Http/Middleware/TrimStrings.php(51): Illuminate/Foundation/Http/Middleware/TransformsRequest->handle(Object(Illuminate/Http/Request), Object(Closure))
#25 D:/2.ANDROID/3.FlutterVSCode/projects/SHE Inspection System/backend/she-api/vendor/laravel/framework/src/Illuminate/Pipeline/Pipeline.php(209): Illuminate/Foundation/Http/Middleware/TrimStrings->handle(Object(Illuminate/Http/Request), Object(Closure))
#26 D:/2.ANDROID/3.FlutterVSCode/projects/SHE Inspection System/backend/she-api/vendor/laravel/framework/src/Illuminate/Http/Middleware/ValidatePostSize.php(27): Illuminate/Pipeline/Pipeline->Illuminate/Pipeline/{closure}(Object(Illuminate/Http/Request))
#27 D:/2.ANDROID/3.FlutterVSCode/projects/SHE Inspection System/backend/she-api/vendor/laravel/framework/src/Illuminate/Pipeline/Pipeline.php(209): Illuminate/Http/Middleware/ValidatePostSize->handle(Object(Illuminate/Http/Request), Object(Closure))
#28 D:/2.ANDROID/3.FlutterVSCode/projects/SHE Inspection System/backend/she-api/vendor/laravel/framework/src/Illuminate/Foundation/Http/Middleware/PreventRequestsDuringMaintenance.php(110): Illuminate/Pipeline/Pipeline->Illuminate/Pipeline/{closure}(Object(Illuminate/Http/Request))
#29 D:/2.ANDROID/3.FlutterVSCode/projects/SHE Inspection System/backend/she-api/vendor/laravel/framework/src/Illuminate/Pipeline/Pipeline.php(209): Illuminate/Foundation/Http/Middleware/PreventRequestsDuringMaintenance->handle(Object(Illuminate/Http/Request), Object(Closure))
#30 D:/2.ANDROID/3.FlutterVSCode/projects/SHE Inspection System/backend/she-api/vendor/laravel/framework/src/Illuminate/Http/Middleware/HandleCors.php(62): Illuminate/Pipeline/Pipeline->Illuminate/Pipeline/{closure}(Object(Illuminate/Http/Request))
#31 D:/2.ANDROID/3.FlutterVSCode/projects/SHE Inspection System/backend/she-api/vendor/laravel/framework/src/Illuminate/Pipeline/Pipeline.php(209): Illuminate/Http/Middleware/HandleCors->handle(Object(Illuminate/Http/Request), Object(Closure))
#32 D:/2.ANDROID/3.FlutterVSCode/projects/SHE Inspection System/backend/she-api/vendor/laravel/framework/src/Illuminate/Http/Middleware/TrustProxies.php(58): Illuminate/Pipeline/Pipeline->Illuminate/Pipeline/{closure}(Object(Illuminate/Http/Request))
#33 D:/2.ANDROID/3.FlutterVSCode/projects/SHE Inspection System/backend/she-api/vendor/laravel/framework/src/Illuminate/Pipeline/Pipeline.php(209): Illuminate/Http/Middleware/TrustProxies->handle(Object(Illuminate/Http/Request), Object(Closure))
#34 D:/2.ANDROID/3.FlutterVSCode/projects/SHE Inspection System/backend/she-api/vendor/laravel/framework/src/Illuminate/Foundation/Http/Middleware/InvokeDeferredCallbacks.php(22): Illuminate/Pipeline/Pipeline->Illuminate/Pipeline/{closure}(Object(Illuminate/Http/Request))
#35 D:/2.ANDROID/3.FlutterVSCode/projects/SHE Inspection System/backend/she-api/vendor/laravel/framework/src/Illuminate/Pipeline/Pipeline.php(209): Illuminate/Foundation/Http/Middleware/InvokeDeferredCallbacks->handle(Object(Illuminate/Http/Request), Object(Closure))
#36 D:/2.ANDROID/3.FlutterVSCode/projects/SHE Inspection System/backend/she-api/vendor/laravel/framework/src/Illuminate/Pipeline/Pipeline.php(127): Illuminate/Pipeline/Pipeline->Illuminate/Pipeline/{closure}(Object(Illuminate/Http/Request))
#37 D:/2.ANDROID/3.FlutterVSCode/projects/SHE Inspection System/backend/she-api/vendor/laravel/framework/src/Illuminate/Foundation/Http/Kernel.php(176): Illuminate/Pipeline/Pipeline->then(Object(Closure))
#38 D:/2.ANDROID/3.FlutterVSCode/projects/SHE Inspection System/backend/she-api/vendor/laravel/framework/src/Illuminate/Foundation/Http/Kernel.php(145): Illuminate/Foundation/Http/Kernel->sendRequestThroughRouter(Object(Illuminate/Http/Request))
#39 D:/2.ANDROID/3.FlutterVSCode/projects/SHE Inspection System/backend/she-api/vendor/laravel/framework/src/Illuminate/Foundation/Application.php(1220): Illuminate/Foundation/Http/Kernel->handle(Object(Illuminate/Http/Request))
#40 D:/2.ANDROID/3.FlutterVSCode/projects/SHE Inspection System/backend/she-api/public/index.php(20): Illuminate/Foundation/Application->handleRequest(Object(Illuminate/Http/Request))
#41 D:/2.ANDROID/3.FlutterVSCode/projects/SHE Inspection System/backend/she-api/vendor/laravel/framework/src/Illuminate/Foundation/resources/server.php(23): require_once('D://2.ANDROID//3....')
#42 {main}

[previous exception] [object] (ReflectionException(code: -1): Class \"App\\Http\\Controllers\\Api\\FireExtinguisherController\" does not exist at D:/2.ANDROID/3.FlutterVSCode/projects/SHE Inspection System/backend/she-api/vendor/laravel/framework/src/Illuminate/Container/Container.php:959)
[stacktrace]
#0 D:/2.ANDROID/3.FlutterVSCode/projects/SHE Inspection System/backend/she-api/vendor/laravel/framework/src/Illuminate/Container/Container.php(959): ReflectionClass->__construct('App//Http//Contro...')
#1 D:/2.ANDROID/3.FlutterVSCode/projects/SHE Inspection System/backend/she-api/vendor/laravel/framework/src/Illuminate/Container/Container.php(832): Illuminate/Container/Container->build('App//Http//Contro...')
#2 D:/2.ANDROID/3.FlutterVSCode/projects/SHE Inspection System/backend/she-api/vendor/laravel/framework/src/Illuminate/Foundation/Application.php(1078): Illuminate/Container/Container->resolve('App//Http//Contro...', Array, true)
#3 D:/2.ANDROID/3.FlutterVSCode/projects/SHE Inspection System/backend/she-api/vendor/laravel/framework/src/Illuminate/Container/Container.php(763): Illuminate/Foundation/Application->resolve('App//Http//Contro...', Array)
#4 D:/2.ANDROID/3.FlutterVSCode/projects/SHE Inspection System/backend/she-api/vendor/laravel/framework/src/Illuminate/Foundation/Application.php(1058): Illuminate/Container/Container->make('App//Http//Contro...', Array)
#5 D:/2.ANDROID/3.FlutterVSCode/projects/SHE Inspection System/backend/she-api/vendor/laravel/framework/src/Illuminate/Routing/Route.php(285): Illuminate/Foundation/Application->make('App//Http//Contro...')
#6 D:/2.ANDROID/3.FlutterVSCode/projects/SHE Inspection System/backend/she-api/vendor/laravel/framework/src/Illuminate/Routing/Route.php(267): Illuminate/Routing/Route->getController()
#7 D:/2.ANDROID/3.FlutterVSCode/projects/SHE Inspection System/backend/she-api/vendor/laravel/framework/src/Illuminate/Routing/Route.php(212): Illuminate/Routing/Route->runController()
#8 D:/2.ANDROID/3.FlutterVSCode/projects/SHE Inspection System/backend/she-api/vendor/laravel/framework/src/Illuminate/Routing/Router.php(808): Illuminate/Routing/Route->run()
#9 D:/2.ANDROID/3.FlutterVSCode/projects/SHE Inspection System/backend/she-api/vendor/laravel/framework/src/Illuminate/Pipeline/Pipeline.php(170): Illuminate/Routing/Router->Illuminate/Routing/{closure}(Object(Illuminate/Http/Request))
#10 D:/2.ANDROID/3.FlutterVSCode/projects/SHE Inspection System/backend/she-api/vendor/laravel/framework/src/Illuminate/Routing/Middleware/SubstituteBindings.php(51): Illuminate/Pipeline/Pipeline->Illuminate/Pipeline/{closure}(Object(Illuminate/Http/Request))
#11 D:/2.ANDROID/3.FlutterVSCode/projects/SHE Inspection System/backend/she-api/vendor/laravel/framework/src/Illuminate/Pipeline/Pipeline.php(209): Illuminate/Routing/Middleware/SubstituteBindings->handle(Object(Illuminate/Http/Request), Object(Closure))
#12 D:/2.ANDROID/3.FlutterVSCode/projects/SHE Inspection System/backend/she-api/vendor/laravel/framework/src/Illuminate/Auth/Middleware/Authenticate.php(64): Illuminate/Pipeline/Pipeline->Illuminate/Pipeline/{closure}(Object(Illuminate/Http/Request))
#13 D:/2.ANDROID/3.FlutterVSCode/projects/SHE Inspection System/backend/she-api/vendor/laravel/framework/src/Illuminate/Pipeline/Pipeline.php(209): Illuminate/Auth/Middleware/Authenticate->handle(Object(Illuminate/Http/Request), Object(Closure), 'sanctum')
#14 D:/2.ANDROID/3.FlutterVSCode/projects/SHE Inspection System/backend/she-api/vendor/laravel/framework/src/Illuminate/Pipeline/Pipeline.php(127): Illuminate/Pipeline/Pipeline->Illuminate/Pipeline/{closure}(Object(Illuminate/Http/Request))
#15 D:/2.ANDROID/3.FlutterVSCode/projects/SHE Inspection System/backend/she-api/vendor/laravel/framework/src/Illuminate/Routing/Router.php(807): Illuminate/Pipeline/Pipeline->then(Object(Closure))
#16 D:/2.ANDROID/3.FlutterVSCode/projects/SHE Inspection System/backend/she-api/vendor/laravel/framework/src/Illuminate/Routing/Router.php(786): Illuminate/Routing/Router->runRouteWithinStack(Object(Illuminate/Routing/Route), Object(Illuminate/Http/Request))
#17 D:/2.ANDROID/3.FlutterVSCode/projects/SHE Inspection System/backend/she-api/vendor/laravel/framework/src/Illuminate/Routing/Router.php(750): Illuminate/Routing/Router->runRoute(Object(Illuminate/Http/Request), Object(Illuminate/Routing/Route))
#18 D:/2.ANDROID/3.FlutterVSCode/projects/SHE Inspection System/backend/she-api/vendor/laravel/framework/src/Illuminate/Routing/Router.php(739): Illuminate/Routing/Router->dispatchToRoute(Object(Illuminate/Http/Request))
#19 D:/2.ANDROID/3.FlutterVSCode/projects/SHE Inspection System/backend/she-api/vendor/laravel/framework/src/Illuminate/Foundation/Http/Kernel.php(201): Illuminate/Routing/Router->dispatch(Object(Illuminate/Http/Request))
#20 D:/2.ANDROID/3.FlutterVSCode/projects/SHE Inspection System/backend/she-api/vendor/laravel/framework/src/Illuminate/Pipeline/Pipeline.php(170): Illuminate/Foundation/Http/Kernel->Illuminate/Foundation/Http/{closure}(Object(Illuminate/Http/Request))
#21 D:/2.ANDROID/3.FlutterVSCode/projects/SHE Inspection System/backend/she-api/vendor/laravel/framework/src/Illuminate/Foundation/Http/Middleware/TransformsRequest.php(21): Illuminate/Pipeline/Pipeline->Illuminate/Pipeline/{closure}(Object(Illuminate/Http/Request))
#22 D:/2.ANDROID/3.FlutterVSCode/projects/SHE Inspection System/backend/she-api/vendor/laravel/framework/src/Illuminate/Foundation/Http/Middleware/ConvertEmptyStringsToNull.php(31): Illuminate/Foundation/Http/Middleware/TransformsRequest->handle(Object(Illuminate/Http/Request), Object(Closure))
#23 D:/2.ANDROID/3.FlutterVSCode/projects/SHE Inspection System/backend/she-api/vendor/laravel/framework/src/Illuminate/Pipeline/Pipeline.php(209): Illuminate/Foundation/Http/Middleware/ConvertEmptyStringsToNull->handle(Object(Illuminate/Http/Request), Object(Closure))
#24 D:/2.ANDROID/3.FlutterVSCode/projects/SHE Inspection System/backend/she-api/vendor/laravel/framework/src/Illuminate/Foundation/Http/Middleware/TransformsRequest.php(21): Illuminate/Pipeline/Pipeline->Illuminate/Pipeline/{closure}(Object(Illuminate/Http/Request))
#25 D:/2.ANDROID/3.FlutterVSCode/projects/SHE Inspection System/backend/she-api/vendor/laravel/framework/src/Illuminate/Foundation/Http/Middleware/TrimStrings.php(51): Illuminate/Foundation/Http/Middleware/TransformsRequest->handle(Object(Illuminate/Http/Request), Object(Closure))
#26 D:/2.ANDROID/3.FlutterVSCode/projects/SHE Inspection System/backend/she-api/vendor/laravel/framework/src/Illuminate/Pipeline/Pipeline.php(209): Illuminate/Foundation/Http/Middleware/TrimStrings->handle(Object(Illuminate/Http/Request), Object(Closure))
#27 D:/2.ANDROID/3.FlutterVSCode/projects/SHE Inspection System/backend/she-api/vendor/laravel/framework/src/Illuminate/Http/Middleware/ValidatePostSize.php(27): Illuminate/Pipeline/Pipeline->Illuminate/Pipeline/{closure}(Object(Illuminate/Http/Request))
#28 D:/2.ANDROID/3.FlutterVSCode/projects/SHE Inspection System/backend/she-api/vendor/laravel/framework/src/Illuminate/Pipeline/Pipeline.php(209): Illuminate/Http/Middleware/ValidatePostSize->handle(Object(Illuminate/Http/Request), Object(Closure))
#29 D:/2.ANDROID/3.FlutterVSCode/projects/SHE Inspection System/backend/she-api/vendor/laravel/framework/src/Illuminate/Foundation/Http/Middleware/PreventRequestsDuringMaintenance.php(110): Illuminate/Pipeline/Pipeline->Illuminate/Pipeline/{closure}(Object(Illuminate/Http/Request))
#30 D:/2.ANDROID/3.FlutterVSCode/projects/SHE Inspection System/backend/she-api/vendor/laravel/framework/src/Illuminate/Pipeline/Pipeline.php(209): Illuminate/Foundation/Http/Middleware/PreventRequestsDuringMaintenance->handle(Object(Illuminate/Http/Request), Object(Closure))
#31 D:/2.ANDROID/3.FlutterVSCode/projects/SHE Inspection System/backend/she-api/vendor/laravel/framework/src/Illuminate/Http/Middleware/HandleCors.php(62): Illuminate/Pipeline/Pipeline->Illuminate/Pipeline/{closure}(Object(Illuminate/Http/Request))
#32 D:/2.ANDROID/3.FlutterVSCode/projects/SHE Inspection System/backend/she-api/vendor/laravel/framework/src/Illuminate/Pipeline/Pipeline.php(209): Illuminate/Http/Middleware/HandleCors->handle(Object(Illuminate/Http/Request), Object(Closure))
#33 D:/2.ANDROID/3.FlutterVSCode/projects/SHE Inspection System/backend/she-api/vendor/laravel/framework/src/Illuminate/Http/Middleware/TrustProxies.php(58): Illuminate/Pipeline/Pipeline->Illuminate/Pipeline/{closure}(Object(Illuminate/Http/Request))
#34 D:/2.ANDROID/3.FlutterVSCode/projects/SHE Inspection System/backend/she-api/vendor/laravel/framework/src/Illuminate/Pipeline/Pipeline.php(209): Illuminate/Http/Middleware/TrustProxies->handle(Object(Illuminate/Http/Request), Object(Closure))
#35 D:/2.ANDROID/3.FlutterVSCode/projects/SHE Inspection System/backend/she-api/vendor/laravel/framework/src/Illuminate/Foundation/Http/Middleware/InvokeDeferredCallbacks.php(22): Illuminate/Pipeline/Pipeline->Illuminate/Pipeline/{closure}(Object(Illuminate/Http/Request))
#36 D:/2.ANDROID/3.FlutterVSCode/projects/SHE Inspection System/backend/she-api/vendor/laravel/framework/src/Illuminate/Pipeline/Pipeline.php(209): Illuminate/Foundation/Http/Middleware/InvokeDeferredCallbacks->handle(Object(Illuminate/Http/Request), Object(Closure))
#37 D:/2.ANDROID/3.FlutterVSCode/projects/SHE Inspection System/backend/she-api/vendor/laravel/framework/src/Illuminate/Pipeline/Pipeline.php(127): Illuminate/Pipeline/Pipeline->Illuminate/Pipeline/{closure}(Object(Illuminate/Http/Request))
#38 D:/2.ANDROID/3.FlutterVSCode/projects/SHE Inspection System/backend/she-api/vendor/laravel/framework/src/Illuminate/Foundation/Http/Kernel.php(176): Illuminate/Pipeline/Pipeline->then(Object(Closure))
#39 D:/2.ANDROID/3.FlutterVSCode/projects/SHE Inspection System/backend/she-api/vendor/laravel/framework/src/Illuminate/Foundation/Http/Kernel.php(145): Illuminate/Foundation/Http/Kernel->sendRequestThroughRouter(Object(Illuminate/Http/Request))
#40 D:/2.ANDROID/3.FlutterVSCode/projects/SHE Inspection System/backend/she-api/vendor/laravel/framework/src/Illuminate/Foundation/Application.php(1220): Illuminate/Foundation/Http/Kernel->handle(Object(Illuminate/Http/Request))
#41 D:/2.ANDROID/3.FlutterVSCode/projects/SHE Inspection System/backend/she-api/public/index.php(20): Illuminate/Foundation/Application->handleRequest(Object(Illuminate/Http/Request))
#42 D:/2.ANDROID/3.FlutterVSCode/projects/SHE Inspection System/backend/she-api/vendor/laravel/framework/src/Illuminate/Foundation/resources/server.php(23): require_once('D://2.ANDROID//3....')
#43 {main}
"} 
[2026-07-01 11:10:44] local.ERROR: Target class [App\Http\Controllers\Api\FireAlarmController] does not exist. {"userId":1,"exception":"[object] (Illuminate\\Contracts\\Container\\BindingResolutionException(code: 0): Target class [App\\Http\\Controllers\\Api\\FireAlarmController] does not exist. at D:/2.ANDROID/3.FlutterVSCode/projects/SHE Inspection System/backend/she-api/vendor/laravel/framework/src/Illuminate/Container/Container.php:961)
[stacktrace]
#0 D:/2.ANDROID/3.FlutterVSCode/projects/SHE Inspection System/backend/she-api/vendor/laravel/framework/src/Illuminate/Container/Container.php(832): Illuminate/Container/Container->build('App//Http//Contro...')
#1 D:/2.ANDROID/3.FlutterVSCode/projects/SHE Inspection System/backend/she-api/vendor/laravel/framework/src/Illuminate/Foundation/Application.php(1078): Illuminate/Container/Container->resolve('App//Http//Contro...', Array, true)
#2 D:/2.ANDROID/3.FlutterVSCode/projects/SHE Inspection System/backend/she-api/vendor/laravel/framework/src/Illuminate/Container/Container.php(763): Illuminate/Foundation/Application->resolve('App//Http//Contro...', Array)
#3 D:/2.ANDROID/3.FlutterVSCode/projects/SHE Inspection System/backend/she-api/vendor/laravel/framework/src/Illuminate/Foundation/Application.php(1058): Illuminate/Container/Container->make('App//Http//Contro...', Array)
#4 D:/2.ANDROID/3.FlutterVSCode/projects/SHE Inspection System/backend/she-api/vendor/laravel/framework/src/Illuminate/Routing/Route.php(285): Illuminate/Foundation/Application->make('App//Http//Contro...')
#5 D:/2.ANDROID/3.FlutterVSCode/projects/SHE Inspection System/backend/she-api/vendor/laravel/framework/src/Illuminate/Routing/Route.php(267): Illuminate/Routing/Route->getController()
#6 D:/2.ANDROID/3.FlutterVSCode/projects/SHE Inspection System/backend/she-api/vendor/laravel/framework/src/Illuminate/Routing/Route.php(212): Illuminate/Routing/Route->runController()
#7 D:/2.ANDROID/3.FlutterVSCode/projects/SHE Inspection System/backend/she-api/vendor/laravel/framework/src/Illuminate/Routing/Router.php(808): Illuminate/Routing/Route->run()
#8 D:/2.ANDROID/3.FlutterVSCode/projects/SHE Inspection System/backend/she-api/vendor/laravel/framework/src/Illuminate/Pipeline/Pipeline.php(170): Illuminate/Routing/Router->Illuminate/Routing/{closure}(Object(Illuminate/Http/Request))
#9 D:/2.ANDROID/3.FlutterVSCode/projects/SHE Inspection System/backend/she-api/vendor/laravel/framework/src/Illuminate/Routing/Middleware/SubstituteBindings.php(51): Illuminate/Pipeline/Pipeline->Illuminate/Pipeline/{closure}(Object(Illuminate/Http/Request))
#10 D:/2.ANDROID/3.FlutterVSCode/projects/SHE Inspection System/backend/she-api/vendor/laravel/framework/src/Illuminate/Pipeline/Pipeline.php(209): Illuminate/Routing/Middleware/SubstituteBindings->handle(Object(Illuminate/Http/Request), Object(Closure))
#11 D:/2.ANDROID/3.FlutterVSCode/projects/SHE Inspection System/backend/she-api/vendor/laravel/framework/src/Illuminate/Auth/Middleware/Authenticate.php(64): Illuminate/Pipeline/Pipeline->Illuminate/Pipeline/{closure}(Object(Illuminate/Http/Request))
#12 D:/2.ANDROID/3.FlutterVSCode/projects/SHE Inspection System/backend/she-api/vendor/laravel/framework/src/Illuminate/Pipeline/Pipeline.php(209): Illuminate/Auth/Middleware/Authenticate->handle(Object(Illuminate/Http/Request), Object(Closure), 'sanctum')
#13 D:/2.ANDROID/3.FlutterVSCode/projects/SHE Inspection System/backend/she-api/vendor/laravel/framework/src/Illuminate/Pipeline/Pipeline.php(127): Illuminate/Pipeline/Pipeline->Illuminate/Pipeline/{closure}(Object(Illuminate/Http/Request))
#14 D:/2.ANDROID/3.FlutterVSCode/projects/SHE Inspection System/backend/she-api/vendor/laravel/framework/src/Illuminate/Routing/Router.php(807): Illuminate/Pipeline/Pipeline->then(Object(Closure))
#15 D:/2.ANDROID/3.FlutterVSCode/projects/SHE Inspection System/backend/she-api/vendor/laravel/framework/src/Illuminate/Routing/Router.php(786): Illuminate/Routing/Router->runRouteWithinStack(Object(Illuminate/Routing/Route), Object(Illuminate/Http/Request))
#16 D:/2.ANDROID/3.FlutterVSCode/projects/SHE Inspection System/backend/she-api/vendor/laravel/framework/src/Illuminate/Routing/Router.php(750): Illuminate/Routing/Router->runRoute(Object(Illuminate/Http/Request), Object(Illuminate/Routing/Route))
#17 D:/2.ANDROID/3.FlutterVSCode/projects/SHE Inspection System/backend/she-api/vendor/laravel/framework/src/Illuminate/Routing/Router.php(739): Illuminate/Routing/Router->dispatchToRoute(Object(Illuminate/Http/Request))
#18 D:/2.ANDROID/3.FlutterVSCode/projects/SHE Inspection System/backend/she-api/vendor/laravel/framework/src/Illuminate/Foundation/Http/Kernel.php(201): Illuminate/Routing/Router->dispatch(Object(Illuminate/Http/Request))
#19 D:/2.ANDROID/3.FlutterVSCode/projects/SHE Inspection System/backend/she-api/vendor/laravel/framework/src/Illuminate/Pipeline/Pipeline.php(170): Illuminate/Foundation/Http/Kernel->Illuminate/Foundation/Http/{closure}(Object(Illuminate/Http/Request))
#20 D:/2.ANDROID/3.FlutterVSCode/projects/SHE Inspection System/backend/she-api/vendor/laravel/framework/src/Illuminate/Foundation/Http/Middleware/TransformsRequest.php(21): Illuminate/Pipeline/Pipeline->Illuminate/Pipeline/{closure}(Object(Illuminate/Http/Request))
#21 D:/2.ANDROID/3.FlutterVSCode/projects/SHE Inspection System/backend/she-api/vendor/laravel/framework/src/Illuminate/Foundation/Http/Middleware/ConvertEmptyStringsToNull.php(31): Illuminate/Foundation/Http/Middleware/TransformsRequest->handle(Object(Illuminate/Http/Request), Object(Closure))
#22 D:/2.ANDROID/3.FlutterVSCode/projects/SHE Inspection System/backend/she-api/vendor/laravel/framework/src/Illuminate/Pipeline/Pipeline.php(209): Illuminate/Foundation/Http/Middleware/ConvertEmptyStringsToNull->handle(Object(Illuminate/Http/Request), Object(Closure))
#23 D:/2.ANDROID/3.FlutterVSCode/projects/SHE Inspection System/backend/she-api/vendor/laravel/framework/src/Illuminate/Foundation/Http/Middleware/TransformsRequest.php(21): Illuminate/Pipeline/Pipeline->Illuminate/Pipeline/{closure}(Object(Illuminate/Http/Request))
#24 D:/2.ANDROID/3.FlutterVSCode/projects/SHE Inspection System/backend/she-api/vendor/laravel/framework/src/Illuminate/Foundation/Http/Middleware/TrimStrings.php(51): Illuminate/Foundation/Http/Middleware/TransformsRequest->handle(Object(Illuminate/Http/Request), Object(Closure))
#25 D:/2.ANDROID/3.FlutterVSCode/projects/SHE Inspection System/backend/she-api/vendor/laravel/framework/src/Illuminate/Pipeline/Pipeline.php(209): Illuminate/Foundation/Http/Middleware/TrimStrings->handle(Object(Illuminate/Http/Request), Object(Closure))
#26 D:/2.ANDROID/3.FlutterVSCode/projects/SHE Inspection System/backend/she-api/vendor/laravel/framework/src/Illuminate/Http/Middleware/ValidatePostSize.php(27): Illuminate/Pipeline/Pipeline->Illuminate/Pipeline/{closure}(Object(Illuminate/Http/Request))
#27 D:/2.ANDROID/3.FlutterVSCode/projects/SHE Inspection System/backend/she-api/vendor/laravel/framework/src/Illuminate/Pipeline/Pipeline.php(209): Illuminate/Http/Middleware/ValidatePostSize->handle(Object(Illuminate/Http/Request), Object(Closure))
#28 D:/2.ANDROID/3.FlutterVSCode/projects/SHE Inspection System/backend/she-api/vendor/laravel/framework/src/Illuminate/Foundation/Http/Middleware/PreventRequestsDuringMaintenance.php(110): Illuminate/Pipeline/Pipeline->Illuminate/Pipeline/{closure}(Object(Illuminate/Http/Request))
#29 D:/2.ANDROID/3.FlutterVSCode/projects/SHE Inspection System/backend/she-api/vendor/laravel/framework/src/Illuminate/Pipeline/Pipeline.php(209): Illuminate/Foundation/Http/Middleware/PreventRequestsDuringMaintenance->handle(Object(Illuminate/Http/Request), Object(Closure))
#30 D:/2.ANDROID/3.FlutterVSCode/projects/SHE Inspection System/backend/she-api/vendor/laravel/framework/src/Illuminate/Http/Middleware/HandleCors.php(62): Illuminate/Pipeline/Pipeline->Illuminate/Pipeline/{closure}(Object(Illuminate/Http/Request))
#31 D:/2.ANDROID/3.FlutterVSCode/projects/SHE Inspection System/backend/she-api/vendor/laravel/framework/src/Illuminate/Pipeline/Pipeline.php(209): Illuminate/Http/Middleware/HandleCors->handle(Object(Illuminate/Http/Request), Object(Closure))
#32 D:/2.ANDROID/3.FlutterVSCode/projects/SHE Inspection System/backend/she-api/vendor/laravel/framework/src/Illuminate/Http/Middleware/TrustProxies.php(58): Illuminate/Pipeline/Pipeline->Illuminate/Pipeline/{closure}(Object(Illuminate/Http/Request))
#33 D:/2.ANDROID/3.FlutterVSCode/projects/SHE Inspection System/backend/she-api/vendor/laravel/framework/src/Illuminate/Pipeline/Pipeline.php(209): Illuminate/Http/Middleware/TrustProxies->handle(Object(Illuminate/Http/Request), Object(Closure))
#34 D:/2.ANDROID/3.FlutterVSCode/projects/SHE Inspection System/backend/she-api/vendor/laravel/framework/src/Illuminate/Foundation/Http/Middleware/InvokeDeferredCallbacks.php(22): Illuminate/Pipeline/Pipeline->Illuminate/Pipeline/{closure}(Object(Illuminate/Http/Request))
#35 D:/2.ANDROID/3.FlutterVSCode/projects/SHE Inspection System/backend/she-api/vendor/laravel/framework/src/Illuminate/Pipeline/Pipeline.php(209): Illuminate/Foundation/Http/Middleware/InvokeDeferredCallbacks->handle(Object(Illuminate/Http/Request), Object(Closure))
#36 D:/2.ANDROID/3.FlutterVSCode/projects/SHE Inspection System/backend/she-api/vendor/laravel/framework/src/Illuminate/Pipeline/Pipeline.php(127): Illuminate/Pipeline/Pipeline->Illuminate/Pipeline/{closure}(Object(Illuminate/Http/Request))
#37 D:/2.ANDROID/3.FlutterVSCode/projects/SHE Inspection System/backend/she-api/vendor/laravel/framework/src/Illuminate/Foundation/Http/Kernel.php(176): Illuminate/Pipeline/Pipeline->then(Object(Closure))
#38 D:/2.ANDROID/3.FlutterVSCode/projects/SHE Inspection System/backend/she-api/vendor/laravel/framework/src/Illuminate/Foundation/Http/Kernel.php(145): Illuminate/Foundation/Http/Kernel->sendRequestThroughRouter(Object(Illuminate/Http/Request))
#39 D:/2.ANDROID/3.FlutterVSCode/projects/SHE Inspection System/backend/she-api/vendor/laravel/framework/src/Illuminate/Foundation/Application.php(1220): Illuminate/Foundation/Http/Kernel->handle(Object(Illuminate/Http/Request))
#40 D:/2.ANDROID/3.FlutterVSCode/projects/SHE Inspection System/backend/she-api/public/index.php(20): Illuminate/Foundation/Application->handleRequest(Object(Illuminate/Http/Request))
#41 D:/2.ANDROID/3.FlutterVSCode/projects/SHE Inspection System/backend/she-api/vendor/laravel/framework/src/Illuminate/Foundation/resources/server.php(23): require_once('D://2.ANDROID//3....')
#42 {main}

[previous exception] [object] (ReflectionException(code: -1): Class \"App\\Http\\Controllers\\Api\\FireAlarmController\" does not exist at D:/2.ANDROID/3.FlutterVSCode/projects/SHE Inspection System/backend/she-api/vendor/laravel/framework/src/Illuminate/Container/Container.php:959)
[stacktrace]
#0 D:/2.ANDROID/3.FlutterVSCode/projects/SHE Inspection System/backend/she-api/vendor/laravel/framework/src/Illuminate/Container/Container.php(959): ReflectionClass->__construct('App//Http//Contro...')
#1 D:/2.ANDROID/3.FlutterVSCode/projects/SHE Inspection System/backend/she-api/vendor/laravel/framework/src/Illuminate/Container/Container.php(832): Illuminate/Container/Container->build('App//Http//Contro...')
#2 D:/2.ANDROID/3.FlutterVSCode/projects/SHE Inspection System/backend/she-api/vendor/laravel/framework/src/Illuminate/Foundation/Application.php(1078): Illuminate/Container/Container->resolve('App//Http//Contro...', Array, true)
#3 D:/2.ANDROID/3.FlutterVSCode/projects/SHE Inspection System/backend/she-api/vendor/laravel/framework/src/Illuminate/Container/Container.php(763): Illuminate/Foundation/Application->resolve('App//Http//Contro...', Array)
#4 D:/2.ANDROID/3.FlutterVSCode/projects/SHE Inspection System/backend/she-api/vendor/laravel/framework/src/Illuminate/Foundation/Application.php(1058): Illuminate/Container/Container->make('App//Http//Contro...', Array)
#5 D:/2.ANDROID/3.FlutterVSCode/projects/SHE Inspection System/backend/she-api/vendor/laravel/framework/src/Illuminate/Routing/Route.php(285): Illuminate/Foundation/Application->make('App//Http//Contro...')
#6 D:/2.ANDROID/3.FlutterVSCode/projects/SHE Inspection System/backend/she-api/vendor/laravel/framework/src/Illuminate/Routing/Route.php(267): Illuminate/Routing/Route->getController()
#7 D:/2.ANDROID/3.FlutterVSCode/projects/SHE Inspection System/backend/she-api/vendor/laravel/framework/src/Illuminate/Routing/Route.php(212): Illuminate/Routing/Route->runController()
#8 D:/2.ANDROID/3.FlutterVSCode/projects/SHE Inspection System/backend/she-api/vendor/laravel/framework/src/Illuminate/Routing/Router.php(808): Illuminate/Routing/Route->run()
#9 D:/2.ANDROID/3.FlutterVSCode/projects/SHE Inspection System/backend/she-api/vendor/laravel/framework/src/Illuminate/Pipeline/Pipeline.php(170): Illuminate/Routing/Router->Illuminate/Routing/{closure}(Object(Illuminate/Http/Request))
#10 D:/2.ANDROID/3.FlutterVSCode/projects/SHE Inspection System/backend/she-api/vendor/laravel/framework/src/Illuminate/Routing/Middleware/SubstituteBindings.php(51): Illuminate/Pipeline/Pipeline->Illuminate/Pipeline/{closure}(Object(Illuminate/Http/Request))
#11 D:/2.ANDROID/3.FlutterVSCode/projects/SHE Inspection System/backend/she-api/vendor/laravel/framework/src/Illuminate/Pipeline/Pipeline.php(209): Illuminate/Routing/Middleware/SubstituteBindings->handle(Object(Illuminate/Http/Request), Object(Closure))
#12 D:/2.ANDROID/3.FlutterVSCode/projects/SHE Inspection System/backend/she-api/vendor/laravel/framework/src/Illuminate/Auth/Middleware/Authenticate.php(64): Illuminate/Pipeline/Pipeline->Illuminate/Pipeline/{closure}(Object(Illuminate/Http/Request))
#13 D:/2.ANDROID/3.FlutterVSCode/projects/SHE Inspection System/backend/she-api/vendor/laravel/framework/src/Illuminate/Pipeline/Pipeline.php(209): Illuminate/Auth/Middleware/Authenticate->handle(Object(Illuminate/Http/Request), Object(Closure), 'sanctum')
#14 D:/2.ANDROID/3.FlutterVSCode/projects/SHE Inspection System/backend/she-api/vendor/laravel/framework/src/Illuminate/Pipeline/Pipeline.php(127): Illuminate/Pipeline/Pipeline->Illuminate/Pipeline/{closure}(Object(Illuminate/Http/Request))
#15 D:/2.ANDROID/3.FlutterVSCode/projects/SHE Inspection System/backend/she-api/vendor/laravel/framework/src/Illuminate/Routing/Router.php(807): Illuminate/Pipeline/Pipeline->then(Object(Closure))
#16 D:/2.ANDROID/3.FlutterVSCode/projects/SHE Inspection System/backend/she-api/vendor/laravel/framework/src/Illuminate/Routing/Router.php(786): Illuminate/Routing/Router->runRouteWithinStack(Object(Illuminate/Routing/Route), Object(Illuminate/Http/Request))
#17 D:/2.ANDROID/3.FlutterVSCode/projects/SHE Inspection System/backend/she-api/vendor/laravel/framework/src/Illuminate/Routing/Router.php(750): Illuminate/Routing/Router->runRoute(Object(Illuminate/Http/Request), Object(Illuminate/Routing/Route))
#18 D:/2.ANDROID/3.FlutterVSCode/projects/SHE Inspection System/backend/she-api/vendor/laravel/framework/src/Illuminate/Routing/Router.php(739): Illuminate/Routing/Router->dispatchToRoute(Object(Illuminate/Http/Request))
#19 D:/2.ANDROID/3.FlutterVSCode/projects/SHE Inspection System/backend/she-api/vendor/laravel/framework/src/Illuminate/Foundation/Http/Kernel.php(201): Illuminate/Routing/Router->dispatch(Object(Illuminate/Http/Request))
#20 D:/2.ANDROID/3.FlutterVSCode/projects/SHE Inspection System/backend/she-api/vendor/laravel/framework/src/Illuminate/Pipeline/Pipeline.php(170): Illuminate/Foundation/Http/Kernel->Illuminate/Foundation/Http/{closure}(Object(Illuminate/Http/Request))
#21 D:/2.ANDROID/3.FlutterVSCode/projects/SHE Inspection System/backend/she-api/vendor/laravel/framework/src/Illuminate/Foundation/Http/Middleware/TransformsRequest.php(21): Illuminate/Pipeline/Pipeline->Illuminate/Pipeline/{closure}(Object(Illuminate/Http/Request))
#22 D:/2.ANDROID/3.FlutterVSCode/projects/SHE Inspection System/backend/she-api/vendor/laravel/framework/src/Illuminate/Foundation/Http/Middleware/ConvertEmptyStringsToNull.php(31): Illuminate/Foundation/Http/Middleware/TransformsRequest->handle(Object(Illuminate/Http/Request), Object(Closure))
#23 D:/2.ANDROID/3.FlutterVSCode/projects/SHE Inspection System/backend/she-api/vendor/laravel/framework/src/Illuminate/Pipeline/Pipeline.php(209): Illuminate/Foundation/Http/Middleware/ConvertEmptyStringsToNull->handle(Object(Illuminate/Http/Request), Object(Closure))
#24 D:/2.ANDROID/3.FlutterVSCode/projects/SHE Inspection System/backend/she-api/vendor/laravel/framework/src/Illuminate/Foundation/Http/Middleware/TransformsRequest.php(21): Illuminate/Pipeline/Pipeline->Illuminate/Pipeline/{closure}(Object(Illuminate/Http/Request))
#25 D:/2.ANDROID/3.FlutterVSCode/projects/SHE Inspection System/backend/she-api/vendor/laravel/framework/src/Illuminate/Foundation/Http/Middleware/TrimStrings.php(51): Illuminate/Foundation/Http/Middleware/TransformsRequest->handle(Object(Illuminate/Http/Request), Object(Closure))
#26 D:/2.ANDROID/3.FlutterVSCode/projects/SHE Inspection System/backend/she-api/vendor/laravel/framework/src/Illuminate/Pipeline/Pipeline.php(209): Illuminate/Foundation/Http/Middleware/TrimStrings->handle(Object(Illuminate/Http/Request), Object(Closure))
#27 D:/2.ANDROID/3.FlutterVSCode/projects/SHE Inspection System/backend/she-api/vendor/laravel/framework/src/Illuminate/Http/Middleware/ValidatePostSize.php(27): Illuminate/Pipeline/Pipeline->Illuminate/Pipeline/{closure}(Object(Illuminate/Http/Request))
#28 D:/2.ANDROID/3.FlutterVSCode/projects/SHE Inspection System/backend/she-api/vendor/laravel/framework/src/Illuminate/Pipeline/Pipeline.php(209): Illuminate/Http/Middleware/ValidatePostSize->handle(Object(Illuminate/Http/Request), Object(Closure))
#29 D:/2.ANDROID/3.FlutterVSCode/projects/SHE Inspection System/backend/she-api/vendor/laravel/framework/src/Illuminate/Foundation/Http/Middleware/PreventRequestsDuringMaintenance.php(110): Illuminate/Pipeline/Pipeline->Illuminate/Pipeline/{closure}(Object(Illuminate/Http/Request))
#30 D:/2.ANDROID/3.FlutterVSCode/projects/SHE Inspection System/backend/she-api/vendor/laravel/framework/src/Illuminate/Pipeline/Pipeline.php(209): Illuminate/Foundation/Http/Middleware/PreventRequestsDuringMaintenance->handle(Object(Illuminate/Http/Request), Object(Closure))
#31 D:/2.ANDROID/3.FlutterVSCode/projects/SHE Inspection System/backend/she-api/vendor/laravel/framework/src/Illuminate/Http/Middleware/HandleCors.php(62): Illuminate/Pipeline/Pipeline->Illuminate/Pipeline/{closure}(Object(Illuminate/Http/Request))
#32 D:/2.ANDROID/3.FlutterVSCode/projects/SHE Inspection System/backend/she-api/vendor/laravel/framework/src/Illuminate/Pipeline/Pipeline.php(209): Illuminate/Http/Middleware/HandleCors->handle(Object(Illuminate/Http/Request), Object(Closure))
#33 D:/2.ANDROID/3.FlutterVSCode/projects/SHE Inspection System/backend/she-api/vendor/laravel/framework/src/Illuminate/Http/Middleware/TrustProxies.php(58): Illuminate/Pipeline/Pipeline->Illuminate/Pipeline/{closure}(Object(Illuminate/Http/Request))
#34 D:/2.ANDROID/3.FlutterVSCode/projects/SHE Inspection System/backend/she-api/vendor/laravel/framework/src/Illuminate/Pipeline/Pipeline.php(209): Illuminate/Http/Middleware/TrustProxies->handle(Object(Illuminate/Http/Request), Object(Closure))
#35 D:/2.ANDROID/3.FlutterVSCode/projects/SHE Inspection System/backend/she-api/vendor/laravel/framework/src/Illuminate/Foundation/Http/Middleware/InvokeDeferredCallbacks.php(22): Illuminate/Pipeline/Pipeline->Illuminate/Pipeline/{closure}(Object(Illuminate/Http/Request))
#36 D:/2.ANDROID/3.FlutterVSCode/projects/SHE Inspection System/backend/she-api/vendor/laravel/framework/src/Illuminate/Pipeline/Pipeline.php(209): Illuminate/Foundation/Http/Middleware/InvokeDeferredCallbacks->handle(Object(Illuminate/Http/Request), Object(Closure))
#37 D:/2.ANDROID/3.FlutterVSCode/projects/SHE Inspection System/backend/she-api/vendor/laravel/framework/src/Illuminate/Pipeline/Pipeline.php(127): Illuminate/Pipeline/Pipeline->Illuminate/Pipeline/{closure}(Object(Illuminate/Http/Request))
#38 D:/2.ANDROID/3.FlutterVSCode/projects/SHE Inspection System/backend/she-api/vendor/laravel/framework/src/Illuminate/Foundation/Http/Kernel.php(176): Illuminate/Pipeline/Pipeline->then(Object(Closure))
#39 D:/2.ANDROID/3.FlutterVSCode/projects/SHE Inspection System/backend/she-api/vendor/laravel/framework/src/Illuminate/Foundation/Http/Kernel.php(145): Illuminate/Foundation/Http/Kernel->sendRequestThroughRouter(Object(Illuminate/Http/Request))
#40 D:/2.ANDROID/3.FlutterVSCode/projects/SHE Inspection System/backend/she-api/vendor/laravel/framework/src/Illuminate/Foundation/Application.php(1220): Illuminate/Foundation/Http/Kernel->handle(Object(Illuminate/Http/Request))
#41 D:/2.ANDROID/3.FlutterVSCode/projects/SHE Inspection System/backend/she-api/public/index.php(20): Illuminate/Foundation/Application->handleRequest(Object(Illuminate/Http/Request))
#42 D:/2.ANDROID/3.FlutterVSCode/projects/SHE Inspection System/backend/she-api/vendor/laravel/framework/src/Illuminate/Foundation/resources/server.php(23): require_once('D://2.ANDROID//3....')
#43 {main}
"} 
[2026-07-01 11:11:44] local.ERROR: Target class [App\Http\Controllers\Api\FireHydrantController] does not exist. {"userId":1,"exception":"[object] (Illuminate\\Contracts\\Container\\BindingResolutionException(code: 0): Target class [App\\Http\\Controllers\\Api\\FireHydrantController] does not exist. at D:/2.ANDROID/3.FlutterVSCode/projects/SHE Inspection System/backend/she-api/vendor/laravel/framework/src/Illuminate/Container/Container.php:961)
[stacktrace]
#0 D:/2.ANDROID/3.FlutterVSCode/projects/SHE Inspection System/backend/she-api/vendor/laravel/framework/src/Illuminate/Container/Container.php(832): Illuminate/Container/Container->build('App//Http//Contro...')
#1 D:/2.ANDROID/3.FlutterVSCode/projects/SHE Inspection System/backend/she-api/vendor/laravel/framework/src/Illuminate/Foundation/Application.php(1078): Illuminate/Container/Container->resolve('App//Http//Contro...', Array, true)
#2 D:/2.ANDROID/3.FlutterVSCode/projects/SHE Inspection System/backend/she-api/vendor/laravel/framework/src/Illuminate/Container/Container.php(763): Illuminate/Foundation/Application->resolve('App//Http//Contro...', Array)
#3 D:/2.ANDROID/3.FlutterVSCode/projects/SHE Inspection System/backend/she-api/vendor/laravel/framework/src/Illuminate/Foundation/Application.php(1058): Illuminate/Container/Container->make('App//Http//Contro...', Array)
#4 D:/2.ANDROID/3.FlutterVSCode/projects/SHE Inspection System/backend/she-api/vendor/laravel/framework/src/Illuminate/Routing/Route.php(285): Illuminate/Foundation/Application->make('App//Http//Contro...')
#5 D:/2.ANDROID/3.FlutterVSCode/projects/SHE Inspection System/backend/she-api/vendor/laravel/framework/src/Illuminate/Routing/Route.php(267): Illuminate/Routing/Route->getController()
#6 D:/2.ANDROID/3.FlutterVSCode/projects/SHE Inspection System/backend/she-api/vendor/laravel/framework/src/Illuminate/Routing/Route.php(212): Illuminate/Routing/Route->runController()
#7 D:/2.ANDROID/3.FlutterVSCode/projects/SHE Inspection System/backend/she-api/vendor/laravel/framework/src/Illuminate/Routing/Router.php(808): Illuminate/Routing/Route->run()
#8 D:/2.ANDROID/3.FlutterVSCode/projects/SHE Inspection System/backend/she-api/vendor/laravel/framework/src/Illuminate/Pipeline/Pipeline.php(170): Illuminate/Routing/Router->Illuminate/Routing/{closure}(Object(Illuminate/Http/Request))
#9 D:/2.ANDROID/3.FlutterVSCode/projects/SHE Inspection System/backend/she-api/vendor/laravel/framework/src/Illuminate/Routing/Middleware/SubstituteBindings.php(51): Illuminate/Pipeline/Pipeline->Illuminate/Pipeline/{closure}(Object(Illuminate/Http/Request))
#10 D:/2.ANDROID/3.FlutterVSCode/projects/SHE Inspection System/backend/she-api/vendor/laravel/framework/src/Illuminate/Pipeline/Pipeline.php(209): Illuminate/Routing/Middleware/SubstituteBindings->handle(Object(Illuminate/Http/Request), Object(Closure))
#11 D:/2.ANDROID/3.FlutterVSCode/projects/SHE Inspection System/backend/she-api/vendor/laravel/framework/src/Illuminate/Auth/Middleware/Authenticate.php(64): Illuminate/Pipeline/Pipeline->Illuminate/Pipeline/{closure}(Object(Illuminate/Http/Request))
#12 D:/2.ANDROID/3.FlutterVSCode/projects/SHE Inspection System/backend/she-api/vendor/laravel/framework/src/Illuminate/Pipeline/Pipeline.php(209): Illuminate/Auth/Middleware/Authenticate->handle(Object(Illuminate/Http/Request), Object(Closure), 'sanctum')
#13 D:/2.ANDROID/3.FlutterVSCode/projects/SHE Inspection System/backend/she-api/vendor/laravel/framework/src/Illuminate/Pipeline/Pipeline.php(127): Illuminate/Pipeline/Pipeline->Illuminate/Pipeline/{closure}(Object(Illuminate/Http/Request))
#14 D:/2.ANDROID/3.FlutterVSCode/projects/SHE Inspection System/backend/she-api/vendor/laravel/framework/src/Illuminate/Routing/Router.php(807): Illuminate/Pipeline/Pipeline->then(Object(Closure))
#15 D:/2.ANDROID/3.FlutterVSCode/projects/SHE Inspection System/backend/she-api/vendor/laravel/framework/src/Illuminate/Routing/Router.php(786): Illuminate/Routing/Router->runRouteWithinStack(Object(Illuminate/Routing/Route), Object(Illuminate/Http/Request))
#16 D:/2.ANDROID/3.FlutterVSCode/projects/SHE Inspection System/backend/she-api/vendor/laravel/framework/src/Illuminate/Routing/Router.php(750): Illuminate/Routing/Router->runRoute(Object(Illuminate/Http/Request), Object(Illuminate/Routing/Route))
#17 D:/2.ANDROID/3.FlutterVSCode/projects/SHE Inspection System/backend/she-api/vendor/laravel/framework/src/Illuminate/Routing/Router.php(739): Illuminate/Routing/Router->dispatchToRoute(Object(Illuminate/Http/Request))
#18 D:/2.ANDROID/3.FlutterVSCode/projects/SHE Inspection System/backend/she-api/vendor/laravel/framework/src/Illuminate/Foundation/Http/Kernel.php(201): Illuminate/Routing/Router->dispatch(Object(Illuminate/Http/Request))
#19 D:/2.ANDROID/3.FlutterVSCode/projects/SHE Inspection System/backend/she-api/vendor/laravel/framework/src/Illuminate/Pipeline/Pipeline.php(170): Illuminate/Foundation/Http/Kernel->Illuminate/Foundation/Http/{closure}(Object(Illuminate/Http/Request))
#20 D:/2.ANDROID/3.FlutterVSCode/projects/SHE Inspection System/backend/she-api/vendor/laravel/framework/src/Illuminate/Foundation/Http/Middleware/TransformsRequest.php(21): Illuminate/Pipeline/Pipeline->Illuminate/Pipeline/{closure}(Object(Illuminate/Http/Request))
#21 D:/2.ANDROID/3.FlutterVSCode/projects/SHE Inspection System/backend/she-api/vendor/laravel/framework/src/Illuminate/Foundation/Http/Middleware/ConvertEmptyStringsToNull.php(31): Illuminate/Foundation/Http/Middleware/TransformsRequest->handle(Object(Illuminate/Http/Request), Object(Closure))
#22 D:/2.ANDROID/3.FlutterVSCode/projects/SHE Inspection System/backend/she-api/vendor/laravel/framework/src/Illuminate/Pipeline/Pipeline.php(209): Illuminate/Foundation/Http/Middleware/ConvertEmptyStringsToNull->handle(Object(Illuminate/Http/Request), Object(Closure))
#23 D:/2.ANDROID/3.FlutterVSCode/projects/SHE Inspection System/backend/she-api/vendor/laravel/framework/src/Illuminate/Foundation/Http/Middleware/TransformsRequest.php(21): Illuminate/Pipeline/Pipeline->Illuminate/Pipeline/{closure}(Object(Illuminate/Http/Request))
#24 D:/2.ANDROID/3.FlutterVSCode/projects/SHE Inspection System/backend/she-api/vendor/laravel/framework/src/Illuminate/Foundation/Http/Middleware/TrimStrings.php(51): Illuminate/Foundation/Http/Middleware/TransformsRequest->handle(Object(Illuminate/Http/Request), Object(Closure))
#25 D:/2.ANDROID/3.FlutterVSCode/projects/SHE Inspection System/backend/she-api/vendor/laravel/framework/src/Illuminate/Pipeline/Pipeline.php(209): Illuminate/Foundation/Http/Middleware/TrimStrings->handle(Object(Illuminate/Http/Request), Object(Closure))
#26 D:/2.ANDROID/3.FlutterVSCode/projects/SHE Inspection System/backend/she-api/vendor/laravel/framework/src/Illuminate/Http/Middleware/ValidatePostSize.php(27): Illuminate/Pipeline/Pipeline->Illuminate/Pipeline/{closure}(Object(Illuminate/Http/Request))
#27 D:/2.ANDROID/3.FlutterVSCode/projects/SHE Inspection System/backend/she-api/vendor/laravel/framework/src/Illuminate/Pipeline/Pipeline.php(209): Illuminate/Http/Middleware/ValidatePostSize->handle(Object(Illuminate/Http/Request), Object(Closure))
#28 D:/2.ANDROID/3.FlutterVSCode/projects/SHE Inspection System/backend/she-api/vendor/laravel/framework/src/Illuminate/Foundation/Http/Middleware/PreventRequestsDuringMaintenance.php(110): Illuminate/Pipeline/Pipeline->Illuminate/Pipeline/{closure}(Object(Illuminate/Http/Request))
#29 D:/2.ANDROID/3.FlutterVSCode/projects/SHE Inspection System/backend/she-api/vendor/laravel/framework/src/Illuminate/Pipeline/Pipeline.php(209): Illuminate/Foundation/Http/Middleware/PreventRequestsDuringMaintenance->handle(Object(Illuminate/Http/Request), Object(Closure))
#30 D:/2.ANDROID/3.FlutterVSCode/projects/SHE Inspection System/backend/she-api/vendor/laravel/framework/src/Illuminate/Http/Middleware/HandleCors.php(62): Illuminate/Pipeline/Pipeline->Illuminate/Pipeline/{closure}(Object(Illuminate/Http/Request))
#31 D:/2.ANDROID/3.FlutterVSCode/projects/SHE Inspection System/backend/she-api/vendor/laravel/framework/src/Illuminate/Pipeline/Pipeline.php(209): Illuminate/Http/Middleware/HandleCors->handle(Object(Illuminate/Http/Request), Object(Closure))
#32 D:/2.ANDROID/3.FlutterVSCode/projects/SHE Inspection System/backend/she-api/vendor/laravel/framework/src/Illuminate/Http/Middleware/TrustProxies.php(58): Illuminate/Pipeline/Pipeline->Illuminate/Pipeline/{closure}(Object(Illuminate/Http/Request))
#33 D:/2.ANDROID/3.FlutterVSCode/projects/SHE Inspection System/backend/she-api/vendor/laravel/framework/src/Illuminate/Pipeline/Pipeline.php(209): Illuminate/Http/Middleware/TrustProxies->handle(Object(Illuminate/Http/Request), Object(Closure))
#34 D:/2.ANDROID/3.FlutterVSCode/projects/SHE Inspection System/backend/she-api/vendor/laravel/framework/src/Illuminate/Foundation/Http/Middleware/InvokeDeferredCallbacks.php(22): Illuminate/Pipeline/Pipeline->Illuminate/Pipeline/{closure}(Object(Illuminate/Http/Request))
#35 D:/2.ANDROID/3.FlutterVSCode/projects/SHE Inspection System/backend/she-api/vendor/laravel/framework/src/Illuminate/Pipeline/Pipeline.php(209): Illuminate/Foundation/Http/Middleware/InvokeDeferredCallbacks->handle(Object(Illuminate/Http/Request), Object(Closure))
#36 D:/2.ANDROID/3.FlutterVSCode/projects/SHE Inspection System/backend/she-api/vendor/laravel/framework/src/Illuminate/Pipeline/Pipeline.php(127): Illuminate/Pipeline/Pipeline->Illuminate/Pipeline/{closure}(Object(Illuminate/Http/Request))
#37 D:/2.ANDROID/3.FlutterVSCode/projects/SHE Inspection System/backend/she-api/vendor/laravel/framework/src/Illuminate/Foundation/Http/Kernel.php(176): Illuminate/Pipeline/Pipeline->then(Object(Closure))
#38 D:/2.ANDROID/3.FlutterVSCode/projects/SHE Inspection System/backend/she-api/vendor/laravel/framework/src/Illuminate/Foundation/Http/Kernel.php(145): Illuminate/Foundation/Http/Kernel->sendRequestThroughRouter(Object(Illuminate/Http/Request))
#39 D:/2.ANDROID/3.FlutterVSCode/projects/SHE Inspection System/backend/she-api/vendor/laravel/framework/src/Illuminate/Foundation/Application.php(1220): Illuminate/Foundation/Http/Kernel->handle(Object(Illuminate/Http/Request))
#40 D:/2.ANDROID/3.FlutterVSCode/projects/SHE Inspection System/backend/she-api/public/index.php(20): Illuminate/Foundation/Application->handleRequest(Object(Illuminate/Http/Request))
#41 D:/2.ANDROID/3.FlutterVSCode/projects/SHE Inspection System/backend/she-api/vendor/laravel/framework/src/Illuminate/Foundation/resources/server.php(23): require_once('D://2.ANDROID//3....')
#42 {main}

[previous exception] [object] (ReflectionException(code: -1): Class \"App\\Http\\Controllers\\Api\\FireHydrantController\" does not exist at D:/2.ANDROID/3.FlutterVSCode/projects/SHE Inspection System/backend/she-api/vendor/laravel/framework/src/Illuminate/Container/Container.php:959)
[stacktrace]
#0 D:/2.ANDROID/3.FlutterVSCode/projects/SHE Inspection System/backend/she-api/vendor/laravel/framework/src/Illuminate/Container/Container.php(959): ReflectionClass->__construct('App//Http//Contro...')
#1 D:/2.ANDROID/3.FlutterVSCode/projects/SHE Inspection System/backend/she-api/vendor/laravel/framework/src/Illuminate/Container/Container.php(832): Illuminate/Container/Container->build('App//Http//Contro...')
#2 D:/2.ANDROID/3.FlutterVSCode/projects/SHE Inspection System/backend/she-api/vendor/laravel/framework/src/Illuminate/Foundation/Application.php(1078): Illuminate/Container/Container->resolve('App//Http//Contro...', Array, true)
#3 D:/2.ANDROID/3.FlutterVSCode/projects/SHE Inspection System/backend/she-api/vendor/laravel/framework/src/Illuminate/Container/Container.php(763): Illuminate/Foundation/Application->resolve('App//Http//Contro...', Array)
#4 D:/2.ANDROID/3.FlutterVSCode/projects/SHE Inspection System/backend/she-api/vendor/laravel/framework/src/Illuminate/Foundation/Application.php(1058): Illuminate/Container/Container->make('App//Http//Contro...', Array)
#5 D:/2.ANDROID/3.FlutterVSCode/projects/SHE Inspection System/backend/she-api/vendor/laravel/framework/src/Illuminate/Routing/Route.php(285): Illuminate/Foundation/Application->make('App//Http//Contro...')
#6 D:/2.ANDROID/3.FlutterVSCode/projects/SHE Inspection System/backend/she-api/vendor/laravel/framework/src/Illuminate/Routing/Route.php(267): Illuminate/Routing/Route->getController()
#7 D:/2.ANDROID/3.FlutterVSCode/projects/SHE Inspection System/backend/she-api/vendor/laravel/framework/src/Illuminate/Routing/Route.php(212): Illuminate/Routing/Route->runController()
#8 D:/2.ANDROID/3.FlutterVSCode/projects/SHE Inspection System/backend/she-api/vendor/laravel/framework/src/Illuminate/Routing/Router.php(808): Illuminate/Routing/Route->run()
#9 D:/2.ANDROID/3.FlutterVSCode/projects/SHE Inspection System/backend/she-api/vendor/laravel/framework/src/Illuminate/Pipeline/Pipeline.php(170): Illuminate/Routing/Router->Illuminate/Routing/{closure}(Object(Illuminate/Http/Request))
#10 D:/2.ANDROID/3.FlutterVSCode/projects/SHE Inspection System/backend/she-api/vendor/laravel/framework/src/Illuminate/Routing/Middleware/SubstituteBindings.php(51): Illuminate/Pipeline/Pipeline->Illuminate/Pipeline/{closure}(Object(Illuminate/Http/Request))
#11 D:/2.ANDROID/3.FlutterVSCode/projects/SHE Inspection System/backend/she-api/vendor/laravel/framework/src/Illuminate/Pipeline/Pipeline.php(209): Illuminate/Routing/Middleware/SubstituteBindings->handle(Object(Illuminate/Http/Request), Object(Closure))
#12 D:/2.ANDROID/3.FlutterVSCode/projects/SHE Inspection System/backend/she-api/vendor/laravel/framework/src/Illuminate/Auth/Middleware/Authenticate.php(64): Illuminate/Pipeline/Pipeline->Illuminate/Pipeline/{closure}(Object(Illuminate/Http/Request))
#13 D:/2.ANDROID/3.FlutterVSCode/projects/SHE Inspection System/backend/she-api/vendor/laravel/framework/src/Illuminate/Pipeline/Pipeline.php(209): Illuminate/Auth/Middleware/Authenticate->handle(Object(Illuminate/Http/Request), Object(Closure), 'sanctum')
#14 D:/2.ANDROID/3.FlutterVSCode/projects/SHE Inspection System/backend/she-api/vendor/laravel/framework/src/Illuminate/Pipeline/Pipeline.php(127): Illuminate/Pipeline/Pipeline->Illuminate/Pipeline/{closure}(Object(Illuminate/Http/Request))
#15 D:/2.ANDROID/3.FlutterVSCode/projects/SHE Inspection System/backend/she-api/vendor/laravel/framework/src/Illuminate/Routing/Router.php(807): Illuminate/Pipeline/Pipeline->then(Object(Closure))
#16 D:/2.ANDROID/3.FlutterVSCode/projects/SHE Inspection System/backend/she-api/vendor/laravel/framework/src/Illuminate/Routing/Router.php(786): Illuminate/Routing/Router->runRouteWithinStack(Object(Illuminate/Routing/Route), Object(Illuminate/Http/Request))
#17 D:/2.ANDROID/3.FlutterVSCode/projects/SHE Inspection System/backend/she-api/vendor/laravel/framework/src/Illuminate/Routing/Router.php(750): Illuminate/Routing/Router->runRoute(Object(Illuminate/Http/Request), Object(Illuminate/Routing/Route))
#18 D:/2.ANDROID/3.FlutterVSCode/projects/SHE Inspection System/backend/she-api/vendor/laravel/framework/src/Illuminate/Routing/Router.php(739): Illuminate/Routing/Router->dispatchToRoute(Object(Illuminate/Http/Request))
#19 D:/2.ANDROID/3.FlutterVSCode/projects/SHE Inspection System/backend/she-api/vendor/laravel/framework/src/Illuminate/Foundation/Http/Kernel.php(201): Illuminate/Routing/Router->dispatch(Object(Illuminate/Http/Request))
#20 D:/2.ANDROID/3.FlutterVSCode/projects/SHE Inspection System/backend/she-api/vendor/laravel/framework/src/Illuminate/Pipeline/Pipeline.php(170): Illuminate/Foundation/Http/Kernel->Illuminate/Foundation/Http/{closure}(Object(Illuminate/Http/Request))
#21 D:/2.ANDROID/3.FlutterVSCode/projects/SHE Inspection System/backend/she-api/vendor/laravel/framework/src/Illuminate/Foundation/Http/Middleware/TransformsRequest.php(21): Illuminate/Pipeline/Pipeline->Illuminate/Pipeline/{closure}(Object(Illuminate/Http/Request))
#22 D:/2.ANDROID/3.FlutterVSCode/projects/SHE Inspection System/backend/she-api/vendor/laravel/framework/src/Illuminate/Foundation/Http/Middleware/ConvertEmptyStringsToNull.php(31): Illuminate/Foundation/Http/Middleware/TransformsRequest->handle(Object(Illuminate/Http/Request), Object(Closure))
#23 D:/2.ANDROID/3.FlutterVSCode/projects/SHE Inspection System/backend/she-api/vendor/laravel/framework/src/Illuminate/Pipeline/Pipeline.php(209): Illuminate/Foundation/Http/Middleware/ConvertEmptyStringsToNull->handle(Object(Illuminate/Http/Request), Object(Closure))
#24 D:/2.ANDROID/3.FlutterVSCode/projects/SHE Inspection System/backend/she-api/vendor/laravel/framework/src/Illuminate/Foundation/Http/Middleware/TransformsRequest.php(21): Illuminate/Pipeline/Pipeline->Illuminate/Pipeline/{closure}(Object(Illuminate/Http/Request))
#25 D:/2.ANDROID/3.FlutterVSCode/projects/SHE Inspection System/backend/she-api/vendor/laravel/framework/src/Illuminate/Foundation/Http/Middleware/TrimStrings.php(51): Illuminate/Foundation/Http/Middleware/TransformsRequest->handle(Object(Illuminate/Http/Request), Object(Closure))
#26 D:/2.ANDROID/3.FlutterVSCode/projects/SHE Inspection System/backend/she-api/vendor/laravel/framework/src/Illuminate/Pipeline/Pipeline.php(209): Illuminate/Foundation/Http/Middleware/TrimStrings->handle(Object(Illuminate/Http/Request), Object(Closure))
#27 D:/2.ANDROID/3.FlutterVSCode/projects/SHE Inspection System/backend/she-api/vendor/laravel/framework/src/Illuminate/Http/Middleware/ValidatePostSize.php(27): Illuminate/Pipeline/Pipeline->Illuminate/Pipeline/{closure}(Object(Illuminate/Http/Request))
#28 D:/2.ANDROID/3.FlutterVSCode/projects/SHE Inspection System/backend/she-api/vendor/laravel/framework/src/Illuminate/Pipeline/Pipeline.php(209): Illuminate/Http/Middleware/ValidatePostSize->handle(Object(Illuminate/Http/Request), Object(Closure))
#29 D:/2.ANDROID/3.FlutterVSCode/projects/SHE Inspection System/backend/she-api/vendor/laravel/framework/src/Illuminate/Foundation/Http/Middleware/PreventRequestsDuringMaintenance.php(110): Illuminate/Pipeline/Pipeline->Illuminate/Pipeline/{closure}(Object(Illuminate/Http/Request))
#30 D:/2.ANDROID/3.FlutterVSCode/projects/SHE Inspection System/backend/she-api/vendor/laravel/framework/src/Illuminate/Pipeline/Pipeline.php(209): Illuminate/Foundation/Http/Middleware/PreventRequestsDuringMaintenance->handle(Object(Illuminate/Http/Request), Object(Closure))
#31 D:/2.ANDROID/3.FlutterVSCode/projects/SHE Inspection System/backend/she-api/vendor/laravel/framework/src/Illuminate/Http/Middleware/HandleCors.php(62): Illuminate/Pipeline/Pipeline->Illuminate/Pipeline/{closure}(Object(Illuminate/Http/Request))
#32 D:/2.ANDROID/3.FlutterVSCode/projects/SHE Inspection System/backend/she-api/vendor/laravel/framework/src/Illuminate/Pipeline/Pipeline.php(209): Illuminate/Http/Middleware/HandleCors->handle(Object(Illuminate/Http/Request), Object(Closure))
#33 D:/2.ANDROID/3.FlutterVSCode/projects/SHE Inspection System/backend/she-api/vendor/laravel/framework/src/Illuminate/Http/Middleware/TrustProxies.php(58): Illuminate/Pipeline/Pipeline->Illuminate/Pipeline/{closure}(Object(Illuminate/Http/Request))
#34 D:/2.ANDROID/3.FlutterVSCode/projects/SHE Inspection System/backend/she-api/vendor/laravel/framework/src/Illuminate/Pipeline/Pipeline.php(209): Illuminate/Http/Middleware/TrustProxies->handle(Object(Illuminate/Http/Request), Object(Closure))
#35 D:/2.ANDROID/3.FlutterVSCode/projects/SHE Inspection System/backend/she-api/vendor/laravel/framework/src/Illuminate/Foundation/Http/Middleware/InvokeDeferredCallbacks.php(22): Illuminate/Pipeline/Pipeline->Illuminate/Pipeline/{closure}(Object(Illuminate/Http/Request))
#36 D:/2.ANDROID/3.FlutterVSCode/projects/SHE Inspection System/backend/she-api/vendor/laravel/framework/src/Illuminate/Pipeline/Pipeline.php(209): Illuminate/Foundation/Http/Middleware/InvokeDeferredCallbacks->handle(Object(Illuminate/Http/Request), Object(Closure))
#37 D:/2.ANDROID/3.FlutterVSCode/projects/SHE Inspection System/backend/she-api/vendor/laravel/framework/src/Illuminate/Pipeline/Pipeline.php(127): Illuminate/Pipeline/Pipeline->Illuminate/Pipeline/{closure}(Object(Illuminate/Http/Request))
#38 D:/2.ANDROID/3.FlutterVSCode/projects/SHE Inspection System/backend/she-api/vendor/laravel/framework/src/Illuminate/Foundation/Http/Kernel.php(176): Illuminate/Pipeline/Pipeline->then(Object(Closure))
#39 D:/2.ANDROID/3.FlutterVSCode/projects/SHE Inspection System/backend/she-api/vendor/laravel/framework/src/Illuminate/Foundation/Http/Kernel.php(145): Illuminate/Foundation/Http/Kernel->sendRequestThroughRouter(Object(Illuminate/Http/Request))
#40 D:/2.ANDROID/3.FlutterVSCode/projects/SHE Inspection System/backend/she-api/vendor/laravel/framework/src/Illuminate/Foundation/Application.php(1220): Illuminate/Foundation/Http/Kernel->handle(Object(Illuminate/Http/Request))
#41 D:/2.ANDROID/3.FlutterVSCode/projects/SHE Inspection System/backend/she-api/public/index.php(20): Illuminate/Foundation/Application->handleRequest(Object(Illuminate/Http/Request))
#42 D:/2.ANDROID/3.FlutterVSCode/projects/SHE Inspection System/backend/she-api/vendor/laravel/framework/src/Illuminate/Foundation/resources/server.php(23): require_once('D://2.ANDROID//3....')
#43 {main}
"} 
[2026-07-01 11:11:45] local.ERROR: Target class [App\Http\Controllers\Api\FireExtinguisherController] does not exist. {"userId":1,"exception":"[object] (Illuminate\\Contracts\\Container\\BindingResolutionException(code: 0): Target class [App\\Http\\Controllers\\Api\\FireExtinguisherController] does not exist. at D:/2.ANDROID/3.FlutterVSCode/projects/SHE Inspection System/backend/she-api/vendor/laravel/framework/src/Illuminate/Container/Container.php:961)
[stacktrace]
#0 D:/2.ANDROID/3.FlutterVSCode/projects/SHE Inspection System/backend/she-api/vendor/laravel/framework/src/Illuminate/Container/Container.php(832): Illuminate/Container/Container->build('App//Http//Contro...')
#1 D:/2.ANDROID/3.FlutterVSCode/projects/SHE Inspection System/backend/she-api/vendor/laravel/framework/src/Illuminate/Foundation/Application.php(1078): Illuminate/Container/Container->resolve('App//Http//Contro...', Array, true)
#2 D:/2.ANDROID/3.FlutterVSCode/projects/SHE Inspection System/backend/she-api/vendor/laravel/framework/src/Illuminate/Container/Container.php(763): Illuminate/Foundation/Application->resolve('App//Http//Contro...', Array)
#3 D:/2.ANDROID/3.FlutterVSCode/projects/SHE Inspection System/backend/she-api/vendor/laravel/framework/src/Illuminate/Foundation/Application.php(1058): Illuminate/Container/Container->make('App//Http//Contro...', Array)
#4 D:/2.ANDROID/3.FlutterVSCode/projects/SHE Inspection System/backend/she-api/vendor/laravel/framework/src/Illuminate/Routing/Route.php(285): Illuminate/Foundation/Application->make('App//Http//Contro...')
#5 D:/2.ANDROID/3.FlutterVSCode/projects/SHE Inspection System/backend/she-api/vendor/laravel/framework/src/Illuminate/Routing/Route.php(267): Illuminate/Routing/Route->getController()
#6 D:/2.ANDROID/3.FlutterVSCode/projects/SHE Inspection System/backend/she-api/vendor/laravel/framework/src/Illuminate/Routing/Route.php(212): Illuminate/Routing/Route->runController()
#7 D:/2.ANDROID/3.FlutterVSCode/projects/SHE Inspection System/backend/she-api/vendor/laravel/framework/src/Illuminate/Routing/Router.php(808): Illuminate/Routing/Route->run()
#8 D:/2.ANDROID/3.FlutterVSCode/projects/SHE Inspection System/backend/she-api/vendor/laravel/framework/src/Illuminate/Pipeline/Pipeline.php(170): Illuminate/Routing/Router->Illuminate/Routing/{closure}(Object(Illuminate/Http/Request))
#9 D:/2.ANDROID/3.FlutterVSCode/projects/SHE Inspection System/backend/she-api/vendor/laravel/framework/src/Illuminate/Routing/Middleware/SubstituteBindings.php(51): Illuminate/Pipeline/Pipeline->Illuminate/Pipeline/{closure}(Object(Illuminate/Http/Request))
#10 D:/2.ANDROID/3.FlutterVSCode/projects/SHE Inspection System/backend/she-api/vendor/laravel/framework/src/Illuminate/Pipeline/Pipeline.php(209): Illuminate/Routing/Middleware/SubstituteBindings->handle(Object(Illuminate/Http/Request), Object(Closure))
#11 D:/2.ANDROID/3.FlutterVSCode/projects/SHE Inspection System/backend/she-api/vendor/laravel/framework/src/Illuminate/Auth/Middleware/Authenticate.php(64): Illuminate/Pipeline/Pipeline->Illuminate/Pipeline/{closure}(Object(Illuminate/Http/Request))
#12 D:/2.ANDROID/3.FlutterVSCode/projects/SHE Inspection System/backend/she-api/vendor/laravel/framework/src/Illuminate/Pipeline/Pipeline.php(209): Illuminate/Auth/Middleware/Authenticate->handle(Object(Illuminate/Http/Request), Object(Closure), 'sanctum')
#13 D:/2.ANDROID/3.FlutterVSCode/projects/SHE Inspection System/backend/she-api/vendor/laravel/framework/src/Illuminate/Pipeline/Pipeline.php(127): Illuminate/Pipeline/Pipeline->Illuminate/Pipeline/{closure}(Object(Illuminate/Http/Request))
#14 D:/2.ANDROID/3.FlutterVSCode/projects/SHE Inspection System/backend/she-api/vendor/laravel/framework/src/Illuminate/Routing/Router.php(807): Illuminate/Pipeline/Pipeline->then(Object(Closure))
#15 D:/2.ANDROID/3.FlutterVSCode/projects/SHE Inspection System/backend/she-api/vendor/laravel/framework/src/Illuminate/Routing/Router.php(786): Illuminate/Routing/Router->runRouteWithinStack(Object(Illuminate/Routing/Route), Object(Illuminate/Http/Request))
#16 D:/2.ANDROID/3.FlutterVSCode/projects/SHE Inspection System/backend/she-api/vendor/laravel/framework/src/Illuminate/Routing/Router.php(750): Illuminate/Routing/Router->runRoute(Object(Illuminate/Http/Request), Object(Illuminate/Routing/Route))
#17 D:/2.ANDROID/3.FlutterVSCode/projects/SHE Inspection System/backend/she-api/vendor/laravel/framework/src/Illuminate/Routing/Router.php(739): Illuminate/Routing/Router->dispatchToRoute(Object(Illuminate/Http/Request))
#18 D:/2.ANDROID/3.FlutterVSCode/projects/SHE Inspection System/backend/she-api/vendor/laravel/framework/src/Illuminate/Foundation/Http/Kernel.php(201): Illuminate/Routing/Router->dispatch(Object(Illuminate/Http/Request))
#19 D:/2.ANDROID/3.FlutterVSCode/projects/SHE Inspection System/backend/she-api/vendor/laravel/framework/src/Illuminate/Pipeline/Pipeline.php(170): Illuminate/Foundation/Http/Kernel->Illuminate/Foundation/Http/{closure}(Object(Illuminate/Http/Request))
#20 D:/2.ANDROID/3.FlutterVSCode/projects/SHE Inspection System/backend/she-api/vendor/laravel/framework/src/Illuminate/Foundation/Http/Middleware/TransformsRequest.php(21): Illuminate/Pipeline/Pipeline->Illuminate/Pipeline/{closure}(Object(Illuminate/Http/Request))
#21 D:/2.ANDROID/3.FlutterVSCode/projects/SHE Inspection System/backend/she-api/vendor/laravel/framework/src/Illuminate/Foundation/Http/Middleware/ConvertEmptyStringsToNull.php(31): Illuminate/Foundation/Http/Middleware/TransformsRequest->handle(Object(Illuminate/Http/Request), Object(Closure))
#22 D:/2.ANDROID/3.FlutterVSCode/projects/SHE Inspection System/backend/she-api/vendor/laravel/framework/src/Illuminate/Pipeline/Pipeline.php(209): Illuminate/Foundation/Http/Middleware/ConvertEmptyStringsToNull->handle(Object(Illuminate/Http/Request), Object(Closure))
#23 D:/2.ANDROID/3.FlutterVSCode/projects/SHE Inspection System/backend/she-api/vendor/laravel/framework/src/Illuminate/Foundation/Http/Middleware/TransformsRequest.php(21): Illuminate/Pipeline/Pipeline->Illuminate/Pipeline/{closure}(Object(Illuminate/Http/Request))
#24 D:/2.ANDROID/3.FlutterVSCode/projects/SHE Inspection System/backend/she-api/vendor/laravel/framework/src/Illuminate/Foundation/Http/Middleware/TrimStrings.php(51): Illuminate/Foundation/Http/Middleware/TransformsRequest->handle(Object(Illuminate/Http/Request), Object(Closure))
#25 D:/2.ANDROID/3.FlutterVSCode/projects/SHE Inspection System/backend/she-api/vendor/laravel/framework/src/Illuminate/Pipeline/Pipeline.php(209): Illuminate/Foundation/Http/Middleware/TrimStrings->handle(Object(Illuminate/Http/Request), Object(Closure))
#26 D:/2.ANDROID/3.FlutterVSCode/projects/SHE Inspection System/backend/she-api/vendor/laravel/framework/src/Illuminate/Http/Middleware/ValidatePostSize.php(27): Illuminate/Pipeline/Pipeline->Illuminate/Pipeline/{closure}(Object(Illuminate/Http/Request))
#27 D:/2.ANDROID/3.FlutterVSCode/projects/SHE Inspection System/backend/she-api/vendor/laravel/framework/src/Illuminate/Pipeline/Pipeline.php(209): Illuminate/Http/Middleware/ValidatePostSize->handle(Object(Illuminate/Http/Request), Object(Closure))
#28 D:/2.ANDROID/3.FlutterVSCode/projects/SHE Inspection System/backend/she-api/vendor/laravel/framework/src/Illuminate/Foundation/Http/Middleware/PreventRequestsDuringMaintenance.php(110): Illuminate/Pipeline/Pipeline->Illuminate/Pipeline/{closure}(Object(Illuminate/Http/Request))
#29 D:/2.ANDROID/3.FlutterVSCode/projects/SHE Inspection System/backend/she-api/vendor/laravel/framework/src/Illuminate/Pipeline/Pipeline.php(209): Illuminate/Foundation/Http/Middleware/PreventRequestsDuringMaintenance->handle(Object(Illuminate/Http/Request), Object(Closure))
#30 D:/2.ANDROID/3.FlutterVSCode/projects/SHE Inspection System/backend/she-api/vendor/laravel/framework/src/Illuminate/Http/Middleware/HandleCors.php(62): Illuminate/Pipeline/Pipeline->Illuminate/Pipeline/{closure}(Object(Illuminate/Http/Request))
#31 D:/2.ANDROID/3.FlutterVSCode/projects/SHE Inspection System/backend/she-api/vendor/laravel/framework/src/Illuminate/Pipeline/Pipeline.php(209): Illuminate/Http/Middleware/HandleCors->handle(Object(Illuminate/Http/Request), Object(Closure))
#32 D:/2.ANDROID/3.FlutterVSCode/projects/SHE Inspection System/backend/she-api/vendor/laravel/framework/src/Illuminate/Http/Middleware/TrustProxies.php(58): Illuminate/Pipeline/Pipeline->Illuminate/Pipeline/{closure}(Object(Illuminate/Http/Request))
#33 D:/2.ANDROID/3.FlutterVSCode/projects/SHE Inspection System/backend/she-api/vendor/laravel/framework/src/Illuminate/Pipeline/Pipeline.php(209): Illuminate/Http/Middleware/TrustProxies->handle(Object(Illuminate/Http/Request), Object(Closure))
#34 D:/2.ANDROID/3.FlutterVSCode/projects/SHE Inspection System/backend/she-api/vendor/laravel/framework/src/Illuminate/Foundation/Http/Middleware/InvokeDeferredCallbacks.php(22): Illuminate/Pipeline/Pipeline->Illuminate/Pipeline/{closure}(Object(Illuminate/Http/Request))
#35 D:/2.ANDROID/3.FlutterVSCode/projects/SHE Inspection System/backend/she-api/vendor/laravel/framework/src/Illuminate/Pipeline/Pipeline.php(209): Illuminate/Foundation/Http/Middleware/InvokeDeferredCallbacks->handle(Object(Illuminate/Http/Request), Object(Closure))
#36 D:/2.ANDROID/3.FlutterVSCode/projects/SHE Inspection System/backend/she-api/vendor/laravel/framework/src/Illuminate/Pipeline/Pipeline.php(127): Illuminate/Pipeline/Pipeline->Illuminate/Pipeline/{closure}(Object(Illuminate/Http/Request))
#37 D:/2.ANDROID/3.FlutterVSCode/projects/SHE Inspection System/backend/she-api/vendor/laravel/framework/src/Illuminate/Foundation/Http/Kernel.php(176): Illuminate/Pipeline/Pipeline->then(Object(Closure))
#38 D:/2.ANDROID/3.FlutterVSCode/projects/SHE Inspection System/backend/she-api/vendor/laravel/framework/src/Illuminate/Foundation/Http/Kernel.php(145): Illuminate/Foundation/Http/Kernel->sendRequestThroughRouter(Object(Illuminate/Http/Request))
#39 D:/2.ANDROID/3.FlutterVSCode/projects/SHE Inspection System/backend/she-api/vendor/laravel/framework/src/Illuminate/Foundation/Application.php(1220): Illuminate/Foundation/Http/Kernel->handle(Object(Illuminate/Http/Request))
#40 D:/2.ANDROID/3.FlutterVSCode/projects/SHE Inspection System/backend/she-api/public/index.php(20): Illuminate/Foundation/Application->handleRequest(Object(Illuminate/Http/Request))
#41 D:/2.ANDROID/3.FlutterVSCode/projects/SHE Inspection System/backend/she-api/vendor/laravel/framework/src/Illuminate/Foundation/resources/server.php(23): require_once('D://2.ANDROID//3....')
#42 {main}

[previous exception] [object] (ReflectionException(code: -1): Class \"App\\Http\\Controllers\\Api\\FireExtinguisherController\" does not exist at D:/2.ANDROID/3.FlutterVSCode/projects/SHE Inspection System/backend/she-api/vendor/laravel/framework/src/Illuminate/Container/Container.php:959)
[stacktrace]
#0 D:/2.ANDROID/3.FlutterVSCode/projects/SHE Inspection System/backend/she-api/vendor/laravel/framework/src/Illuminate/Container/Container.php(959): ReflectionClass->__construct('App//Http//Contro...')
#1 D:/2.ANDROID/3.FlutterVSCode/projects/SHE Inspection System/backend/she-api/vendor/laravel/framework/src/Illuminate/Container/Container.php(832): Illuminate/Container/Container->build('App//Http//Contro...')
#2 D:/2.ANDROID/3.FlutterVSCode/projects/SHE Inspection System/backend/she-api/vendor/laravel/framework/src/Illuminate/Foundation/Application.php(1078): Illuminate/Container/Container->resolve('App//Http//Contro...', Array, true)
#3 D:/2.ANDROID/3.FlutterVSCode/projects/SHE Inspection System/backend/she-api/vendor/laravel/framework/src/Illuminate/Container/Container.php(763): Illuminate/Foundation/Application->resolve('App//Http//Contro...', Array)
#4 D:/2.ANDROID/3.FlutterVSCode/projects/SHE Inspection System/backend/she-api/vendor/laravel/framework/src/Illuminate/Foundation/Application.php(1058): Illuminate/Container/Container->make('App//Http//Contro...', Array)
#5 D:/2.ANDROID/3.FlutterVSCode/projects/SHE Inspection System/backend/she-api/vendor/laravel/framework/src/Illuminate/Routing/Route.php(285): Illuminate/Foundation/Application->make('App//Http//Contro...')
#6 D:/2.ANDROID/3.FlutterVSCode/projects/SHE Inspection System/backend/she-api/vendor/laravel/framework/src/Illuminate/Routing/Route.php(267): Illuminate/Routing/Route->getController()
#7 D:/2.ANDROID/3.FlutterVSCode/projects/SHE Inspection System/backend/she-api/vendor/laravel/framework/src/Illuminate/Routing/Route.php(212): Illuminate/Routing/Route->runController()
#8 D:/2.ANDROID/3.FlutterVSCode/projects/SHE Inspection System/backend/she-api/vendor/laravel/framework/src/Illuminate/Routing/Router.php(808): Illuminate/Routing/Route->run()
#9 D:/2.ANDROID/3.FlutterVSCode/projects/SHE Inspection System/backend/she-api/vendor/laravel/framework/src/Illuminate/Pipeline/Pipeline.php(170): Illuminate/Routing/Router->Illuminate/Routing/{closure}(Object(Illuminate/Http/Request))
#10 D:/2.ANDROID/3.FlutterVSCode/projects/SHE Inspection System/backend/she-api/vendor/laravel/framework/src/Illuminate/Routing/Middleware/SubstituteBindings.php(51): Illuminate/Pipeline/Pipeline->Illuminate/Pipeline/{closure}(Object(Illuminate/Http/Request))
#11 D:/2.ANDROID/3.FlutterVSCode/projects/SHE Inspection System/backend/she-api/vendor/laravel/framework/src/Illuminate/Pipeline/Pipeline.php(209): Illuminate/Routing/Middleware/SubstituteBindings->handle(Object(Illuminate/Http/Request), Object(Closure))
#12 D:/2.ANDROID/3.FlutterVSCode/projects/SHE Inspection System/backend/she-api/vendor/laravel/framework/src/Illuminate/Auth/Middleware/Authenticate.php(64): Illuminate/Pipeline/Pipeline->Illuminate/Pipeline/{closure}(Object(Illuminate/Http/Request))
#13 D:/2.ANDROID/3.FlutterVSCode/projects/SHE Inspection System/backend/she-api/vendor/laravel/framework/src/Illuminate/Pipeline/Pipeline.php(209): Illuminate/Auth/Middleware/Authenticate->handle(Object(Illuminate/Http/Request), Object(Closure), 'sanctum')
#14 D:/2.ANDROID/3.FlutterVSCode/projects/SHE Inspection System/backend/she-api/vendor/laravel/framework/src/Illuminate/Pipeline/Pipeline.php(127): Illuminate/Pipeline/Pipeline->Illuminate/Pipeline/{closure}(Object(Illuminate/Http/Request))
#15 D:/2.ANDROID/3.FlutterVSCode/projects/SHE Inspection System/backend/she-api/vendor/laravel/framework/src/Illuminate/Routing/Router.php(807): Illuminate/Pipeline/Pipeline->then(Object(Closure))
#16 D:/2.ANDROID/3.FlutterVSCode/projects/SHE Inspection System/backend/she-api/vendor/laravel/framework/src/Illuminate/Routing/Router.php(786): Illuminate/Routing/Router->runRouteWithinStack(Object(Illuminate/Routing/Route), Object(Illuminate/Http/Request))
#17 D:/2.ANDROID/3.FlutterVSCode/projects/SHE Inspection System/backend/she-api/vendor/laravel/framework/src/Illuminate/Routing/Router.php(750): Illuminate/Routing/Router->runRoute(Object(Illuminate/Http/Request), Object(Illuminate/Routing/Route))
#18 D:/2.ANDROID/3.FlutterVSCode/projects/SHE Inspection System/backend/she-api/vendor/laravel/framework/src/Illuminate/Routing/Router.php(739): Illuminate/Routing/Router->dispatchToRoute(Object(Illuminate/Http/Request))
#19 D:/2.ANDROID/3.FlutterVSCode/projects/SHE Inspection System/backend/she-api/vendor/laravel/framework/src/Illuminate/Foundation/Http/Kernel.php(201): Illuminate/Routing/Router->dispatch(Object(Illuminate/Http/Request))
#20 D:/2.ANDROID/3.FlutterVSCode/projects/SHE Inspection System/backend/she-api/vendor/laravel/framework/src/Illuminate/Pipeline/Pipeline.php(170): Illuminate/Foundation/Http/Kernel->Illuminate/Foundation/Http/{closure}(Object(Illuminate/Http/Request))
#21 D:/2.ANDROID/3.FlutterVSCode/projects/SHE Inspection System/backend/she-api/vendor/laravel/framework/src/Illuminate/Foundation/Http/Middleware/TransformsRequest.php(21): Illuminate/Pipeline/Pipeline->Illuminate/Pipeline/{closure}(Object(Illuminate/Http/Request))
#22 D:/2.ANDROID/3.FlutterVSCode/projects/SHE Inspection System/backend/she-api/vendor/laravel/framework/src/Illuminate/Foundation/Http/Middleware/ConvertEmptyStringsToNull.php(31): Illuminate/Foundation/Http/Middleware/TransformsRequest->handle(Object(Illuminate/Http/Request), Object(Closure))
#23 D:/2.ANDROID/3.FlutterVSCode/projects/SHE Inspection System/backend/she-api/vendor/laravel/framework/src/Illuminate/Pipeline/Pipeline.php(209): Illuminate/Foundation/Http/Middleware/ConvertEmptyStringsToNull->handle(Object(Illuminate/Http/Request), Object(Closure))
#24 D:/2.ANDROID/3.FlutterVSCode/projects/SHE Inspection System/backend/she-api/vendor/laravel/framework/src/Illuminate/Foundation/Http/Middleware/TransformsRequest.php(21): Illuminate/Pipeline/Pipeline->Illuminate/Pipeline/{closure}(Object(Illuminate/Http/Request))
#25 D:/2.ANDROID/3.FlutterVSCode/projects/SHE Inspection System/backend/she-api/vendor/laravel/framework/src/Illuminate/Foundation/Http/Middleware/TrimStrings.php(51): Illuminate/Foundation/Http/Middleware/TransformsRequest->handle(Object(Illuminate/Http/Request), Object(Closure))
#26 D:/2.ANDROID/3.FlutterVSCode/projects/SHE Inspection System/backend/she-api/vendor/laravel/framework/src/Illuminate/Pipeline/Pipeline.php(209): Illuminate/Foundation/Http/Middleware/TrimStrings->handle(Object(Illuminate/Http/Request), Object(Closure))
#27 D:/2.ANDROID/3.FlutterVSCode/projects/SHE Inspection System/backend/she-api/vendor/laravel/framework/src/Illuminate/Http/Middleware/ValidatePostSize.php(27): Illuminate/Pipeline/Pipeline->Illuminate/Pipeline/{closure}(Object(Illuminate/Http/Request))
#28 D:/2.ANDROID/3.FlutterVSCode/projects/SHE Inspection System/backend/she-api/vendor/laravel/framework/src/Illuminate/Pipeline/Pipeline.php(209): Illuminate/Http/Middleware/ValidatePostSize->handle(Object(Illuminate/Http/Request), Object(Closure))
#29 D:/2.ANDROID/3.FlutterVSCode/projects/SHE Inspection System/backend/she-api/vendor/laravel/framework/src/Illuminate/Foundation/Http/Middleware/PreventRequestsDuringMaintenance.php(110): Illuminate/Pipeline/Pipeline->Illuminate/Pipeline/{closure}(Object(Illuminate/Http/Request))
#30 D:/2.ANDROID/3.FlutterVSCode/projects/SHE Inspection System/backend/she-api/vendor/laravel/framework/src/Illuminate/Pipeline/Pipeline.php(209): Illuminate/Foundation/Http/Middleware/PreventRequestsDuringMaintenance->handle(Object(Illuminate/Http/Request), Object(Closure))
#31 D:/2.ANDROID/3.FlutterVSCode/projects/SHE Inspection System/backend/she-api/vendor/laravel/framework/src/Illuminate/Http/Middleware/HandleCors.php(62): Illuminate/Pipeline/Pipeline->Illuminate/Pipeline/{closure}(Object(Illuminate/Http/Request))
#32 D:/2.ANDROID/3.FlutterVSCode/projects/SHE Inspection System/backend/she-api/vendor/laravel/framework/src/Illuminate/Pipeline/Pipeline.php(209): Illuminate/Http/Middleware/HandleCors->handle(Object(Illuminate/Http/Request), Object(Closure))
#33 D:/2.ANDROID/3.FlutterVSCode/projects/SHE Inspection System/backend/she-api/vendor/laravel/framework/src/Illuminate/Http/Middleware/TrustProxies.php(58): Illuminate/Pipeline/Pipeline->Illuminate/Pipeline/{closure}(Object(Illuminate/Http/Request))
#34 D:/2.ANDROID/3.FlutterVSCode/projects/SHE Inspection System/backend/she-api/vendor/laravel/framework/src/Illuminate/Pipeline/Pipeline.php(209): Illuminate/Http/Middleware/TrustProxies->handle(Object(Illuminate/Http/Request), Object(Closure))
#35 D:/2.ANDROID/3.FlutterVSCode/projects/SHE Inspection System/backend/she-api/vendor/laravel/framework/src/Illuminate/Foundation/Http/Middleware/InvokeDeferredCallbacks.php(22): Illuminate/Pipeline/Pipeline->Illuminate/Pipeline/{closure}(Object(Illuminate/Http/Request))
#36 D:/2.ANDROID/3.FlutterVSCode/projects/SHE Inspection System/backend/she-api/vendor/laravel/framework/src/Illuminate/Pipeline/Pipeline.php(209): Illuminate/Foundation/Http/Middleware/InvokeDeferredCallbacks->handle(Object(Illuminate/Http/Request), Object(Closure))
#37 D:/2.ANDROID/3.FlutterVSCode/projects/SHE Inspection System/backend/she-api/vendor/laravel/framework/src/Illuminate/Pipeline/Pipeline.php(127): Illuminate/Pipeline/Pipeline->Illuminate/Pipeline/{closure}(Object(Illuminate/Http/Request))
#38 D:/2.ANDROID/3.FlutterVSCode/projects/SHE Inspection System/backend/she-api/vendor/laravel/framework/src/Illuminate/Foundation/Http/Kernel.php(176): Illuminate/Pipeline/Pipeline->then(Object(Closure))
#39 D:/2.ANDROID/3.FlutterVSCode/projects/SHE Inspection System/backend/she-api/vendor/laravel/framework/src/Illuminate/Foundation/Http/Kernel.php(145): Illuminate/Foundation/Http/Kernel->sendRequestThroughRouter(Object(Illuminate/Http/Request))
#40 D:/2.ANDROID/3.FlutterVSCode/projects/SHE Inspection System/backend/she-api/vendor/laravel/framework/src/Illuminate/Foundation/Application.php(1220): Illuminate/Foundation/Http/Kernel->handle(Object(Illuminate/Http/Request))
#41 D:/2.ANDROID/3.FlutterVSCode/projects/SHE Inspection System/backend/she-api/public/index.php(20): Illuminate/Foundation/Application->handleRequest(Object(Illuminate/Http/Request))
#42 D:/2.ANDROID/3.FlutterVSCode/projects/SHE Inspection System/backend/she-api/vendor/laravel/framework/src/Illuminate/Foundation/resources/server.php(23): require_once('D://2.ANDROID//3....')
#43 {main}
"} 
[2026-07-01 11:11:46] local.ERROR: Target class [App\Http\Controllers\Api\FireAlarmController] does not exist. {"userId":1,"exception":"[object] (Illuminate\\Contracts\\Container\\BindingResolutionException(code: 0): Target class [App\\Http\\Controllers\\Api\\FireAlarmController] does not exist. at D:/2.ANDROID/3.FlutterVSCode/projects/SHE Inspection System/backend/she-api/vendor/laravel/framework/src/Illuminate/Container/Container.php:961)
[stacktrace]
#0 D:/2.ANDROID/3.FlutterVSCode/projects/SHE Inspection System/backend/she-api/vendor/laravel/framework/src/Illuminate/Container/Container.php(832): Illuminate/Container/Container->build('App//Http//Contro...')
#1 D:/2.ANDROID/3.FlutterVSCode/projects/SHE Inspection System/backend/she-api/vendor/laravel/framework/src/Illuminate/Foundation/Application.php(1078): Illuminate/Container/Container->resolve('App//Http//Contro...', Array, true)
#2 D:/2.ANDROID/3.FlutterVSCode/projects/SHE Inspection System/backend/she-api/vendor/laravel/framework/src/Illuminate/Container/Container.php(763): Illuminate/Foundation/Application->resolve('App//Http//Contro...', Array)
#3 D:/2.ANDROID/3.FlutterVSCode/projects/SHE Inspection System/backend/she-api/vendor/laravel/framework/src/Illuminate/Foundation/Application.php(1058): Illuminate/Container/Container->make('App//Http//Contro...', Array)
#4 D:/2.ANDROID/3.FlutterVSCode/projects/SHE Inspection System/backend/she-api/vendor/laravel/framework/src/Illuminate/Routing/Route.php(285): Illuminate/Foundation/Application->make('App//Http//Contro...')
#5 D:/2.ANDROID/3.FlutterVSCode/projects/SHE Inspection System/backend/she-api/vendor/laravel/framework/src/Illuminate/Routing/Route.php(267): Illuminate/Routing/Route->getController()
#6 D:/2.ANDROID/3.FlutterVSCode/projects/SHE Inspection System/backend/she-api/vendor/laravel/framework/src/Illuminate/Routing/Route.php(212): Illuminate/Routing/Route->runController()
#7 D:/2.ANDROID/3.FlutterVSCode/projects/SHE Inspection System/backend/she-api/vendor/laravel/framework/src/Illuminate/Routing/Router.php(808): Illuminate/Routing/Route->run()
#8 D:/2.ANDROID/3.FlutterVSCode/projects/SHE Inspection System/backend/she-api/vendor/laravel/framework/src/Illuminate/Pipeline/Pipeline.php(170): Illuminate/Routing/Router->Illuminate/Routing/{closure}(Object(Illuminate/Http/Request))
#9 D:/2.ANDROID/3.FlutterVSCode/projects/SHE Inspection System/backend/she-api/vendor/laravel/framework/src/Illuminate/Routing/Middleware/SubstituteBindings.php(51): Illuminate/Pipeline/Pipeline->Illuminate/Pipeline/{closure}(Object(Illuminate/Http/Request))
#10 D:/2.ANDROID/3.FlutterVSCode/projects/SHE Inspection System/backend/she-api/vendor/laravel/framework/src/Illuminate/Pipeline/Pipeline.php(209): Illuminate/Routing/Middleware/SubstituteBindings->handle(Object(Illuminate/Http/Request), Object(Closure))
#11 D:/2.ANDROID/3.FlutterVSCode/projects/SHE Inspection System/backend/she-api/vendor/laravel/framework/src/Illuminate/Auth/Middleware/Authenticate.php(64): Illuminate/Pipeline/Pipeline->Illuminate/Pipeline/{closure}(Object(Illuminate/Http/Request))
#12 D:/2.ANDROID/3.FlutterVSCode/projects/SHE Inspection System/backend/she-api/vendor/laravel/framework/src/Illuminate/Pipeline/Pipeline.php(209): Illuminate/Auth/Middleware/Authenticate->handle(Object(Illuminate/Http/Request), Object(Closure), 'sanctum')
#13 D:/2.ANDROID/3.FlutterVSCode/projects/SHE Inspection System/backend/she-api/vendor/laravel/framework/src/Illuminate/Pipeline/Pipeline.php(127): Illuminate/Pipeline/Pipeline->Illuminate/Pipeline/{closure}(Object(Illuminate/Http/Request))
#14 D:/2.ANDROID/3.FlutterVSCode/projects/SHE Inspection System/backend/she-api/vendor/laravel/framework/src/Illuminate/Routing/Router.php(807): Illuminate/Pipeline/Pipeline->then(Object(Closure))
#15 D:/2.ANDROID/3.FlutterVSCode/projects/SHE Inspection System/backend/she-api/vendor/laravel/framework/src/Illuminate/Routing/Router.php(786): Illuminate/Routing/Router->runRouteWithinStack(Object(Illuminate/Routing/Route), Object(Illuminate/Http/Request))
#16 D:/2.ANDROID/3.FlutterVSCode/projects/SHE Inspection System/backend/she-api/vendor/laravel/framework/src/Illuminate/Routing/Router.php(750): Illuminate/Routing/Router->runRoute(Object(Illuminate/Http/Request), Object(Illuminate/Routing/Route))
#17 D:/2.ANDROID/3.FlutterVSCode/projects/SHE Inspection System/backend/she-api/vendor/laravel/framework/src/Illuminate/Routing/Router.php(739): Illuminate/Routing/Router->dispatchToRoute(Object(Illuminate/Http/Request))
#18 D:/2.ANDROID/3.FlutterVSCode/projects/SHE Inspection System/backend/she-api/vendor/laravel/framework/src/Illuminate/Foundation/Http/Kernel.php(201): Illuminate/Routing/Router->dispatch(Object(Illuminate/Http/Request))
#19 D:/2.ANDROID/3.FlutterVSCode/projects/SHE Inspection System/backend/she-api/vendor/laravel/framework/src/Illuminate/Pipeline/Pipeline.php(170): Illuminate/Foundation/Http/Kernel->Illuminate/Foundation/Http/{closure}(Object(Illuminate/Http/Request))
#20 D:/2.ANDROID/3.FlutterVSCode/projects/SHE Inspection System/backend/she-api/vendor/laravel/framework/src/Illuminate/Foundation/Http/Middleware/TransformsRequest.php(21): Illuminate/Pipeline/Pipeline->Illuminate/Pipeline/{closure}(Object(Illuminate/Http/Request))
#21 D:/2.ANDROID/3.FlutterVSCode/projects/SHE Inspection System/backend/she-api/vendor/laravel/framework/src/Illuminate/Foundation/Http/Middleware/ConvertEmptyStringsToNull.php(31): Illuminate/Foundation/Http/Middleware/TransformsRequest->handle(Object(Illuminate/Http/Request), Object(Closure))
#22 D:/2.ANDROID/3.FlutterVSCode/projects/SHE Inspection System/backend/she-api/vendor/laravel/framework/src/Illuminate/Pipeline/Pipeline.php(209): Illuminate/Foundation/Http/Middleware/ConvertEmptyStringsToNull->handle(Object(Illuminate/Http/Request), Object(Closure))
#23 D:/2.ANDROID/3.FlutterVSCode/projects/SHE Inspection System/backend/she-api/vendor/laravel/framework/src/Illuminate/Foundation/Http/Middleware/TransformsRequest.php(21): Illuminate/Pipeline/Pipeline->Illuminate/Pipeline/{closure}(Object(Illuminate/Http/Request))
#24 D:/2.ANDROID/3.FlutterVSCode/projects/SHE Inspection System/backend/she-api/vendor/laravel/framework/src/Illuminate/Foundation/Http/Middleware/TrimStrings.php(51): Illuminate/Foundation/Http/Middleware/TransformsRequest->handle(Object(Illuminate/Http/Request), Object(Closure))
#25 D:/2.ANDROID/3.FlutterVSCode/projects/SHE Inspection System/backend/she-api/vendor/laravel/framework/src/Illuminate/Pipeline/Pipeline.php(209): Illuminate/Foundation/Http/Middleware/TrimStrings->handle(Object(Illuminate/Http/Request), Object(Closure))
#26 D:/2.ANDROID/3.FlutterVSCode/projects/SHE Inspection System/backend/she-api/vendor/laravel/framework/src/Illuminate/Http/Middleware/ValidatePostSize.php(27): Illuminate/Pipeline/Pipeline->Illuminate/Pipeline/{closure}(Object(Illuminate/Http/Request))
#27 D:/2.ANDROID/3.FlutterVSCode/projects/SHE Inspection System/backend/she-api/vendor/laravel/framework/src/Illuminate/Pipeline/Pipeline.php(209): Illuminate/Http/Middleware/ValidatePostSize->handle(Object(Illuminate/Http/Request), Object(Closure))
#28 D:/2.ANDROID/3.FlutterVSCode/projects/SHE Inspection System/backend/she-api/vendor/laravel/framework/src/Illuminate/Foundation/Http/Middleware/PreventRequestsDuringMaintenance.php(110): Illuminate/Pipeline/Pipeline->Illuminate/Pipeline/{closure}(Object(Illuminate/Http/Request))
#29 D:/2.ANDROID/3.FlutterVSCode/projects/SHE Inspection System/backend/she-api/vendor/laravel/framework/src/Illuminate/Pipeline/Pipeline.php(209): Illuminate/Foundation/Http/Middleware/PreventRequestsDuringMaintenance->handle(Object(Illuminate/Http/Request), Object(Closure))
#30 D:/2.ANDROID/3.FlutterVSCode/projects/SHE Inspection System/backend/she-api/vendor/laravel/framework/src/Illuminate/Http/Middleware/HandleCors.php(62): Illuminate/Pipeline/Pipeline->Illuminate/Pipeline/{closure}(Object(Illuminate/Http/Request))
#31 D:/2.ANDROID/3.FlutterVSCode/projects/SHE Inspection System/backend/she-api/vendor/laravel/framework/src/Illuminate/Pipeline/Pipeline.php(209): Illuminate/Http/Middleware/HandleCors->handle(Object(Illuminate/Http/Request), Object(Closure))
#32 D:/2.ANDROID/3.FlutterVSCode/projects/SHE Inspection System/backend/she-api/vendor/laravel/framework/src/Illuminate/Http/Middleware/TrustProxies.php(58): Illuminate/Pipeline/Pipeline->Illuminate/Pipeline/{closure}(Object(Illuminate/Http/Request))
#33 D:/2.ANDROID/3.FlutterVSCode/projects/SHE Inspection System/backend/she-api/vendor/laravel/framework/src/Illuminate/Pipeline/Pipeline.php(209): Illuminate/Http/Middleware/TrustProxies->handle(Object(Illuminate/Http/Request), Object(Closure))
#34 D:/2.ANDROID/3.FlutterVSCode/projects/SHE Inspection System/backend/she-api/vendor/laravel/framework/src/Illuminate/Foundation/Http/Middleware/InvokeDeferredCallbacks.php(22): Illuminate/Pipeline/Pipeline->Illuminate/Pipeline/{closure}(Object(Illuminate/Http/Request))
#35 D:/2.ANDROID/3.FlutterVSCode/projects/SHE Inspection System/backend/she-api/vendor/laravel/framework/src/Illuminate/Pipeline/Pipeline.php(209): Illuminate/Foundation/Http/Middleware/InvokeDeferredCallbacks->handle(Object(Illuminate/Http/Request), Object(Closure))
#36 D:/2.ANDROID/3.FlutterVSCode/projects/SHE Inspection System/backend/she-api/vendor/laravel/framework/src/Illuminate/Pipeline/Pipeline.php(127): Illuminate/Pipeline/Pipeline->Illuminate/Pipeline/{closure}(Object(Illuminate/Http/Request))
#37 D:/2.ANDROID/3.FlutterVSCode/projects/SHE Inspection System/backend/she-api/vendor/laravel/framework/src/Illuminate/Foundation/Http/Kernel.php(176): Illuminate/Pipeline/Pipeline->then(Object(Closure))
#38 D:/2.ANDROID/3.FlutterVSCode/projects/SHE Inspection System/backend/she-api/vendor/laravel/framework/src/Illuminate/Foundation/Http/Kernel.php(145): Illuminate/Foundation/Http/Kernel->sendRequestThroughRouter(Object(Illuminate/Http/Request))
#39 D:/2.ANDROID/3.FlutterVSCode/projects/SHE Inspection System/backend/she-api/vendor/laravel/framework/src/Illuminate/Foundation/Application.php(1220): Illuminate/Foundation/Http/Kernel->handle(Object(Illuminate/Http/Request))
#40 D:/2.ANDROID/3.FlutterVSCode/projects/SHE Inspection System/backend/she-api/public/index.php(20): Illuminate/Foundation/Application->handleRequest(Object(Illuminate/Http/Request))
#41 D:/2.ANDROID/3.FlutterVSCode/projects/SHE Inspection System/backend/she-api/vendor/laravel/framework/src/Illuminate/Foundation/resources/server.php(23): require_once('D://2.ANDROID//3....')
#42 {main}

[previous exception] [object] (ReflectionException(code: -1): Class \"App\\Http\\Controllers\\Api\\FireAlarmController\" does not exist at D:/2.ANDROID/3.FlutterVSCode/projects/SHE Inspection System/backend/she-api/vendor/laravel/framework/src/Illuminate/Container/Container.php:959)
[stacktrace]
#0 D:/2.ANDROID/3.FlutterVSCode/projects/SHE Inspection System/backend/she-api/vendor/laravel/framework/src/Illuminate/Container/Container.php(959): ReflectionClass->__construct('App//Http//Contro...')
#1 D:/2.ANDROID/3.FlutterVSCode/projects/SHE Inspection System/backend/she-api/vendor/laravel/framework/src/Illuminate/Container/Container.php(832): Illuminate/Container/Container->build('App//Http//Contro...')
#2 D:/2.ANDROID/3.FlutterVSCode/projects/SHE Inspection System/backend/she-api/vendor/laravel/framework/src/Illuminate/Foundation/Application.php(1078): Illuminate/Container/Container->resolve('App//Http//Contro...', Array, true)
#3 D:/2.ANDROID/3.FlutterVSCode/projects/SHE Inspection System/backend/she-api/vendor/laravel/framework/src/Illuminate/Container/Container.php(763): Illuminate/Foundation/Application->resolve('App//Http//Contro...', Array)
#4 D:/2.ANDROID/3.FlutterVSCode/projects/SHE Inspection System/backend/she-api/vendor/laravel/framework/src/Illuminate/Foundation/Application.php(1058): Illuminate/Container/Container->make('App//Http//Contro...', Array)
#5 D:/2.ANDROID/3.FlutterVSCode/projects/SHE Inspection System/backend/she-api/vendor/laravel/framework/src/Illuminate/Routing/Route.php(285): Illuminate/Foundation/Application->make('App//Http//Contro...')
#6 D:/2.ANDROID/3.FlutterVSCode/projects/SHE Inspection System/backend/she-api/vendor/laravel/framework/src/Illuminate/Routing/Route.php(267): Illuminate/Routing/Route->getController()
#7 D:/2.ANDROID/3.FlutterVSCode/projects/SHE Inspection System/backend/she-api/vendor/laravel/framework/src/Illuminate/Routing/Route.php(212): Illuminate/Routing/Route->runController()
#8 D:/2.ANDROID/3.FlutterVSCode/projects/SHE Inspection System/backend/she-api/vendor/laravel/framework/src/Illuminate/Routing/Router.php(808): Illuminate/Routing/Route->run()
#9 D:/2.ANDROID/3.FlutterVSCode/projects/SHE Inspection System/backend/she-api/vendor/laravel/framework/src/Illuminate/Pipeline/Pipeline.php(170): Illuminate/Routing/Router->Illuminate/Routing/{closure}(Object(Illuminate/Http/Request))
#10 D:/2.ANDROID/3.FlutterVSCode/projects/SHE Inspection System/backend/she-api/vendor/laravel/framework/src/Illuminate/Routing/Middleware/SubstituteBindings.php(51): Illuminate/Pipeline/Pipeline->Illuminate/Pipeline/{closure}(Object(Illuminate/Http/Request))
#11 D:/2.ANDROID/3.FlutterVSCode/projects/SHE Inspection System/backend/she-api/vendor/laravel/framework/src/Illuminate/Pipeline/Pipeline.php(209): Illuminate/Routing/Middleware/SubstituteBindings->handle(Object(Illuminate/Http/Request), Object(Closure))
#12 D:/2.ANDROID/3.FlutterVSCode/projects/SHE Inspection System/backend/she-api/vendor/laravel/framework/src/Illuminate/Auth/Middleware/Authenticate.php(64): Illuminate/Pipeline/Pipeline->Illuminate/Pipeline/{closure}(Object(Illuminate/Http/Request))
#13 D:/2.ANDROID/3.FlutterVSCode/projects/SHE Inspection System/backend/she-api/vendor/laravel/framework/src/Illuminate/Pipeline/Pipeline.php(209): Illuminate/Auth/Middleware/Authenticate->handle(Object(Illuminate/Http/Request), Object(Closure), 'sanctum')
#14 D:/2.ANDROID/3.FlutterVSCode/projects/SHE Inspection System/backend/she-api/vendor/laravel/framework/src/Illuminate/Pipeline/Pipeline.php(127): Illuminate/Pipeline/Pipeline->Illuminate/Pipeline/{closure}(Object(Illuminate/Http/Request))
#15 D:/2.ANDROID/3.FlutterVSCode/projects/SHE Inspection System/backend/she-api/vendor/laravel/framework/src/Illuminate/Routing/Router.php(807): Illuminate/Pipeline/Pipeline->then(Object(Closure))
#16 D:/2.ANDROID/3.FlutterVSCode/projects/SHE Inspection System/backend/she-api/vendor/laravel/framework/src/Illuminate/Routing/Router.php(786): Illuminate/Routing/Router->runRouteWithinStack(Object(Illuminate/Routing/Route), Object(Illuminate/Http/Request))
#17 D:/2.ANDROID/3.FlutterVSCode/projects/SHE Inspection System/backend/she-api/vendor/laravel/framework/src/Illuminate/Routing/Router.php(750): Illuminate/Routing/Router->runRoute(Object(Illuminate/Http/Request), Object(Illuminate/Routing/Route))
#18 D:/2.ANDROID/3.FlutterVSCode/projects/SHE Inspection System/backend/she-api/vendor/laravel/framework/src/Illuminate/Routing/Router.php(739): Illuminate/Routing/Router->dispatchToRoute(Object(Illuminate/Http/Request))
#19 D:/2.ANDROID/3.FlutterVSCode/projects/SHE Inspection System/backend/she-api/vendor/laravel/framework/src/Illuminate/Foundation/Http/Kernel.php(201): Illuminate/Routing/Router->dispatch(Object(Illuminate/Http/Request))
#20 D:/2.ANDROID/3.FlutterVSCode/projects/SHE Inspection System/backend/she-api/vendor/laravel/framework/src/Illuminate/Pipeline/Pipeline.php(170): Illuminate/Foundation/Http/Kernel->Illuminate/Foundation/Http/{closure}(Object(Illuminate/Http/Request))
#21 D:/2.ANDROID/3.FlutterVSCode/projects/SHE Inspection System/backend/she-api/vendor/laravel/framework/src/Illuminate/Foundation/Http/Middleware/TransformsRequest.php(21): Illuminate/Pipeline/Pipeline->Illuminate/Pipeline/{closure}(Object(Illuminate/Http/Request))
#22 D:/2.ANDROID/3.FlutterVSCode/projects/SHE Inspection System/backend/she-api/vendor/laravel/framework/src/Illuminate/Foundation/Http/Middleware/ConvertEmptyStringsToNull.php(31): Illuminate/Foundation/Http/Middleware/TransformsRequest->handle(Object(Illuminate/Http/Request), Object(Closure))
#23 D:/2.ANDROID/3.FlutterVSCode/projects/SHE Inspection System/backend/she-api/vendor/laravel/framework/src/Illuminate/Pipeline/Pipeline.php(209): Illuminate/Foundation/Http/Middleware/ConvertEmptyStringsToNull->handle(Object(Illuminate/Http/Request), Object(Closure))
#24 D:/2.ANDROID/3.FlutterVSCode/projects/SHE Inspection System/backend/she-api/vendor/laravel/framework/src/Illuminate/Foundation/Http/Middleware/TransformsRequest.php(21): Illuminate/Pipeline/Pipeline->Illuminate/Pipeline/{closure}(Object(Illuminate/Http/Request))
#25 D:/2.ANDROID/3.FlutterVSCode/projects/SHE Inspection System/backend/she-api/vendor/laravel/framework/src/Illuminate/Foundation/Http/Middleware/TrimStrings.php(51): Illuminate/Foundation/Http/Middleware/TransformsRequest->handle(Object(Illuminate/Http/Request), Object(Closure))
#26 D:/2.ANDROID/3.FlutterVSCode/projects/SHE Inspection System/backend/she-api/vendor/laravel/framework/src/Illuminate/Pipeline/Pipeline.php(209): Illuminate/Foundation/Http/Middleware/TrimStrings->handle(Object(Illuminate/Http/Request), Object(Closure))
#27 D:/2.ANDROID/3.FlutterVSCode/projects/SHE Inspection System/backend/she-api/vendor/laravel/framework/src/Illuminate/Http/Middleware/ValidatePostSize.php(27): Illuminate/Pipeline/Pipeline->Illuminate/Pipeline/{closure}(Object(Illuminate/Http/Request))
#28 D:/2.ANDROID/3.FlutterVSCode/projects/SHE Inspection System/backend/she-api/vendor/laravel/framework/src/Illuminate/Pipeline/Pipeline.php(209): Illuminate/Http/Middleware/ValidatePostSize->handle(Object(Illuminate/Http/Request), Object(Closure))
#29 D:/2.ANDROID/3.FlutterVSCode/projects/SHE Inspection System/backend/she-api/vendor/laravel/framework/src/Illuminate/Foundation/Http/Middleware/PreventRequestsDuringMaintenance.php(110): Illuminate/Pipeline/Pipeline->Illuminate/Pipeline/{closure}(Object(Illuminate/Http/Request))
#30 D:/2.ANDROID/3.FlutterVSCode/projects/SHE Inspection System/backend/she-api/vendor/laravel/framework/src/Illuminate/Pipeline/Pipeline.php(209): Illuminate/Foundation/Http/Middleware/PreventRequestsDuringMaintenance->handle(Object(Illuminate/Http/Request), Object(Closure))
#31 D:/2.ANDROID/3.FlutterVSCode/projects/SHE Inspection System/backend/she-api/vendor/laravel/framework/src/Illuminate/Http/Middleware/HandleCors.php(62): Illuminate/Pipeline/Pipeline->Illuminate/Pipeline/{closure}(Object(Illuminate/Http/Request))
#32 D:/2.ANDROID/3.FlutterVSCode/projects/SHE Inspection System/backend/she-api/vendor/laravel/framework/src/Illuminate/Pipeline/Pipeline.php(209): Illuminate/Http/Middleware/HandleCors->handle(Object(Illuminate/Http/Request), Object(Closure))
#33 D:/2.ANDROID/3.FlutterVSCode/projects/SHE Inspection System/backend/she-api/vendor/laravel/framework/src/Illuminate/Http/Middleware/TrustProxies.php(58): Illuminate/Pipeline/Pipeline->Illuminate/Pipeline/{closure}(Object(Illuminate/Http/Request))
#34 D:/2.ANDROID/3.FlutterVSCode/projects/SHE Inspection System/backend/she-api/vendor/laravel/framework/src/Illuminate/Pipeline/Pipeline.php(209): Illuminate/Http/Middleware/TrustProxies->handle(Object(Illuminate/Http/Request), Object(Closure))
#35 D:/2.ANDROID/3.FlutterVSCode/projects/SHE Inspection System/backend/she-api/vendor/laravel/framework/src/Illuminate/Foundation/Http/Middleware/InvokeDeferredCallbacks.php(22): Illuminate/Pipeline/Pipeline->Illuminate/Pipeline/{closure}(Object(Illuminate/Http/Request))
#36 D:/2.ANDROID/3.FlutterVSCode/projects/SHE Inspection System/backend/she-api/vendor/laravel/framework/src/Illuminate/Pipeline/Pipeline.php(209): Illuminate/Foundation/Http/Middleware/InvokeDeferredCallbacks->handle(Object(Illuminate/Http/Request), Object(Closure))
#37 D:/2.ANDROID/3.FlutterVSCode/projects/SHE Inspection System/backend/she-api/vendor/laravel/framework/src/Illuminate/Pipeline/Pipeline.php(127): Illuminate/Pipeline/Pipeline->Illuminate/Pipeline/{closure}(Object(Illuminate/Http/Request))
#38 D:/2.ANDROID/3.FlutterVSCode/projects/SHE Inspection System/backend/she-api/vendor/laravel/framework/src/Illuminate/Foundation/Http/Kernel.php(176): Illuminate/Pipeline/Pipeline->then(Object(Closure))
#39 D:/2.ANDROID/3.FlutterVSCode/projects/SHE Inspection System/backend/she-api/vendor/laravel/framework/src/Illuminate/Foundation/Http/Kernel.php(145): Illuminate/Foundation/Http/Kernel->sendRequestThroughRouter(Object(Illuminate/Http/Request))
#40 D:/2.ANDROID/3.FlutterVSCode/projects/SHE Inspection System/backend/she-api/vendor/laravel/framework/src/Illuminate/Foundation/Application.php(1220): Illuminate/Foundation/Http/Kernel->handle(Object(Illuminate/Http/Request))
#41 D:/2.ANDROID/3.FlutterVSCode/projects/SHE Inspection System/backend/she-api/public/index.php(20): Illuminate/Foundation/Application->handleRequest(Object(Illuminate/Http/Request))
#42 D:/2.ANDROID/3.FlutterVSCode/projects/SHE Inspection System/backend/she-api/vendor/laravel/framework/src/Illuminate/Foundation/resources/server.php(23): require_once('D://2.ANDROID//3....')
#43 {main}
"} 
[2026-07-01 11:19:09] local.ERROR: Target class [App\Http\Controllers\Api\FireAlarmController] does not exist. {"userId":1,"exception":"[object] (Illuminate\\Contracts\\Container\\BindingResolutionException(code: 0): Target class [App\\Http\\Controllers\\Api\\FireAlarmController] does not exist. at D:/2.ANDROID/3.FlutterVSCode/projects/SHE Inspection System/backend/she-api/vendor/laravel/framework/src/Illuminate/Container/Container.php:961)
[stacktrace]
#0 D:/2.ANDROID/3.FlutterVSCode/projects/SHE Inspection System/backend/she-api/vendor/laravel/framework/src/Illuminate/Container/Container.php(832): Illuminate/Container/Container->build('App//Http//Contro...')
#1 D:/2.ANDROID/3.FlutterVSCode/projects/SHE Inspection System/backend/she-api/vendor/laravel/framework/src/Illuminate/Foundation/Application.php(1078): Illuminate/Container/Container->resolve('App//Http//Contro...', Array, true)
#2 D:/2.ANDROID/3.FlutterVSCode/projects/SHE Inspection System/backend/she-api/vendor/laravel/framework/src/Illuminate/Container/Container.php(763): Illuminate/Foundation/Application->resolve('App//Http//Contro...', Array)
#3 D:/2.ANDROID/3.FlutterVSCode/projects/SHE Inspection System/backend/she-api/vendor/laravel/framework/src/Illuminate/Foundation/Application.php(1058): Illuminate/Container/Container->make('App//Http//Contro...', Array)
#4 D:/2.ANDROID/3.FlutterVSCode/projects/SHE Inspection System/backend/she-api/vendor/laravel/framework/src/Illuminate/Routing/Route.php(285): Illuminate/Foundation/Application->make('App//Http//Contro...')
#5 D:/2.ANDROID/3.FlutterVSCode/projects/SHE Inspection System/backend/she-api/vendor/laravel/framework/src/Illuminate/Routing/Route.php(267): Illuminate/Routing/Route->getController()
#6 D:/2.ANDROID/3.FlutterVSCode/projects/SHE Inspection System/backend/she-api/vendor/laravel/framework/src/Illuminate/Routing/Route.php(212): Illuminate/Routing/Route->runController()
#7 D:/2.ANDROID/3.FlutterVSCode/projects/SHE Inspection System/backend/she-api/vendor/laravel/framework/src/Illuminate/Routing/Router.php(808): Illuminate/Routing/Route->run()
#8 D:/2.ANDROID/3.FlutterVSCode/projects/SHE Inspection System/backend/she-api/vendor/laravel/framework/src/Illuminate/Pipeline/Pipeline.php(170): Illuminate/Routing/Router->Illuminate/Routing/{closure}(Object(Illuminate/Http/Request))
#9 D:/2.ANDROID/3.FlutterVSCode/projects/SHE Inspection System/backend/she-api/vendor/laravel/framework/src/Illuminate/Routing/Middleware/SubstituteBindings.php(51): Illuminate/Pipeline/Pipeline->Illuminate/Pipeline/{closure}(Object(Illuminate/Http/Request))
#10 D:/2.ANDROID/3.FlutterVSCode/projects/SHE Inspection System/backend/she-api/vendor/laravel/framework/src/Illuminate/Pipeline/Pipeline.php(209): Illuminate/Routing/Middleware/SubstituteBindings->handle(Object(Illuminate/Http/Request), Object(Closure))
#11 D:/2.ANDROID/3.FlutterVSCode/projects/SHE Inspection System/backend/she-api/vendor/laravel/framework/src/Illuminate/Auth/Middleware/Authenticate.php(64): Illuminate/Pipeline/Pipeline->Illuminate/Pipeline/{closure}(Object(Illuminate/Http/Request))
#12 D:/2.ANDROID/3.FlutterVSCode/projects/SHE Inspection System/backend/she-api/vendor/laravel/framework/src/Illuminate/Pipeline/Pipeline.php(209): Illuminate/Auth/Middleware/Authenticate->handle(Object(Illuminate/Http/Request), Object(Closure), 'sanctum')
#13 D:/2.ANDROID/3.FlutterVSCode/projects/SHE Inspection System/backend/she-api/vendor/laravel/framework/src/Illuminate/Pipeline/Pipeline.php(127): Illuminate/Pipeline/Pipeline->Illuminate/Pipeline/{closure}(Object(Illuminate/Http/Request))
#14 D:/2.ANDROID/3.FlutterVSCode/projects/SHE Inspection System/backend/she-api/vendor/laravel/framework/src/Illuminate/Routing/Router.php(807): Illuminate/Pipeline/Pipeline->then(Object(Closure))
#15 D:/2.ANDROID/3.FlutterVSCode/projects/SHE Inspection System/backend/she-api/vendor/laravel/framework/src/Illuminate/Routing/Router.php(786): Illuminate/Routing/Router->runRouteWithinStack(Object(Illuminate/Routing/Route), Object(Illuminate/Http/Request))
#16 D:/2.ANDROID/3.FlutterVSCode/projects/SHE Inspection System/backend/she-api/vendor/laravel/framework/src/Illuminate/Routing/Router.php(750): Illuminate/Routing/Router->runRoute(Object(Illuminate/Http/Request), Object(Illuminate/Routing/Route))
#17 D:/2.ANDROID/3.FlutterVSCode/projects/SHE Inspection System/backend/she-api/vendor/laravel/framework/src/Illuminate/Routing/Router.php(739): Illuminate/Routing/Router->dispatchToRoute(Object(Illuminate/Http/Request))
#18 D:/2.ANDROID/3.FlutterVSCode/projects/SHE Inspection System/backend/she-api/vendor/laravel/framework/src/Illuminate/Foundation/Http/Kernel.php(201): Illuminate/Routing/Router->dispatch(Object(Illuminate/Http/Request))
#19 D:/2.ANDROID/3.FlutterVSCode/projects/SHE Inspection System/backend/she-api/vendor/laravel/framework/src/Illuminate/Pipeline/Pipeline.php(170): Illuminate/Foundation/Http/Kernel->Illuminate/Foundation/Http/{closure}(Object(Illuminate/Http/Request))
#20 D:/2.ANDROID/3.FlutterVSCode/projects/SHE Inspection System/backend/she-api/vendor/laravel/framework/src/Illuminate/Foundation/Http/Middleware/TransformsRequest.php(21): Illuminate/Pipeline/Pipeline->Illuminate/Pipeline/{closure}(Object(Illuminate/Http/Request))
#21 D:/2.ANDROID/3.FlutterVSCode/projects/SHE Inspection System/backend/she-api/vendor/laravel/framework/src/Illuminate/Foundation/Http/Middleware/ConvertEmptyStringsToNull.php(31): Illuminate/Foundation/Http/Middleware/TransformsRequest->handle(Object(Illuminate/Http/Request), Object(Closure))
#22 D:/2.ANDROID/3.FlutterVSCode/projects/SHE Inspection System/backend/she-api/vendor/laravel/framework/src/Illuminate/Pipeline/Pipeline.php(209): Illuminate/Foundation/Http/Middleware/ConvertEmptyStringsToNull->handle(Object(Illuminate/Http/Request), Object(Closure))
#23 D:/2.ANDROID/3.FlutterVSCode/projects/SHE Inspection System/backend/she-api/vendor/laravel/framework/src/Illuminate/Foundation/Http/Middleware/TransformsRequest.php(21): Illuminate/Pipeline/Pipeline->Illuminate/Pipeline/{closure}(Object(Illuminate/Http/Request))
#24 D:/2.ANDROID/3.FlutterVSCode/projects/SHE Inspection System/backend/she-api/vendor/laravel/framework/src/Illuminate/Foundation/Http/Middleware/TrimStrings.php(51): Illuminate/Foundation/Http/Middleware/TransformsRequest->handle(Object(Illuminate/Http/Request), Object(Closure))
#25 D:/2.ANDROID/3.FlutterVSCode/projects/SHE Inspection System/backend/she-api/vendor/laravel/framework/src/Illuminate/Pipeline/Pipeline.php(209): Illuminate/Foundation/Http/Middleware/TrimStrings->handle(Object(Illuminate/Http/Request), Object(Closure))
#26 D:/2.ANDROID/3.FlutterVSCode/projects/SHE Inspection System/backend/she-api/vendor/laravel/framework/src/Illuminate/Http/Middleware/ValidatePostSize.php(27): Illuminate/Pipeline/Pipeline->Illuminate/Pipeline/{closure}(Object(Illuminate/Http/Request))
#27 D:/2.ANDROID/3.FlutterVSCode/projects/SHE Inspection System/backend/she-api/vendor/laravel/framework/src/Illuminate/Pipeline/Pipeline.php(209): Illuminate/Http/Middleware/ValidatePostSize->handle(Object(Illuminate/Http/Request), Object(Closure))
#28 D:/2.ANDROID/3.FlutterVSCode/projects/SHE Inspection System/backend/she-api/vendor/laravel/framework/src/Illuminate/Foundation/Http/Middleware/PreventRequestsDuringMaintenance.php(110): Illuminate/Pipeline/Pipeline->Illuminate/Pipeline/{closure}(Object(Illuminate/Http/Request))
#29 D:/2.ANDROID/3.FlutterVSCode/projects/SHE Inspection System/backend/she-api/vendor/laravel/framework/src/Illuminate/Pipeline/Pipeline.php(209): Illuminate/Foundation/Http/Middleware/PreventRequestsDuringMaintenance->handle(Object(Illuminate/Http/Request), Object(Closure))
#30 D:/2.ANDROID/3.FlutterVSCode/projects/SHE Inspection System/backend/she-api/vendor/laravel/framework/src/Illuminate/Http/Middleware/HandleCors.php(62): Illuminate/Pipeline/Pipeline->Illuminate/Pipeline/{closure}(Object(Illuminate/Http/Request))
#31 D:/2.ANDROID/3.FlutterVSCode/projects/SHE Inspection System/backend/she-api/vendor/laravel/framework/src/Illuminate/Pipeline/Pipeline.php(209): Illuminate/Http/Middleware/HandleCors->handle(Object(Illuminate/Http/Request), Object(Closure))
#32 D:/2.ANDROID/3.FlutterVSCode/projects/SHE Inspection System/backend/she-api/vendor/laravel/framework/src/Illuminate/Http/Middleware/TrustProxies.php(58): Illuminate/Pipeline/Pipeline->Illuminate/Pipeline/{closure}(Object(Illuminate/Http/Request))
#33 D:/2.ANDROID/3.FlutterVSCode/projects/SHE Inspection System/backend/she-api/vendor/laravel/framework/src/Illuminate/Pipeline/Pipeline.php(209): Illuminate/Http/Middleware/TrustProxies->handle(Object(Illuminate/Http/Request), Object(Closure))
#34 D:/2.ANDROID/3.FlutterVSCode/projects/SHE Inspection System/backend/she-api/vendor/laravel/framework/src/Illuminate/Foundation/Http/Middleware/InvokeDeferredCallbacks.php(22): Illuminate/Pipeline/Pipeline->Illuminate/Pipeline/{closure}(Object(Illuminate/Http/Request))
#35 D:/2.ANDROID/3.FlutterVSCode/projects/SHE Inspection System/backend/she-api/vendor/laravel/framework/src/Illuminate/Pipeline/Pipeline.php(209): Illuminate/Foundation/Http/Middleware/InvokeDeferredCallbacks->handle(Object(Illuminate/Http/Request), Object(Closure))
#36 D:/2.ANDROID/3.FlutterVSCode/projects/SHE Inspection System/backend/she-api/vendor/laravel/framework/src/Illuminate/Pipeline/Pipeline.php(127): Illuminate/Pipeline/Pipeline->Illuminate/Pipeline/{closure}(Object(Illuminate/Http/Request))
#37 D:/2.ANDROID/3.FlutterVSCode/projects/SHE Inspection System/backend/she-api/vendor/laravel/framework/src/Illuminate/Foundation/Http/Kernel.php(176): Illuminate/Pipeline/Pipeline->then(Object(Closure))
#38 D:/2.ANDROID/3.FlutterVSCode/projects/SHE Inspection System/backend/she-api/vendor/laravel/framework/src/Illuminate/Foundation/Http/Kernel.php(145): Illuminate/Foundation/Http/Kernel->sendRequestThroughRouter(Object(Illuminate/Http/Request))
#39 D:/2.ANDROID/3.FlutterVSCode/projects/SHE Inspection System/backend/she-api/vendor/laravel/framework/src/Illuminate/Foundation/Application.php(1220): Illuminate/Foundation/Http/Kernel->handle(Object(Illuminate/Http/Request))
#40 D:/2.ANDROID/3.FlutterVSCode/projects/SHE Inspection System/backend/she-api/public/index.php(20): Illuminate/Foundation/Application->handleRequest(Object(Illuminate/Http/Request))
#41 D:/2.ANDROID/3.FlutterVSCode/projects/SHE Inspection System/backend/she-api/vendor/laravel/framework/src/Illuminate/Foundation/resources/server.php(23): require_once('D://2.ANDROID//3....')
#42 {main}

[previous exception] [object] (ReflectionException(code: -1): Class \"App\\Http\\Controllers\\Api\\FireAlarmController\" does not exist at D:/2.ANDROID/3.FlutterVSCode/projects/SHE Inspection System/backend/she-api/vendor/laravel/framework/src/Illuminate/Container/Container.php:959)
[stacktrace]
#0 D:/2.ANDROID/3.FlutterVSCode/projects/SHE Inspection System/backend/she-api/vendor/laravel/framework/src/Illuminate/Container/Container.php(959): ReflectionClass->__construct('App//Http//Contro...')
#1 D:/2.ANDROID/3.FlutterVSCode/projects/SHE Inspection System/backend/she-api/vendor/laravel/framework/src/Illuminate/Container/Container.php(832): Illuminate/Container/Container->build('App//Http//Contro...')
#2 D:/2.ANDROID/3.FlutterVSCode/projects/SHE Inspection System/backend/she-api/vendor/laravel/framework/src/Illuminate/Foundation/Application.php(1078): Illuminate/Container/Container->resolve('App//Http//Contro...', Array, true)
#3 D:/2.ANDROID/3.FlutterVSCode/projects/SHE Inspection System/backend/she-api/vendor/laravel/framework/src/Illuminate/Container/Container.php(763): Illuminate/Foundation/Application->resolve('App//Http//Contro...', Array)
#4 D:/2.ANDROID/3.FlutterVSCode/projects/SHE Inspection System/backend/she-api/vendor/laravel/framework/src/Illuminate/Foundation/Application.php(1058): Illuminate/Container/Container->make('App//Http//Contro...', Array)
#5 D:/2.ANDROID/3.FlutterVSCode/projects/SHE Inspection System/backend/she-api/vendor/laravel/framework/src/Illuminate/Routing/Route.php(285): Illuminate/Foundation/Application->make('App//Http//Contro...')
#6 D:/2.ANDROID/3.FlutterVSCode/projects/SHE Inspection System/backend/she-api/vendor/laravel/framework/src/Illuminate/Routing/Route.php(267): Illuminate/Routing/Route->getController()
#7 D:/2.ANDROID/3.FlutterVSCode/projects/SHE Inspection System/backend/she-api/vendor/laravel/framework/src/Illuminate/Routing/Route.php(212): Illuminate/Routing/Route->runController()
#8 D:/2.ANDROID/3.FlutterVSCode/projects/SHE Inspection System/backend/she-api/vendor/laravel/framework/src/Illuminate/Routing/Router.php(808): Illuminate/Routing/Route->run()
#9 D:/2.ANDROID/3.FlutterVSCode/projects/SHE Inspection System/backend/she-api/vendor/laravel/framework/src/Illuminate/Pipeline/Pipeline.php(170): Illuminate/Routing/Router->Illuminate/Routing/{closure}(Object(Illuminate/Http/Request))
#10 D:/2.ANDROID/3.FlutterVSCode/projects/SHE Inspection System/backend/she-api/vendor/laravel/framework/src/Illuminate/Routing/Middleware/SubstituteBindings.php(51): Illuminate/Pipeline/Pipeline->Illuminate/Pipeline/{closure}(Object(Illuminate/Http/Request))
#11 D:/2.ANDROID/3.FlutterVSCode/projects/SHE Inspection System/backend/she-api/vendor/laravel/framework/src/Illuminate/Pipeline/Pipeline.php(209): Illuminate/Routing/Middleware/SubstituteBindings->handle(Object(Illuminate/Http/Request), Object(Closure))
#12 D:/2.ANDROID/3.FlutterVSCode/projects/SHE Inspection System/backend/she-api/vendor/laravel/framework/src/Illuminate/Auth/Middleware/Authenticate.php(64): Illuminate/Pipeline/Pipeline->Illuminate/Pipeline/{closure}(Object(Illuminate/Http/Request))
#13 D:/2.ANDROID/3.FlutterVSCode/projects/SHE Inspection System/backend/she-api/vendor/laravel/framework/src/Illuminate/Pipeline/Pipeline.php(209): Illuminate/Auth/Middleware/Authenticate->handle(Object(Illuminate/Http/Request), Object(Closure), 'sanctum')
#14 D:/2.ANDROID/3.FlutterVSCode/projects/SHE Inspection System/backend/she-api/vendor/laravel/framework/src/Illuminate/Pipeline/Pipeline.php(127): Illuminate/Pipeline/Pipeline->Illuminate/Pipeline/{closure}(Object(Illuminate/Http/Request))
#15 D:/2.ANDROID/3.FlutterVSCode/projects/SHE Inspection System/backend/she-api/vendor/laravel/framework/src/Illuminate/Routing/Router.php(807): Illuminate/Pipeline/Pipeline->then(Object(Closure))
#16 D:/2.ANDROID/3.FlutterVSCode/projects/SHE Inspection System/backend/she-api/vendor/laravel/framework/src/Illuminate/Routing/Router.php(786): Illuminate/Routing/Router->runRouteWithinStack(Object(Illuminate/Routing/Route), Object(Illuminate/Http/Request))
#17 D:/2.ANDROID/3.FlutterVSCode/projects/SHE Inspection System/backend/she-api/vendor/laravel/framework/src/Illuminate/Routing/Router.php(750): Illuminate/Routing/Router->runRoute(Object(Illuminate/Http/Request), Object(Illuminate/Routing/Route))
#18 D:/2.ANDROID/3.FlutterVSCode/projects/SHE Inspection System/backend/she-api/vendor/laravel/framework/src/Illuminate/Routing/Router.php(739): Illuminate/Routing/Router->dispatchToRoute(Object(Illuminate/Http/Request))
#19 D:/2.ANDROID/3.FlutterVSCode/projects/SHE Inspection System/backend/she-api/vendor/laravel/framework/src/Illuminate/Foundation/Http/Kernel.php(201): Illuminate/Routing/Router->dispatch(Object(Illuminate/Http/Request))
#20 D:/2.ANDROID/3.FlutterVSCode/projects/SHE Inspection System/backend/she-api/vendor/laravel/framework/src/Illuminate/Pipeline/Pipeline.php(170): Illuminate/Foundation/Http/Kernel->Illuminate/Foundation/Http/{closure}(Object(Illuminate/Http/Request))
#21 D:/2.ANDROID/3.FlutterVSCode/projects/SHE Inspection System/backend/she-api/vendor/laravel/framework/src/Illuminate/Foundation/Http/Middleware/TransformsRequest.php(21): Illuminate/Pipeline/Pipeline->Illuminate/Pipeline/{closure}(Object(Illuminate/Http/Request))
#22 D:/2.ANDROID/3.FlutterVSCode/projects/SHE Inspection System/backend/she-api/vendor/laravel/framework/src/Illuminate/Foundation/Http/Middleware/ConvertEmptyStringsToNull.php(31): Illuminate/Foundation/Http/Middleware/TransformsRequest->handle(Object(Illuminate/Http/Request), Object(Closure))
#23 D:/2.ANDROID/3.FlutterVSCode/projects/SHE Inspection System/backend/she-api/vendor/laravel/framework/src/Illuminate/Pipeline/Pipeline.php(209): Illuminate/Foundation/Http/Middleware/ConvertEmptyStringsToNull->handle(Object(Illuminate/Http/Request), Object(Closure))
#24 D:/2.ANDROID/3.FlutterVSCode/projects/SHE Inspection System/backend/she-api/vendor/laravel/framework/src/Illuminate/Foundation/Http/Middleware/TransformsRequest.php(21): Illuminate/Pipeline/Pipeline->Illuminate/Pipeline/{closure}(Object(Illuminate/Http/Request))
#25 D:/2.ANDROID/3.FlutterVSCode/projects/SHE Inspection System/backend/she-api/vendor/laravel/framework/src/Illuminate/Foundation/Http/Middleware/TrimStrings.php(51): Illuminate/Foundation/Http/Middleware/TransformsRequest->handle(Object(Illuminate/Http/Request), Object(Closure))
#26 D:/2.ANDROID/3.FlutterVSCode/projects/SHE Inspection System/backend/she-api/vendor/laravel/framework/src/Illuminate/Pipeline/Pipeline.php(209): Illuminate/Foundation/Http/Middleware/TrimStrings->handle(Object(Illuminate/Http/Request), Object(Closure))
#27 D:/2.ANDROID/3.FlutterVSCode/projects/SHE Inspection System/backend/she-api/vendor/laravel/framework/src/Illuminate/Http/Middleware/ValidatePostSize.php(27): Illuminate/Pipeline/Pipeline->Illuminate/Pipeline/{closure}(Object(Illuminate/Http/Request))
#28 D:/2.ANDROID/3.FlutterVSCode/projects/SHE Inspection System/backend/she-api/vendor/laravel/framework/src/Illuminate/Pipeline/Pipeline.php(209): Illuminate/Http/Middleware/ValidatePostSize->handle(Object(Illuminate/Http/Request), Object(Closure))
#29 D:/2.ANDROID/3.FlutterVSCode/projects/SHE Inspection System/backend/she-api/vendor/laravel/framework/src/Illuminate/Foundation/Http/Middleware/PreventRequestsDuringMaintenance.php(110): Illuminate/Pipeline/Pipeline->Illuminate/Pipeline/{closure}(Object(Illuminate/Http/Request))
#30 D:/2.ANDROID/3.FlutterVSCode/projects/SHE Inspection System/backend/she-api/vendor/laravel/framework/src/Illuminate/Pipeline/Pipeline.php(209): Illuminate/Foundation/Http/Middleware/PreventRequestsDuringMaintenance->handle(Object(Illuminate/Http/Request), Object(Closure))
#31 D:/2.ANDROID/3.FlutterVSCode/projects/SHE Inspection System/backend/she-api/vendor/laravel/framework/src/Illuminate/Http/Middleware/HandleCors.php(62): Illuminate/Pipeline/Pipeline->Illuminate/Pipeline/{closure}(Object(Illuminate/Http/Request))
#32 D:/2.ANDROID/3.FlutterVSCode/projects/SHE Inspection System/backend/she-api/vendor/laravel/framework/src/Illuminate/Pipeline/Pipeline.php(209): Illuminate/Http/Middleware/HandleCors->handle(Object(Illuminate/Http/Request), Object(Closure))
#33 D:/2.ANDROID/3.FlutterVSCode/projects/SHE Inspection System/backend/she-api/vendor/laravel/framework/src/Illuminate/Http/Middleware/TrustProxies.php(58): Illuminate/Pipeline/Pipeline->Illuminate/Pipeline/{closure}(Object(Illuminate/Http/Request))
#34 D:/2.ANDROID/3.FlutterVSCode/projects/SHE Inspection System/backend/she-api/vendor/laravel/framework/src/Illuminate/Pipeline/Pipeline.php(209): Illuminate/Http/Middleware/TrustProxies->handle(Object(Illuminate/Http/Request), Object(Closure))
#35 D:/2.ANDROID/3.FlutterVSCode/projects/SHE Inspection System/backend/she-api/vendor/laravel/framework/src/Illuminate/Foundation/Http/Middleware/InvokeDeferredCallbacks.php(22): Illuminate/Pipeline/Pipeline->Illuminate/Pipeline/{closure}(Object(Illuminate/Http/Request))
#36 D:/2.ANDROID/3.FlutterVSCode/projects/SHE Inspection System/backend/she-api/vendor/laravel/framework/src/Illuminate/Pipeline/Pipeline.php(209): Illuminate/Foundation/Http/Middleware/InvokeDeferredCallbacks->handle(Object(Illuminate/Http/Request), Object(Closure))
#37 D:/2.ANDROID/3.FlutterVSCode/projects/SHE Inspection System/backend/she-api/vendor/laravel/framework/src/Illuminate/Pipeline/Pipeline.php(127): Illuminate/Pipeline/Pipeline->Illuminate/Pipeline/{closure}(Object(Illuminate/Http/Request))
#38 D:/2.ANDROID/3.FlutterVSCode/projects/SHE Inspection System/backend/she-api/vendor/laravel/framework/src/Illuminate/Foundation/Http/Kernel.php(176): Illuminate/Pipeline/Pipeline->then(Object(Closure))
#39 D:/2.ANDROID/3.FlutterVSCode/projects/SHE Inspection System/backend/she-api/vendor/laravel/framework/src/Illuminate/Foundation/Http/Kernel.php(145): Illuminate/Foundation/Http/Kernel->sendRequestThroughRouter(Object(Illuminate/Http/Request))
#40 D:/2.ANDROID/3.FlutterVSCode/projects/SHE Inspection System/backend/she-api/vendor/laravel/framework/src/Illuminate/Foundation/Application.php(1220): Illuminate/Foundation/Http/Kernel->handle(Object(Illuminate/Http/Request))
#41 D:/2.ANDROID/3.FlutterVSCode/projects/SHE Inspection System/backend/she-api/public/index.php(20): Illuminate/Foundation/Application->handleRequest(Object(Illuminate/Http/Request))
#42 D:/2.ANDROID/3.FlutterVSCode/projects/SHE Inspection System/backend/she-api/vendor/laravel/framework/src/Illuminate/Foundation/resources/server.php(23): require_once('D://2.ANDROID//3....')
#43 {main}
"} 
[2026-07-01 13:50:25] local.ERROR: Target class [App\Http\Controllers\Api\IncidentController] does not exist. {"userId":1,"exception":"[object] (Illuminate\\Contracts\\Container\\BindingResolutionException(code: 0): Target class [App\\Http\\Controllers\\Api\\IncidentController] does not exist. at D:/2.ANDROID/3.FlutterVSCode/projects/SHE Inspection System/backend/she-api/vendor/laravel/framework/src/Illuminate/Container/Container.php:961)
[stacktrace]
#0 D:/2.ANDROID/3.FlutterVSCode/projects/SHE Inspection System/backend/she-api/vendor/laravel/framework/src/Illuminate/Container/Container.php(832): Illuminate/Container/Container->build('App//Http//Contro...')
#1 D:/2.ANDROID/3.FlutterVSCode/projects/SHE Inspection System/backend/she-api/vendor/laravel/framework/src/Illuminate/Foundation/Application.php(1078): Illuminate/Container/Container->resolve('App//Http//Contro...', Array, true)
#2 D:/2.ANDROID/3.FlutterVSCode/projects/SHE Inspection System/backend/she-api/vendor/laravel/framework/src/Illuminate/Container/Container.php(763): Illuminate/Foundation/Application->resolve('App//Http//Contro...', Array)
#3 D:/2.ANDROID/3.FlutterVSCode/projects/SHE Inspection System/backend/she-api/vendor/laravel/framework/src/Illuminate/Foundation/Application.php(1058): Illuminate/Container/Container->make('App//Http//Contro...', Array)
#4 D:/2.ANDROID/3.FlutterVSCode/projects/SHE Inspection System/backend/she-api/vendor/laravel/framework/src/Illuminate/Routing/Route.php(285): Illuminate/Foundation/Application->make('App//Http//Contro...')
#5 D:/2.ANDROID/3.FlutterVSCode/projects/SHE Inspection System/backend/she-api/vendor/laravel/framework/src/Illuminate/Routing/Route.php(267): Illuminate/Routing/Route->getController()
#6 D:/2.ANDROID/3.FlutterVSCode/projects/SHE Inspection System/backend/she-api/vendor/laravel/framework/src/Illuminate/Routing/Route.php(212): Illuminate/Routing/Route->runController()
#7 D:/2.ANDROID/3.FlutterVSCode/projects/SHE Inspection System/backend/she-api/vendor/laravel/framework/src/Illuminate/Routing/Router.php(808): Illuminate/Routing/Route->run()
#8 D:/2.ANDROID/3.FlutterVSCode/projects/SHE Inspection System/backend/she-api/vendor/laravel/framework/src/Illuminate/Pipeline/Pipeline.php(170): Illuminate/Routing/Router->Illuminate/Routing/{closure}(Object(Illuminate/Http/Request))
#9 D:/2.ANDROID/3.FlutterVSCode/projects/SHE Inspection System/backend/she-api/vendor/laravel/framework/src/Illuminate/Routing/Middleware/SubstituteBindings.php(51): Illuminate/Pipeline/Pipeline->Illuminate/Pipeline/{closure}(Object(Illuminate/Http/Request))
#10 D:/2.ANDROID/3.FlutterVSCode/projects/SHE Inspection System/backend/she-api/vendor/laravel/framework/src/Illuminate/Pipeline/Pipeline.php(209): Illuminate/Routing/Middleware/SubstituteBindings->handle(Object(Illuminate/Http/Request), Object(Closure))
#11 D:/2.ANDROID/3.FlutterVSCode/projects/SHE Inspection System/backend/she-api/vendor/laravel/framework/src/Illuminate/Auth/Middleware/Authenticate.php(64): Illuminate/Pipeline/Pipeline->Illuminate/Pipeline/{closure}(Object(Illuminate/Http/Request))
#12 D:/2.ANDROID/3.FlutterVSCode/projects/SHE Inspection System/backend/she-api/vendor/laravel/framework/src/Illuminate/Pipeline/Pipeline.php(209): Illuminate/Auth/Middleware/Authenticate->handle(Object(Illuminate/Http/Request), Object(Closure), 'sanctum')
#13 D:/2.ANDROID/3.FlutterVSCode/projects/SHE Inspection System/backend/she-api/vendor/laravel/framework/src/Illuminate/Pipeline/Pipeline.php(127): Illuminate/Pipeline/Pipeline->Illuminate/Pipeline/{closure}(Object(Illuminate/Http/Request))
#14 D:/2.ANDROID/3.FlutterVSCode/projects/SHE Inspection System/backend/she-api/vendor/laravel/framework/src/Illuminate/Routing/Router.php(807): Illuminate/Pipeline/Pipeline->then(Object(Closure))
#15 D:/2.ANDROID/3.FlutterVSCode/projects/SHE Inspection System/backend/she-api/vendor/laravel/framework/src/Illuminate/Routing/Router.php(786): Illuminate/Routing/Router->runRouteWithinStack(Object(Illuminate/Routing/Route), Object(Illuminate/Http/Request))
#16 D:/2.ANDROID/3.FlutterVSCode/projects/SHE Inspection System/backend/she-api/vendor/laravel/framework/src/Illuminate/Routing/Router.php(750): Illuminate/Routing/Router->runRoute(Object(Illuminate/Http/Request), Object(Illuminate/Routing/Route))
#17 D:/2.ANDROID/3.FlutterVSCode/projects/SHE Inspection System/backend/she-api/vendor/laravel/framework/src/Illuminate/Routing/Router.php(739): Illuminate/Routing/Router->dispatchToRoute(Object(Illuminate/Http/Request))
#18 D:/2.ANDROID/3.FlutterVSCode/projects/SHE Inspection System/backend/she-api/vendor/laravel/framework/src/Illuminate/Foundation/Http/Kernel.php(201): Illuminate/Routing/Router->dispatch(Object(Illuminate/Http/Request))
#19 D:/2.ANDROID/3.FlutterVSCode/projects/SHE Inspection System/backend/she-api/vendor/laravel/framework/src/Illuminate/Pipeline/Pipeline.php(170): Illuminate/Foundation/Http/Kernel->Illuminate/Foundation/Http/{closure}(Object(Illuminate/Http/Request))
#20 D:/2.ANDROID/3.FlutterVSCode/projects/SHE Inspection System/backend/she-api/vendor/laravel/framework/src/Illuminate/Foundation/Http/Middleware/TransformsRequest.php(21): Illuminate/Pipeline/Pipeline->Illuminate/Pipeline/{closure}(Object(Illuminate/Http/Request))
#21 D:/2.ANDROID/3.FlutterVSCode/projects/SHE Inspection System/backend/she-api/vendor/laravel/framework/src/Illuminate/Foundation/Http/Middleware/ConvertEmptyStringsToNull.php(31): Illuminate/Foundation/Http/Middleware/TransformsRequest->handle(Object(Illuminate/Http/Request), Object(Closure))
#22 D:/2.ANDROID/3.FlutterVSCode/projects/SHE Inspection System/backend/she-api/vendor/laravel/framework/src/Illuminate/Pipeline/Pipeline.php(209): Illuminate/Foundation/Http/Middleware/ConvertEmptyStringsToNull->handle(Object(Illuminate/Http/Request), Object(Closure))
#23 D:/2.ANDROID/3.FlutterVSCode/projects/SHE Inspection System/backend/she-api/vendor/laravel/framework/src/Illuminate/Foundation/Http/Middleware/TransformsRequest.php(21): Illuminate/Pipeline/Pipeline->Illuminate/Pipeline/{closure}(Object(Illuminate/Http/Request))
#24 D:/2.ANDROID/3.FlutterVSCode/projects/SHE Inspection System/backend/she-api/vendor/laravel/framework/src/Illuminate/Foundation/Http/Middleware/TrimStrings.php(51): Illuminate/Foundation/Http/Middleware/TransformsRequest->handle(Object(Illuminate/Http/Request), Object(Closure))
#25 D:/2.ANDROID/3.FlutterVSCode/projects/SHE Inspection System/backend/she-api/vendor/laravel/framework/src/Illuminate/Pipeline/Pipeline.php(209): Illuminate/Foundation/Http/Middleware/TrimStrings->handle(Object(Illuminate/Http/Request), Object(Closure))
#26 D:/2.ANDROID/3.FlutterVSCode/projects/SHE Inspection System/backend/she-api/vendor/laravel/framework/src/Illuminate/Http/Middleware/ValidatePostSize.php(27): Illuminate/Pipeline/Pipeline->Illuminate/Pipeline/{closure}(Object(Illuminate/Http/Request))
#27 D:/2.ANDROID/3.FlutterVSCode/projects/SHE Inspection System/backend/she-api/vendor/laravel/framework/src/Illuminate/Pipeline/Pipeline.php(209): Illuminate/Http/Middleware/ValidatePostSize->handle(Object(Illuminate/Http/Request), Object(Closure))
#28 D:/2.ANDROID/3.FlutterVSCode/projects/SHE Inspection System/backend/she-api/vendor/laravel/framework/src/Illuminate/Foundation/Http/Middleware/PreventRequestsDuringMaintenance.php(110): Illuminate/Pipeline/Pipeline->Illuminate/Pipeline/{closure}(Object(Illuminate/Http/Request))
#29 D:/2.ANDROID/3.FlutterVSCode/projects/SHE Inspection System/backend/she-api/vendor/laravel/framework/src/Illuminate/Pipeline/Pipeline.php(209): Illuminate/Foundation/Http/Middleware/PreventRequestsDuringMaintenance->handle(Object(Illuminate/Http/Request), Object(Closure))
#30 D:/2.ANDROID/3.FlutterVSCode/projects/SHE Inspection System/backend/she-api/vendor/laravel/framework/src/Illuminate/Http/Middleware/HandleCors.php(62): Illuminate/Pipeline/Pipeline->Illuminate/Pipeline/{closure}(Object(Illuminate/Http/Request))
#31 D:/2.ANDROID/3.FlutterVSCode/projects/SHE Inspection System/backend/she-api/vendor/laravel/framework/src/Illuminate/Pipeline/Pipeline.php(209): Illuminate/Http/Middleware/HandleCors->handle(Object(Illuminate/Http/Request), Object(Closure))
#32 D:/2.ANDROID/3.FlutterVSCode/projects/SHE Inspection System/backend/she-api/vendor/laravel/framework/src/Illuminate/Http/Middleware/TrustProxies.php(58): Illuminate/Pipeline/Pipeline->Illuminate/Pipeline/{closure}(Object(Illuminate/Http/Request))
#33 D:/2.ANDROID/3.FlutterVSCode/projects/SHE Inspection System/backend/she-api/vendor/laravel/framework/src/Illuminate/Pipeline/Pipeline.php(209): Illuminate/Http/Middleware/TrustProxies->handle(Object(Illuminate/Http/Request), Object(Closure))
#34 D:/2.ANDROID/3.FlutterVSCode/projects/SHE Inspection System/backend/she-api/vendor/laravel/framework/src/Illuminate/Foundation/Http/Middleware/InvokeDeferredCallbacks.php(22): Illuminate/Pipeline/Pipeline->Illuminate/Pipeline/{closure}(Object(Illuminate/Http/Request))
#35 D:/2.ANDROID/3.FlutterVSCode/projects/SHE Inspection System/backend/she-api/vendor/laravel/framework/src/Illuminate/Pipeline/Pipeline.php(209): Illuminate/Foundation/Http/Middleware/InvokeDeferredCallbacks->handle(Object(Illuminate/Http/Request), Object(Closure))
#36 D:/2.ANDROID/3.FlutterVSCode/projects/SHE Inspection System/backend/she-api/vendor/laravel/framework/src/Illuminate/Pipeline/Pipeline.php(127): Illuminate/Pipeline/Pipeline->Illuminate/Pipeline/{closure}(Object(Illuminate/Http/Request))
#37 D:/2.ANDROID/3.FlutterVSCode/projects/SHE Inspection System/backend/she-api/vendor/laravel/framework/src/Illuminate/Foundation/Http/Kernel.php(176): Illuminate/Pipeline/Pipeline->then(Object(Closure))
#38 D:/2.ANDROID/3.FlutterVSCode/projects/SHE Inspection System/backend/she-api/vendor/laravel/framework/src/Illuminate/Foundation/Http/Kernel.php(145): Illuminate/Foundation/Http/Kernel->sendRequestThroughRouter(Object(Illuminate/Http/Request))
#39 D:/2.ANDROID/3.FlutterVSCode/projects/SHE Inspection System/backend/she-api/vendor/laravel/framework/src/Illuminate/Foundation/Application.php(1220): Illuminate/Foundation/Http/Kernel->handle(Object(Illuminate/Http/Request))
#40 D:/2.ANDROID/3.FlutterVSCode/projects/SHE Inspection System/backend/she-api/public/index.php(20): Illuminate/Foundation/Application->handleRequest(Object(Illuminate/Http/Request))
#41 D:/2.ANDROID/3.FlutterVSCode/projects/SHE Inspection System/backend/she-api/vendor/laravel/framework/src/Illuminate/Foundation/resources/server.php(23): require_once('D://2.ANDROID//3....')
#42 {main}

[previous exception] [object] (ReflectionException(code: -1): Class \"App\\Http\\Controllers\\Api\\IncidentController\" does not exist at D:/2.ANDROID/3.FlutterVSCode/projects/SHE Inspection System/backend/she-api/vendor/laravel/framework/src/Illuminate/Container/Container.php:959)
[stacktrace]
#0 D:/2.ANDROID/3.FlutterVSCode/projects/SHE Inspection System/backend/she-api/vendor/laravel/framework/src/Illuminate/Container/Container.php(959): ReflectionClass->__construct('App//Http//Contro...')
#1 D:/2.ANDROID/3.FlutterVSCode/projects/SHE Inspection System/backend/she-api/vendor/laravel/framework/src/Illuminate/Container/Container.php(832): Illuminate/Container/Container->build('App//Http//Contro...')
#2 D:/2.ANDROID/3.FlutterVSCode/projects/SHE Inspection System/backend/she-api/vendor/laravel/framework/src/Illuminate/Foundation/Application.php(1078): Illuminate/Container/Container->resolve('App//Http//Contro...', Array, true)
#3 D:/2.ANDROID/3.FlutterVSCode/projects/SHE Inspection System/backend/she-api/vendor/laravel/framework/src/Illuminate/Container/Container.php(763): Illuminate/Foundation/Application->resolve('App//Http//Contro...', Array)
#4 D:/2.ANDROID/3.FlutterVSCode/projects/SHE Inspection System/backend/she-api/vendor/laravel/framework/src/Illuminate/Foundation/Application.php(1058): Illuminate/Container/Container->make('App//Http//Contro...', Array)
#5 D:/2.ANDROID/3.FlutterVSCode/projects/SHE Inspection System/backend/she-api/vendor/laravel/framework/src/Illuminate/Routing/Route.php(285): Illuminate/Foundation/Application->make('App//Http//Contro...')
#6 D:/2.ANDROID/3.FlutterVSCode/projects/SHE Inspection System/backend/she-api/vendor/laravel/framework/src/Illuminate/Routing/Route.php(267): Illuminate/Routing/Route->getController()
#7 D:/2.ANDROID/3.FlutterVSCode/projects/SHE Inspection System/backend/she-api/vendor/laravel/framework/src/Illuminate/Routing/Route.php(212): Illuminate/Routing/Route->runController()
#8 D:/2.ANDROID/3.FlutterVSCode/projects/SHE Inspection System/backend/she-api/vendor/laravel/framework/src/Illuminate/Routing/Router.php(808): Illuminate/Routing/Route->run()
#9 D:/2.ANDROID/3.FlutterVSCode/projects/SHE Inspection System/backend/she-api/vendor/laravel/framework/src/Illuminate/Pipeline/Pipeline.php(170): Illuminate/Routing/Router->Illuminate/Routing/{closure}(Object(Illuminate/Http/Request))
#10 D:/2.ANDROID/3.FlutterVSCode/projects/SHE Inspection System/backend/she-api/vendor/laravel/framework/src/Illuminate/Routing/Middleware/SubstituteBindings.php(51): Illuminate/Pipeline/Pipeline->Illuminate/Pipeline/{closure}(Object(Illuminate/Http/Request))
#11 D:/2.ANDROID/3.FlutterVSCode/projects/SHE Inspection System/backend/she-api/vendor/laravel/framework/src/Illuminate/Pipeline/Pipeline.php(209): Illuminate/Routing/Middleware/SubstituteBindings->handle(Object(Illuminate/Http/Request), Object(Closure))
#12 D:/2.ANDROID/3.FlutterVSCode/projects/SHE Inspection System/backend/she-api/vendor/laravel/framework/src/Illuminate/Auth/Middleware/Authenticate.php(64): Illuminate/Pipeline/Pipeline->Illuminate/Pipeline/{closure}(Object(Illuminate/Http/Request))
#13 D:/2.ANDROID/3.FlutterVSCode/projects/SHE Inspection System/backend/she-api/vendor/laravel/framework/src/Illuminate/Pipeline/Pipeline.php(209): Illuminate/Auth/Middleware/Authenticate->handle(Object(Illuminate/Http/Request), Object(Closure), 'sanctum')
#14 D:/2.ANDROID/3.FlutterVSCode/projects/SHE Inspection System/backend/she-api/vendor/laravel/framework/src/Illuminate/Pipeline/Pipeline.php(127): Illuminate/Pipeline/Pipeline->Illuminate/Pipeline/{closure}(Object(Illuminate/Http/Request))
#15 D:/2.ANDROID/3.FlutterVSCode/projects/SHE Inspection System/backend/she-api/vendor/laravel/framework/src/Illuminate/Routing/Router.php(807): Illuminate/Pipeline/Pipeline->then(Object(Closure))
#16 D:/2.ANDROID/3.FlutterVSCode/projects/SHE Inspection System/backend/she-api/vendor/laravel/framework/src/Illuminate/Routing/Router.php(786): Illuminate/Routing/Router->runRouteWithinStack(Object(Illuminate/Routing/Route), Object(Illuminate/Http/Request))
#17 D:/2.ANDROID/3.FlutterVSCode/projects/SHE Inspection System/backend/she-api/vendor/laravel/framework/src/Illuminate/Routing/Router.php(750): Illuminate/Routing/Router->runRoute(Object(Illuminate/Http/Request), Object(Illuminate/Routing/Route))
#18 D:/2.ANDROID/3.FlutterVSCode/projects/SHE Inspection System/backend/she-api/vendor/laravel/framework/src/Illuminate/Routing/Router.php(739): Illuminate/Routing/Router->dispatchToRoute(Object(Illuminate/Http/Request))
#19 D:/2.ANDROID/3.FlutterVSCode/projects/SHE Inspection System/backend/she-api/vendor/laravel/framework/src/Illuminate/Foundation/Http/Kernel.php(201): Illuminate/Routing/Router->dispatch(Object(Illuminate/Http/Request))
#20 D:/2.ANDROID/3.FlutterVSCode/projects/SHE Inspection System/backend/she-api/vendor/laravel/framework/src/Illuminate/Pipeline/Pipeline.php(170): Illuminate/Foundation/Http/Kernel->Illuminate/Foundation/Http/{closure}(Object(Illuminate/Http/Request))
#21 D:/2.ANDROID/3.FlutterVSCode/projects/SHE Inspection System/backend/she-api/vendor/laravel/framework/src/Illuminate/Foundation/Http/Middleware/TransformsRequest.php(21): Illuminate/Pipeline/Pipeline->Illuminate/Pipeline/{closure}(Object(Illuminate/Http/Request))
#22 D:/2.ANDROID/3.FlutterVSCode/projects/SHE Inspection System/backend/she-api/vendor/laravel/framework/src/Illuminate/Foundation/Http/Middleware/ConvertEmptyStringsToNull.php(31): Illuminate/Foundation/Http/Middleware/TransformsRequest->handle(Object(Illuminate/Http/Request), Object(Closure))
#23 D:/2.ANDROID/3.FlutterVSCode/projects/SHE Inspection System/backend/she-api/vendor/laravel/framework/src/Illuminate/Pipeline/Pipeline.php(209): Illuminate/Foundation/Http/Middleware/ConvertEmptyStringsToNull->handle(Object(Illuminate/Http/Request), Object(Closure))
#24 D:/2.ANDROID/3.FlutterVSCode/projects/SHE Inspection System/backend/she-api/vendor/laravel/framework/src/Illuminate/Foundation/Http/Middleware/TransformsRequest.php(21): Illuminate/Pipeline/Pipeline->Illuminate/Pipeline/{closure}(Object(Illuminate/Http/Request))
#25 D:/2.ANDROID/3.FlutterVSCode/projects/SHE Inspection System/backend/she-api/vendor/laravel/framework/src/Illuminate/Foundation/Http/Middleware/TrimStrings.php(51): Illuminate/Foundation/Http/Middleware/TransformsRequest->handle(Object(Illuminate/Http/Request), Object(Closure))
#26 D:/2.ANDROID/3.FlutterVSCode/projects/SHE Inspection System/backend/she-api/vendor/laravel/framework/src/Illuminate/Pipeline/Pipeline.php(209): Illuminate/Foundation/Http/Middleware/TrimStrings->handle(Object(Illuminate/Http/Request), Object(Closure))
#27 D:/2.ANDROID/3.FlutterVSCode/projects/SHE Inspection System/backend/she-api/vendor/laravel/framework/src/Illuminate/Http/Middleware/ValidatePostSize.php(27): Illuminate/Pipeline/Pipeline->Illuminate/Pipeline/{closure}(Object(Illuminate/Http/Request))
#28 D:/2.ANDROID/3.FlutterVSCode/projects/SHE Inspection System/backend/she-api/vendor/laravel/framework/src/Illuminate/Pipeline/Pipeline.php(209): Illuminate/Http/Middleware/ValidatePostSize->handle(Object(Illuminate/Http/Request), Object(Closure))
#29 D:/2.ANDROID/3.FlutterVSCode/projects/SHE Inspection System/backend/she-api/vendor/laravel/framework/src/Illuminate/Foundation/Http/Middleware/PreventRequestsDuringMaintenance.php(110): Illuminate/Pipeline/Pipeline->Illuminate/Pipeline/{closure}(Object(Illuminate/Http/Request))
#30 D:/2.ANDROID/3.FlutterVSCode/projects/SHE Inspection System/backend/she-api/vendor/laravel/framework/src/Illuminate/Pipeline/Pipeline.php(209): Illuminate/Foundation/Http/Middleware/PreventRequestsDuringMaintenance->handle(Object(Illuminate/Http/Request), Object(Closure))
#31 D:/2.ANDROID/3.FlutterVSCode/projects/SHE Inspection System/backend/she-api/vendor/laravel/framework/src/Illuminate/Http/Middleware/HandleCors.php(62): Illuminate/Pipeline/Pipeline->Illuminate/Pipeline/{closure}(Object(Illuminate/Http/Request))
#32 D:/2.ANDROID/3.FlutterVSCode/projects/SHE Inspection System/backend/she-api/vendor/laravel/framework/src/Illuminate/Pipeline/Pipeline.php(209): Illuminate/Http/Middleware/HandleCors->handle(Object(Illuminate/Http/Request), Object(Closure))
#33 D:/2.ANDROID/3.FlutterVSCode/projects/SHE Inspection System/backend/she-api/vendor/laravel/framework/src/Illuminate/Http/Middleware/TrustProxies.php(58): Illuminate/Pipeline/Pipeline->Illuminate/Pipeline/{closure}(Object(Illuminate/Http/Request))
#34 D:/2.ANDROID/3.FlutterVSCode/projects/SHE Inspection System/backend/she-api/vendor/laravel/framework/src/Illuminate/Pipeline/Pipeline.php(209): Illuminate/Http/Middleware/TrustProxies->handle(Object(Illuminate/Http/Request), Object(Closure))
#35 D:/2.ANDROID/3.FlutterVSCode/projects/SHE Inspection System/backend/she-api/vendor/laravel/framework/src/Illuminate/Foundation/Http/Middleware/InvokeDeferredCallbacks.php(22): Illuminate/Pipeline/Pipeline->Illuminate/Pipeline/{closure}(Object(Illuminate/Http/Request))
#36 D:/2.ANDROID/3.FlutterVSCode/projects/SHE Inspection System/backend/she-api/vendor/laravel/framework/src/Illuminate/Pipeline/Pipeline.php(209): Illuminate/Foundation/Http/Middleware/InvokeDeferredCallbacks->handle(Object(Illuminate/Http/Request), Object(Closure))
#37 D:/2.ANDROID/3.FlutterVSCode/projects/SHE Inspection System/backend/she-api/vendor/laravel/framework/src/Illuminate/Pipeline/Pipeline.php(127): Illuminate/Pipeline/Pipeline->Illuminate/Pipeline/{closure}(Object(Illuminate/Http/Request))
#38 D:/2.ANDROID/3.FlutterVSCode/projects/SHE Inspection System/backend/she-api/vendor/laravel/framework/src/Illuminate/Foundation/Http/Kernel.php(176): Illuminate/Pipeline/Pipeline->then(Object(Closure))
#39 D:/2.ANDROID/3.FlutterVSCode/projects/SHE Inspection System/backend/she-api/vendor/laravel/framework/src/Illuminate/Foundation/Http/Kernel.php(145): Illuminate/Foundation/Http/Kernel->sendRequestThroughRouter(Object(Illuminate/Http/Request))
#40 D:/2.ANDROID/3.FlutterVSCode/projects/SHE Inspection System/backend/she-api/vendor/laravel/framework/src/Illuminate/Foundation/Application.php(1220): Illuminate/Foundation/Http/Kernel->handle(Object(Illuminate/Http/Request))
#41 D:/2.ANDROID/3.FlutterVSCode/projects/SHE Inspection System/backend/she-api/public/index.php(20): Illuminate/Foundation/Application->handleRequest(Object(Illuminate/Http/Request))
#42 D:/2.ANDROID/3.FlutterVSCode/projects/SHE Inspection System/backend/she-api/vendor/laravel/framework/src/Illuminate/Foundation/resources/server.php(23): require_once('D://2.ANDROID//3....')
#43 {main}
"} 
[2026-07-01 13:50:56] local.ERROR: SQLSTATE[42S22]: Column not found: 1054 Unknown column 'level' in 'field list' (Connection: mysql, SQL: insert into `incident_types` (`name`, `level`, `updated_at`, `created_at`) values (Access, Handrail, Platform, C, 2026-07-01 13:50:56, 2026-07-01 13:50:56)) {"userId":1,"exception":"[object] (Illuminate\\Database\\QueryException(code: 42S22): SQLSTATE[42S22]: Column not found: 1054 Unknown column 'level' in 'field list' (Connection: mysql, SQL: insert into `incident_types` (`name`, `level`, `updated_at`, `created_at`) values (Access, Handrail, Platform, C, 2026-07-01 13:50:56, 2026-07-01 13:50:56)) at D:/2.ANDROID/3.FlutterVSCode/projects/SHE Inspection System/backend/she-api/vendor/laravel/framework/src/Illuminate/Database/Connection.php:825)
[stacktrace]
#0 D:/2.ANDROID/3.FlutterVSCode/projects/SHE Inspection System/backend/she-api/vendor/laravel/framework/src/Illuminate/Database/Connection.php(779): Illuminate/Database/Connection->runQueryCallback('insert into `in...', Array, Object(Closure))
#1 D:/2.ANDROID/3.FlutterVSCode/projects/SHE Inspection System/backend/she-api/vendor/laravel/framework/src/Illuminate/Database/MySqlConnection.php(42): Illuminate/Database/Connection->run('insert into `in...', Array, Object(Closure))
#2 D:/2.ANDROID/3.FlutterVSCode/projects/SHE Inspection System/backend/she-api/vendor/laravel/framework/src/Illuminate/Database/Query/Processors/MySqlProcessor.php(35): Illuminate/Database/MySqlConnection->insert('insert into `in...', Array, 'id')
#3 D:/2.ANDROID/3.FlutterVSCode/projects/SHE Inspection System/backend/she-api/vendor/laravel/framework/src/Illuminate/Database/Query/Builder.php(3766): Illuminate/Database/Query/Processors/MySqlProcessor->processInsertGetId(Object(Illuminate/Database/Query/Builder), 'insert into `in...', Array, 'id')
#4 D:/2.ANDROID/3.FlutterVSCode/projects/SHE Inspection System/backend/she-api/vendor/laravel/framework/src/Illuminate/Database/Eloquent/Builder.php(2120): Illuminate/Database/Query/Builder->insertGetId(Array, 'id')
#5 D:/2.ANDROID/3.FlutterVSCode/projects/SHE Inspection System/backend/she-api/vendor/laravel/framework/src/Illuminate/Database/Eloquent/Model.php(1359): Illuminate/Database/Eloquent/Builder->__call('insertGetId', Array)
#6 D:/2.ANDROID/3.FlutterVSCode/projects/SHE Inspection System/backend/she-api/vendor/laravel/framework/src/Illuminate/Database/Eloquent/Model.php(1324): Illuminate/Database/Eloquent/Model->insertAndSetId(Object(Illuminate/Database/Eloquent/Builder), Array)
#7 D:/2.ANDROID/3.FlutterVSCode/projects/SHE Inspection System/backend/she-api/vendor/laravel/framework/src/Illuminate/Database/Eloquent/Model.php(1163): Illuminate/Database/Eloquent/Model->performInsert(Object(Illuminate/Database/Eloquent/Builder))
#8 D:/2.ANDROID/3.FlutterVSCode/projects/SHE Inspection System/backend/she-api/vendor/laravel/framework/src/Illuminate/Database/Eloquent/Builder.php(1128): Illuminate/Database/Eloquent/Model->save()
#9 D:/2.ANDROID/3.FlutterVSCode/projects/SHE Inspection System/backend/she-api/vendor/laravel/framework/src/Illuminate/Support/helpers.php(399): Illuminate/Database/Eloquent/Builder->Illuminate/Database/Eloquent/{closure}(Object(App/Models/IncidentType))
#10 D:/2.ANDROID/3.FlutterVSCode/projects/SHE Inspection System/backend/she-api/vendor/laravel/framework/src/Illuminate/Database/Eloquent/Builder.php(1127): tap(Object(App/Models/IncidentType), Object(Closure))
#11 D:/2.ANDROID/3.FlutterVSCode/projects/SHE Inspection System/backend/she-api/vendor/laravel/framework/src/Illuminate/Support/Traits/ForwardsCalls.php(23): Illuminate/Database/Eloquent/Builder->create(Array)
#12 D:/2.ANDROID/3.FlutterVSCode/projects/SHE Inspection System/backend/she-api/vendor/laravel/framework/src/Illuminate/Database/Eloquent/Model.php(2372): Illuminate/Database/Eloquent/Model->forwardCallTo(Object(Illuminate/Database/Eloquent/Builder), 'create', Array)
#13 D:/2.ANDROID/3.FlutterVSCode/projects/SHE Inspection System/backend/she-api/vendor/laravel/framework/src/Illuminate/Database/Eloquent/Model.php(2384): Illuminate/Database/Eloquent/Model->__call('create', Array)
#14 D:/2.ANDROID/3.FlutterVSCode/projects/SHE Inspection System/backend/she-api/app/Http/Controllers/Api/IncidentTypeController.php(29): Illuminate/Database/Eloquent/Model::__callStatic('create', Array)
#15 D:/2.ANDROID/3.FlutterVSCode/projects/SHE Inspection System/backend/she-api/vendor/laravel/framework/src/Illuminate/Routing/ControllerDispatcher.php(47): App/Http/Controllers/Api/IncidentTypeController->store(Object(Illuminate/Http/Request))
#16 D:/2.ANDROID/3.FlutterVSCode/projects/SHE Inspection System/backend/she-api/vendor/laravel/framework/src/Illuminate/Routing/Route.php(266): Illuminate/Routing/ControllerDispatcher->dispatch(Object(Illuminate/Routing/Route), Object(App/Http/Controllers/Api/IncidentTypeController), 'store')
#17 D:/2.ANDROID/3.FlutterVSCode/projects/SHE Inspection System/backend/she-api/vendor/laravel/framework/src/Illuminate/Routing/Route.php(212): Illuminate/Routing/Route->runController()
#18 D:/2.ANDROID/3.FlutterVSCode/projects/SHE Inspection System/backend/she-api/vendor/laravel/framework/src/Illuminate/Routing/Router.php(808): Illuminate/Routing/Route->run()
#19 D:/2.ANDROID/3.FlutterVSCode/projects/SHE Inspection System/backend/she-api/vendor/laravel/framework/src/Illuminate/Pipeline/Pipeline.php(170): Illuminate/Routing/Router->Illuminate/Routing/{closure}(Object(Illuminate/Http/Request))
#20 D:/2.ANDROID/3.FlutterVSCode/projects/SHE Inspection System/backend/she-api/vendor/laravel/framework/src/Illuminate/Routing/Middleware/SubstituteBindings.php(51): Illuminate/Pipeline/Pipeline->Illuminate/Pipeline/{closure}(Object(Illuminate/Http/Request))
#21 D:/2.ANDROID/3.FlutterVSCode/projects/SHE Inspection System/backend/she-api/vendor/laravel/framework/src/Illuminate/Pipeline/Pipeline.php(209): Illuminate/Routing/Middleware/SubstituteBindings->handle(Object(Illuminate/Http/Request), Object(Closure))
#22 D:/2.ANDROID/3.FlutterVSCode/projects/SHE Inspection System/backend/she-api/vendor/laravel/framework/src/Illuminate/Auth/Middleware/Authenticate.php(64): Illuminate/Pipeline/Pipeline->Illuminate/Pipeline/{closure}(Object(Illuminate/Http/Request))
#23 D:/2.ANDROID/3.FlutterVSCode/projects/SHE Inspection System/backend/she-api/vendor/laravel/framework/src/Illuminate/Pipeline/Pipeline.php(209): Illuminate/Auth/Middleware/Authenticate->handle(Object(Illuminate/Http/Request), Object(Closure), 'sanctum')
#24 D:/2.ANDROID/3.FlutterVSCode/projects/SHE Inspection System/backend/she-api/vendor/laravel/framework/src/Illuminate/Pipeline/Pipeline.php(127): Illuminate/Pipeline/Pipeline->Illuminate/Pipeline/{closure}(Object(Illuminate/Http/Request))
#25 D:/2.ANDROID/3.FlutterVSCode/projects/SHE Inspection System/backend/she-api/vendor/laravel/framework/src/Illuminate/Routing/Router.php(807): Illuminate/Pipeline/Pipeline->then(Object(Closure))
#26 D:/2.ANDROID/3.FlutterVSCode/projects/SHE Inspection System/backend/she-api/vendor/laravel/framework/src/Illuminate/Routing/Router.php(786): Illuminate/Routing/Router->runRouteWithinStack(Object(Illuminate/Routing/Route), Object(Illuminate/Http/Request))
#27 D:/2.ANDROID/3.FlutterVSCode/projects/SHE Inspection System/backend/she-api/vendor/laravel/framework/src/Illuminate/Routing/Router.php(750): Illuminate/Routing/Router->runRoute(Object(Illuminate/Http/Request), Object(Illuminate/Routing/Route))
#28 D:/2.ANDROID/3.FlutterVSCode/projects/SHE Inspection System/backend/she-api/vendor/laravel/framework/src/Illuminate/Routing/Router.php(739): Illuminate/Routing/Router->dispatchToRoute(Object(Illuminate/Http/Request))
#29 D:/2.ANDROID/3.FlutterVSCode/projects/SHE Inspection System/backend/she-api/vendor/laravel/framework/src/Illuminate/Foundation/Http/Kernel.php(201): Illuminate/Routing/Router->dispatch(Object(Illuminate/Http/Request))
#30 D:/2.ANDROID/3.FlutterVSCode/projects/SHE Inspection System/backend/she-api/vendor/laravel/framework/src/Illuminate/Pipeline/Pipeline.php(170): Illuminate/Foundation/Http/Kernel->Illuminate/Foundation/Http/{closure}(Object(Illuminate/Http/Request))
#31 D:/2.ANDROID/3.FlutterVSCode/projects/SHE Inspection System/backend/she-api/vendor/laravel/framework/src/Illuminate/Foundation/Http/Middleware/TransformsRequest.php(21): Illuminate/Pipeline/Pipeline->Illuminate/Pipeline/{closure}(Object(Illuminate/Http/Request))
#32 D:/2.ANDROID/3.FlutterVSCode/projects/SHE Inspection System/backend/she-api/vendor/laravel/framework/src/Illuminate/Foundation/Http/Middleware/ConvertEmptyStringsToNull.php(31): Illuminate/Foundation/Http/Middleware/TransformsRequest->handle(Object(Illuminate/Http/Request), Object(Closure))
#33 D:/2.ANDROID/3.FlutterVSCode/projects/SHE Inspection System/backend/she-api/vendor/laravel/framework/src/Illuminate/Pipeline/Pipeline.php(209): Illuminate/Foundation/Http/Middleware/ConvertEmptyStringsToNull->handle(Object(Illuminate/Http/Request), Object(Closure))
#34 D:/2.ANDROID/3.FlutterVSCode/projects/SHE Inspection System/backend/she-api/vendor/laravel/framework/src/Illuminate/Foundation/Http/Middleware/TransformsRequest.php(21): Illuminate/Pipeline/Pipeline->Illuminate/Pipeline/{closure}(Object(Illuminate/Http/Request))
#35 D:/2.ANDROID/3.FlutterVSCode/projects/SHE Inspection System/backend/she-api/vendor/laravel/framework/src/Illuminate/Foundation/Http/Middleware/TrimStrings.php(51): Illuminate/Foundation/Http/Middleware/TransformsRequest->handle(Object(Illuminate/Http/Request), Object(Closure))
#36 D:/2.ANDROID/3.FlutterVSCode/projects/SHE Inspection System/backend/she-api/vendor/laravel/framework/src/Illuminate/Pipeline/Pipeline.php(209): Illuminate/Foundation/Http/Middleware/TrimStrings->handle(Object(Illuminate/Http/Request), Object(Closure))
#37 D:/2.ANDROID/3.FlutterVSCode/projects/SHE Inspection System/backend/she-api/vendor/laravel/framework/src/Illuminate/Http/Middleware/ValidatePostSize.php(27): Illuminate/Pipeline/Pipeline->Illuminate/Pipeline/{closure}(Object(Illuminate/Http/Request))
#38 D:/2.ANDROID/3.FlutterVSCode/projects/SHE Inspection System/backend/she-api/vendor/laravel/framework/src/Illuminate/Pipeline/Pipeline.php(209): Illuminate/Http/Middleware/ValidatePostSize->handle(Object(Illuminate/Http/Request), Object(Closure))
#39 D:/2.ANDROID/3.FlutterVSCode/projects/SHE Inspection System/backend/she-api/vendor/laravel/framework/src/Illuminate/Foundation/Http/Middleware/PreventRequestsDuringMaintenance.php(110): Illuminate/Pipeline/Pipeline->Illuminate/Pipeline/{closure}(Object(Illuminate/Http/Request))
#40 D:/2.ANDROID/3.FlutterVSCode/projects/SHE Inspection System/backend/she-api/vendor/laravel/framework/src/Illuminate/Pipeline/Pipeline.php(209): Illuminate/Foundation/Http/Middleware/PreventRequestsDuringMaintenance->handle(Object(Illuminate/Http/Request), Object(Closure))
#41 D:/2.ANDROID/3.FlutterVSCode/projects/SHE Inspection System/backend/she-api/vendor/laravel/framework/src/Illuminate/Http/Middleware/HandleCors.php(62): Illuminate/Pipeline/Pipeline->Illuminate/Pipeline/{closure}(Object(Illuminate/Http/Request))
#42 D:/2.ANDROID/3.FlutterVSCode/projects/SHE Inspection System/backend/she-api/vendor/laravel/framework/src/Illuminate/Pipeline/Pipeline.php(209): Illuminate/Http/Middleware/HandleCors->handle(Object(Illuminate/Http/Request), Object(Closure))
#43 D:/2.ANDROID/3.FlutterVSCode/projects/SHE Inspection System/backend/she-api/vendor/laravel/framework/src/Illuminate/Http/Middleware/TrustProxies.php(58): Illuminate/Pipeline/Pipeline->Illuminate/Pipeline/{closure}(Object(Illuminate/Http/Request))
#44 D:/2.ANDROID/3.FlutterVSCode/projects/SHE Inspection System/backend/she-api/vendor/laravel/framework/src/Illuminate/Pipeline/Pipeline.php(209): Illuminate/Http/Middleware/TrustProxies->handle(Object(Illuminate/Http/Request), Object(Closure))
#45 D:/2.ANDROID/3.FlutterVSCode/projects/SHE Inspection System/backend/she-api/vendor/laravel/framework/src/Illuminate/Foundation/Http/Middleware/InvokeDeferredCallbacks.php(22): Illuminate/Pipeline/Pipeline->Illuminate/Pipeline/{closure}(Object(Illuminate/Http/Request))
#46 D:/2.ANDROID/3.FlutterVSCode/projects/SHE Inspection System/backend/she-api/vendor/laravel/framework/src/Illuminate/Pipeline/Pipeline.php(209): Illuminate/Foundation/Http/Middleware/InvokeDeferredCallbacks->handle(Object(Illuminate/Http/Request), Object(Closure))
#47 D:/2.ANDROID/3.FlutterVSCode/projects/SHE Inspection System/backend/she-api/vendor/laravel/framework/src/Illuminate/Pipeline/Pipeline.php(127): Illuminate/Pipeline/Pipeline->Illuminate/Pipeline/{closure}(Object(Illuminate/Http/Request))
#48 D:/2.ANDROID/3.FlutterVSCode/projects/SHE Inspection System/backend/she-api/vendor/laravel/framework/src/Illuminate/Foundation/Http/Kernel.php(176): Illuminate/Pipeline/Pipeline->then(Object(Closure))
#49 D:/2.ANDROID/3.FlutterVSCode/projects/SHE Inspection System/backend/she-api/vendor/laravel/framework/src/Illuminate/Foundation/Http/Kernel.php(145): Illuminate/Foundation/Http/Kernel->sendRequestThroughRouter(Object(Illuminate/Http/Request))
#50 D:/2.ANDROID/3.FlutterVSCode/projects/SHE Inspection System/backend/she-api/vendor/laravel/framework/src/Illuminate/Foundation/Application.php(1220): Illuminate/Foundation/Http/Kernel->handle(Object(Illuminate/Http/Request))
#51 D:/2.ANDROID/3.FlutterVSCode/projects/SHE Inspection System/backend/she-api/public/index.php(20): Illuminate/Foundation/Application->handleRequest(Object(Illuminate/Http/Request))
#52 D:/2.ANDROID/3.FlutterVSCode/projects/SHE Inspection System/backend/she-api/vendor/laravel/framework/src/Illuminate/Foundation/resources/server.php(23): require_once('D://2.ANDROID//3....')
#53 {main}

[previous exception] [object] (PDOException(code: 42S22): SQLSTATE[42S22]: Column not found: 1054 Unknown column 'level' in 'field list' at D:/2.ANDROID/3.FlutterVSCode/projects/SHE Inspection System/backend/she-api/vendor/laravel/framework/src/Illuminate/Database/MySqlConnection.php:47)
[stacktrace]
#0 D:/2.ANDROID/3.FlutterVSCode/projects/SHE Inspection System/backend/she-api/vendor/laravel/framework/src/Illuminate/Database/MySqlConnection.php(47): PDO->prepare('insert into `in...')
#1 D:/2.ANDROID/3.FlutterVSCode/projects/SHE Inspection System/backend/she-api/vendor/laravel/framework/src/Illuminate/Database/Connection.php(812): Illuminate/Database/MySqlConnection->Illuminate/Database/{closure}('insert into `in...', Array)
#2 D:/2.ANDROID/3.FlutterVSCode/projects/SHE Inspection System/backend/she-api/vendor/laravel/framework/src/Illuminate/Database/Connection.php(779): Illuminate/Database/Connection->runQueryCallback('insert into `in...', Array, Object(Closure))
#3 D:/2.ANDROID/3.FlutterVSCode/projects/SHE Inspection System/backend/she-api/vendor/laravel/framework/src/Illuminate/Database/MySqlConnection.php(42): Illuminate/Database/Connection->run('insert into `in...', Array, Object(Closure))
#4 D:/2.ANDROID/3.FlutterVSCode/projects/SHE Inspection System/backend/she-api/vendor/laravel/framework/src/Illuminate/Database/Query/Processors/MySqlProcessor.php(35): Illuminate/Database/MySqlConnection->insert('insert into `in...', Array, 'id')
#5 D:/2.ANDROID/3.FlutterVSCode/projects/SHE Inspection System/backend/she-api/vendor/laravel/framework/src/Illuminate/Database/Query/Builder.php(3766): Illuminate/Database/Query/Processors/MySqlProcessor->processInsertGetId(Object(Illuminate/Database/Query/Builder), 'insert into `in...', Array, 'id')
#6 D:/2.ANDROID/3.FlutterVSCode/projects/SHE Inspection System/backend/she-api/vendor/laravel/framework/src/Illuminate/Database/Eloquent/Builder.php(2120): Illuminate/Database/Query/Builder->insertGetId(Array, 'id')
#7 D:/2.ANDROID/3.FlutterVSCode/projects/SHE Inspection System/backend/she-api/vendor/laravel/framework/src/Illuminate/Database/Eloquent/Model.php(1359): Illuminate/Database/Eloquent/Builder->__call('insertGetId', Array)
#8 D:/2.ANDROID/3.FlutterVSCode/projects/SHE Inspection System/backend/she-api/vendor/laravel/framework/src/Illuminate/Database/Eloquent/Model.php(1324): Illuminate/Database/Eloquent/Model->insertAndSetId(Object(Illuminate/Database/Eloquent/Builder), Array)
#9 D:/2.ANDROID/3.FlutterVSCode/projects/SHE Inspection System/backend/she-api/vendor/laravel/framework/src/Illuminate/Database/Eloquent/Model.php(1163): Illuminate/Database/Eloquent/Model->performInsert(Object(Illuminate/Database/Eloquent/Builder))
#10 D:/2.ANDROID/3.FlutterVSCode/projects/SHE Inspection System/backend/she-api/vendor/laravel/framework/src/Illuminate/Database/Eloquent/Builder.php(1128): Illuminate/Database/Eloquent/Model->save()
#11 D:/2.ANDROID/3.FlutterVSCode/projects/SHE Inspection System/backend/she-api/vendor/laravel/framework/src/Illuminate/Support/helpers.php(399): Illuminate/Database/Eloquent/Builder->Illuminate/Database/Eloquent/{closure}(Object(App/Models/IncidentType))
#12 D:/2.ANDROID/3.FlutterVSCode/projects/SHE Inspection System/backend/she-api/vendor/laravel/framework/src/Illuminate/Database/Eloquent/Builder.php(1127): tap(Object(App/Models/IncidentType), Object(Closure))
#13 D:/2.ANDROID/3.FlutterVSCode/projects/SHE Inspection System/backend/she-api/vendor/laravel/framework/src/Illuminate/Support/Traits/ForwardsCalls.php(23): Illuminate/Database/Eloquent/Builder->create(Array)
#14 D:/2.ANDROID/3.FlutterVSCode/projects/SHE Inspection System/backend/she-api/vendor/laravel/framework/src/Illuminate/Database/Eloquent/Model.php(2372): Illuminate/Database/Eloquent/Model->forwardCallTo(Object(Illuminate/Database/Eloquent/Builder), 'create', Array)
#15 D:/2.ANDROID/3.FlutterVSCode/projects/SHE Inspection System/backend/she-api/vendor/laravel/framework/src/Illuminate/Database/Eloquent/Model.php(2384): Illuminate/Database/Eloquent/Model->__call('create', Array)
#16 D:/2.ANDROID/3.FlutterVSCode/projects/SHE Inspection System/backend/she-api/app/Http/Controllers/Api/IncidentTypeController.php(29): Illuminate/Database/Eloquent/Model::__callStatic('create', Array)
#17 D:/2.ANDROID/3.FlutterVSCode/projects/SHE Inspection System/backend/she-api/vendor/laravel/framework/src/Illuminate/Routing/ControllerDispatcher.php(47): App/Http/Controllers/Api/IncidentTypeController->store(Object(Illuminate/Http/Request))
#18 D:/2.ANDROID/3.FlutterVSCode/projects/SHE Inspection System/backend/she-api/vendor/laravel/framework/src/Illuminate/Routing/Route.php(266): Illuminate/Routing/ControllerDispatcher->dispatch(Object(Illuminate/Routing/Route), Object(App/Http/Controllers/Api/IncidentTypeController), 'store')
#19 D:/2.ANDROID/3.FlutterVSCode/projects/SHE Inspection System/backend/she-api/vendor/laravel/framework/src/Illuminate/Routing/Route.php(212): Illuminate/Routing/Route->runController()
#20 D:/2.ANDROID/3.FlutterVSCode/projects/SHE Inspection System/backend/she-api/vendor/laravel/framework/src/Illuminate/Routing/Router.php(808): Illuminate/Routing/Route->run()
#21 D:/2.ANDROID/3.FlutterVSCode/projects/SHE Inspection System/backend/she-api/vendor/laravel/framework/src/Illuminate/Pipeline/Pipeline.php(170): Illuminate/Routing/Router->Illuminate/Routing/{closure}(Object(Illuminate/Http/Request))
#22 D:/2.ANDROID/3.FlutterVSCode/projects/SHE Inspection System/backend/she-api/vendor/laravel/framework/src/Illuminate/Routing/Middleware/SubstituteBindings.php(51): Illuminate/Pipeline/Pipeline->Illuminate/Pipeline/{closure}(Object(Illuminate/Http/Request))
#23 D:/2.ANDROID/3.FlutterVSCode/projects/SHE Inspection System/backend/she-api/vendor/laravel/framework/src/Illuminate/Pipeline/Pipeline.php(209): Illuminate/Routing/Middleware/SubstituteBindings->handle(Object(Illuminate/Http/Request), Object(Closure))
#24 D:/2.ANDROID/3.FlutterVSCode/projects/SHE Inspection System/backend/she-api/vendor/laravel/framework/src/Illuminate/Auth/Middleware/Authenticate.php(64): Illuminate/Pipeline/Pipeline->Illuminate/Pipeline/{closure}(Object(Illuminate/Http/Request))
#25 D:/2.ANDROID/3.FlutterVSCode/projects/SHE Inspection System/backend/she-api/vendor/laravel/framework/src/Illuminate/Pipeline/Pipeline.php(209): Illuminate/Auth/Middleware/Authenticate->handle(Object(Illuminate/Http/Request), Object(Closure), 'sanctum')
#26 D:/2.ANDROID/3.FlutterVSCode/projects/SHE Inspection System/backend/she-api/vendor/laravel/framework/src/Illuminate/Pipeline/Pipeline.php(127): Illuminate/Pipeline/Pipeline->Illuminate/Pipeline/{closure}(Object(Illuminate/Http/Request))
#27 D:/2.ANDROID/3.FlutterVSCode/projects/SHE Inspection System/backend/she-api/vendor/laravel/framework/src/Illuminate/Routing/Router.php(807): Illuminate/Pipeline/Pipeline->then(Object(Closure))
#28 D:/2.ANDROID/3.FlutterVSCode/projects/SHE Inspection System/backend/she-api/vendor/laravel/framework/src/Illuminate/Routing/Router.php(786): Illuminate/Routing/Router->runRouteWithinStack(Object(Illuminate/Routing/Route), Object(Illuminate/Http/Request))
#29 D:/2.ANDROID/3.FlutterVSCode/projects/SHE Inspection System/backend/she-api/vendor/laravel/framework/src/Illuminate/Routing/Router.php(750): Illuminate/Routing/Router->runRoute(Object(Illuminate/Http/Request), Object(Illuminate/Routing/Route))
#30 D:/2.ANDROID/3.FlutterVSCode/projects/SHE Inspection System/backend/she-api/vendor/laravel/framework/src/Illuminate/Routing/Router.php(739): Illuminate/Routing/Router->dispatchToRoute(Object(Illuminate/Http/Request))
#31 D:/2.ANDROID/3.FlutterVSCode/projects/SHE Inspection System/backend/she-api/vendor/laravel/framework/src/Illuminate/Foundation/Http/Kernel.php(201): Illuminate/Routing/Router->dispatch(Object(Illuminate/Http/Request))
#32 D:/2.ANDROID/3.FlutterVSCode/projects/SHE Inspection System/backend/she-api/vendor/laravel/framework/src/Illuminate/Pipeline/Pipeline.php(170): Illuminate/Foundation/Http/Kernel->Illuminate/Foundation/Http/{closure}(Object(Illuminate/Http/Request))
#33 D:/2.ANDROID/3.FlutterVSCode/projects/SHE Inspection System/backend/she-api/vendor/laravel/framework/src/Illuminate/Foundation/Http/Middleware/TransformsRequest.php(21): Illuminate/Pipeline/Pipeline->Illuminate/Pipeline/{closure}(Object(Illuminate/Http/Request))
#34 D:/2.ANDROID/3.FlutterVSCode/projects/SHE Inspection System/backend/she-api/vendor/laravel/framework/src/Illuminate/Foundation/Http/Middleware/ConvertEmptyStringsToNull.php(31): Illuminate/Foundation/Http/Middleware/TransformsRequest->handle(Object(Illuminate/Http/Request), Object(Closure))
#35 D:/2.ANDROID/3.FlutterVSCode/projects/SHE Inspection System/backend/she-api/vendor/laravel/framework/src/Illuminate/Pipeline/Pipeline.php(209): Illuminate/Foundation/Http/Middleware/ConvertEmptyStringsToNull->handle(Object(Illuminate/Http/Request), Object(Closure))
#36 D:/2.ANDROID/3.FlutterVSCode/projects/SHE Inspection System/backend/she-api/vendor/laravel/framework/src/Illuminate/Foundation/Http/Middleware/TransformsRequest.php(21): Illuminate/Pipeline/Pipeline->Illuminate/Pipeline/{closure}(Object(Illuminate/Http/Request))
#37 D:/2.ANDROID/3.FlutterVSCode/projects/SHE Inspection System/backend/she-api/vendor/laravel/framework/src/Illuminate/Foundation/Http/Middleware/TrimStrings.php(51): Illuminate/Foundation/Http/Middleware/TransformsRequest->handle(Object(Illuminate/Http/Request), Object(Closure))
#38 D:/2.ANDROID/3.FlutterVSCode/projects/SHE Inspection System/backend/she-api/vendor/laravel/framework/src/Illuminate/Pipeline/Pipeline.php(209): Illuminate/Foundation/Http/Middleware/TrimStrings->handle(Object(Illuminate/Http/Request), Object(Closure))
#39 D:/2.ANDROID/3.FlutterVSCode/projects/SHE Inspection System/backend/she-api/vendor/laravel/framework/src/Illuminate/Http/Middleware/ValidatePostSize.php(27): Illuminate/Pipeline/Pipeline->Illuminate/Pipeline/{closure}(Object(Illuminate/Http/Request))
#40 D:/2.ANDROID/3.FlutterVSCode/projects/SHE Inspection System/backend/she-api/vendor/laravel/framework/src/Illuminate/Pipeline/Pipeline.php(209): Illuminate/Http/Middleware/ValidatePostSize->handle(Object(Illuminate/Http/Request), Object(Closure))
#41 D:/2.ANDROID/3.FlutterVSCode/projects/SHE Inspection System/backend/she-api/vendor/laravel/framework/src/Illuminate/Foundation/Http/Middleware/PreventRequestsDuringMaintenance.php(110): Illuminate/Pipeline/Pipeline->Illuminate/Pipeline/{closure}(Object(Illuminate/Http/Request))
#42 D:/2.ANDROID/3.FlutterVSCode/projects/SHE Inspection System/backend/she-api/vendor/laravel/framework/src/Illuminate/Pipeline/Pipeline.php(209): Illuminate/Foundation/Http/Middleware/PreventRequestsDuringMaintenance->handle(Object(Illuminate/Http/Request), Object(Closure))
#43 D:/2.ANDROID/3.FlutterVSCode/projects/SHE Inspection System/backend/she-api/vendor/laravel/framework/src/Illuminate/Http/Middleware/HandleCors.php(62): Illuminate/Pipeline/Pipeline->Illuminate/Pipeline/{closure}(Object(Illuminate/Http/Request))
#44 D:/2.ANDROID/3.FlutterVSCode/projects/SHE Inspection System/backend/she-api/vendor/laravel/framework/src/Illuminate/Pipeline/Pipeline.php(209): Illuminate/Http/Middleware/HandleCors->handle(Object(Illuminate/Http/Request), Object(Closure))
#45 D:/2.ANDROID/3.FlutterVSCode/projects/SHE Inspection System/backend/she-api/vendor/laravel/framework/src/Illuminate/Http/Middleware/TrustProxies.php(58): Illuminate/Pipeline/Pipeline->Illuminate/Pipeline/{closure}(Object(Illuminate/Http/Request))
#46 D:/2.ANDROID/3.FlutterVSCode/projects/SHE Inspection System/backend/she-api/vendor/laravel/framework/src/Illuminate/Pipeline/Pipeline.php(209): Illuminate/Http/Middleware/TrustProxies->handle(Object(Illuminate/Http/Request), Object(Closure))
#47 D:/2.ANDROID/3.FlutterVSCode/projects/SHE Inspection System/backend/she-api/vendor/laravel/framework/src/Illuminate/Foundation/Http/Middleware/InvokeDeferredCallbacks.php(22): Illuminate/Pipeline/Pipeline->Illuminate/Pipeline/{closure}(Object(Illuminate/Http/Request))
#48 D:/2.ANDROID/3.FlutterVSCode/projects/SHE Inspection System/backend/she-api/vendor/laravel/framework/src/Illuminate/Pipeline/Pipeline.php(209): Illuminate/Foundation/Http/Middleware/InvokeDeferredCallbacks->handle(Object(Illuminate/Http/Request), Object(Closure))
#49 D:/2.ANDROID/3.FlutterVSCode/projects/SHE Inspection System/backend/she-api/vendor/laravel/framework/src/Illuminate/Pipeline/Pipeline.php(127): Illuminate/Pipeline/Pipeline->Illuminate/Pipeline/{closure}(Object(Illuminate/Http/Request))
#50 D:/2.ANDROID/3.FlutterVSCode/projects/SHE Inspection System/backend/she-api/vendor/laravel/framework/src/Illuminate/Foundation/Http/Kernel.php(176): Illuminate/Pipeline/Pipeline->then(Object(Closure))
#51 D:/2.ANDROID/3.FlutterVSCode/projects/SHE Inspection System/backend/she-api/vendor/laravel/framework/src/Illuminate/Foundation/Http/Kernel.php(145): Illuminate/Foundation/Http/Kernel->sendRequestThroughRouter(Object(Illuminate/Http/Request))
#52 D:/2.ANDROID/3.FlutterVSCode/projects/SHE Inspection System/backend/she-api/vendor/laravel/framework/src/Illuminate/Foundation/Application.php(1220): Illuminate/Foundation/Http/Kernel->handle(Object(Illuminate/Http/Request))
#53 D:/2.ANDROID/3.FlutterVSCode/projects/SHE Inspection System/backend/she-api/public/index.php(20): Illuminate/Foundation/Application->handleRequest(Object(Illuminate/Http/Request))
#54 D:/2.ANDROID/3.FlutterVSCode/projects/SHE Inspection System/backend/she-api/vendor/laravel/framework/src/Illuminate/Foundation/resources/server.php(23): require_once('D://2.ANDROID//3....')
#55 {main}
"} 
[2026-07-01 13:53:25] local.ERROR: Target class [App\Http\Controllers\Api\IncidentController] does not exist. {"userId":1,"exception":"[object] (Illuminate\\Contracts\\Container\\BindingResolutionException(code: 0): Target class [App\\Http\\Controllers\\Api\\IncidentController] does not exist. at D:/2.ANDROID/3.FlutterVSCode/projects/SHE Inspection System/backend/she-api/vendor/laravel/framework/src/Illuminate/Container/Container.php:961)
[stacktrace]
#0 D:/2.ANDROID/3.FlutterVSCode/projects/SHE Inspection System/backend/she-api/vendor/laravel/framework/src/Illuminate/Container/Container.php(832): Illuminate/Container/Container->build('App//Http//Contro...')
#1 D:/2.ANDROID/3.FlutterVSCode/projects/SHE Inspection System/backend/she-api/vendor/laravel/framework/src/Illuminate/Foundation/Application.php(1078): Illuminate/Container/Container->resolve('App//Http//Contro...', Array, true)
#2 D:/2.ANDROID/3.FlutterVSCode/projects/SHE Inspection System/backend/she-api/vendor/laravel/framework/src/Illuminate/Container/Container.php(763): Illuminate/Foundation/Application->resolve('App//Http//Contro...', Array)
#3 D:/2.ANDROID/3.FlutterVSCode/projects/SHE Inspection System/backend/she-api/vendor/laravel/framework/src/Illuminate/Foundation/Application.php(1058): Illuminate/Container/Container->make('App//Http//Contro...', Array)
#4 D:/2.ANDROID/3.FlutterVSCode/projects/SHE Inspection System/backend/she-api/vendor/laravel/framework/src/Illuminate/Routing/Route.php(285): Illuminate/Foundation/Application->make('App//Http//Contro...')
#5 D:/2.ANDROID/3.FlutterVSCode/projects/SHE Inspection System/backend/she-api/vendor/laravel/framework/src/Illuminate/Routing/Route.php(267): Illuminate/Routing/Route->getController()
#6 D:/2.ANDROID/3.FlutterVSCode/projects/SHE Inspection System/backend/she-api/vendor/laravel/framework/src/Illuminate/Routing/Route.php(212): Illuminate/Routing/Route->runController()
#7 D:/2.ANDROID/3.FlutterVSCode/projects/SHE Inspection System/backend/she-api/vendor/laravel/framework/src/Illuminate/Routing/Router.php(808): Illuminate/Routing/Route->run()
#8 D:/2.ANDROID/3.FlutterVSCode/projects/SHE Inspection System/backend/she-api/vendor/laravel/framework/src/Illuminate/Pipeline/Pipeline.php(170): Illuminate/Routing/Router->Illuminate/Routing/{closure}(Object(Illuminate/Http/Request))
#9 D:/2.ANDROID/3.FlutterVSCode/projects/SHE Inspection System/backend/she-api/vendor/laravel/framework/src/Illuminate/Routing/Middleware/SubstituteBindings.php(51): Illuminate/Pipeline/Pipeline->Illuminate/Pipeline/{closure}(Object(Illuminate/Http/Request))
#10 D:/2.ANDROID/3.FlutterVSCode/projects/SHE Inspection System/backend/she-api/vendor/laravel/framework/src/Illuminate/Pipeline/Pipeline.php(209): Illuminate/Routing/Middleware/SubstituteBindings->handle(Object(Illuminate/Http/Request), Object(Closure))
#11 D:/2.ANDROID/3.FlutterVSCode/projects/SHE Inspection System/backend/she-api/vendor/laravel/framework/src/Illuminate/Auth/Middleware/Authenticate.php(64): Illuminate/Pipeline/Pipeline->Illuminate/Pipeline/{closure}(Object(Illuminate/Http/Request))
#12 D:/2.ANDROID/3.FlutterVSCode/projects/SHE Inspection System/backend/she-api/vendor/laravel/framework/src/Illuminate/Pipeline/Pipeline.php(209): Illuminate/Auth/Middleware/Authenticate->handle(Object(Illuminate/Http/Request), Object(Closure), 'sanctum')
#13 D:/2.ANDROID/3.FlutterVSCode/projects/SHE Inspection System/backend/she-api/vendor/laravel/framework/src/Illuminate/Pipeline/Pipeline.php(127): Illuminate/Pipeline/Pipeline->Illuminate/Pipeline/{closure}(Object(Illuminate/Http/Request))
#14 D:/2.ANDROID/3.FlutterVSCode/projects/SHE Inspection System/backend/she-api/vendor/laravel/framework/src/Illuminate/Routing/Router.php(807): Illuminate/Pipeline/Pipeline->then(Object(Closure))
#15 D:/2.ANDROID/3.FlutterVSCode/projects/SHE Inspection System/backend/she-api/vendor/laravel/framework/src/Illuminate/Routing/Router.php(786): Illuminate/Routing/Router->runRouteWithinStack(Object(Illuminate/Routing/Route), Object(Illuminate/Http/Request))
#16 D:/2.ANDROID/3.FlutterVSCode/projects/SHE Inspection System/backend/she-api/vendor/laravel/framework/src/Illuminate/Routing/Router.php(750): Illuminate/Routing/Router->runRoute(Object(Illuminate/Http/Request), Object(Illuminate/Routing/Route))
#17 D:/2.ANDROID/3.FlutterVSCode/projects/SHE Inspection System/backend/she-api/vendor/laravel/framework/src/Illuminate/Routing/Router.php(739): Illuminate/Routing/Router->dispatchToRoute(Object(Illuminate/Http/Request))
#18 D:/2.ANDROID/3.FlutterVSCode/projects/SHE Inspection System/backend/she-api/vendor/laravel/framework/src/Illuminate/Foundation/Http/Kernel.php(201): Illuminate/Routing/Router->dispatch(Object(Illuminate/Http/Request))
#19 D:/2.ANDROID/3.FlutterVSCode/projects/SHE Inspection System/backend/she-api/vendor/laravel/framework/src/Illuminate/Pipeline/Pipeline.php(170): Illuminate/Foundation/Http/Kernel->Illuminate/Foundation/Http/{closure}(Object(Illuminate/Http/Request))
#20 D:/2.ANDROID/3.FlutterVSCode/projects/SHE Inspection System/backend/she-api/vendor/laravel/framework/src/Illuminate/Foundation/Http/Middleware/TransformsRequest.php(21): Illuminate/Pipeline/Pipeline->Illuminate/Pipeline/{closure}(Object(Illuminate/Http/Request))
#21 D:/2.ANDROID/3.FlutterVSCode/projects/SHE Inspection System/backend/she-api/vendor/laravel/framework/src/Illuminate/Foundation/Http/Middleware/ConvertEmptyStringsToNull.php(31): Illuminate/Foundation/Http/Middleware/TransformsRequest->handle(Object(Illuminate/Http/Request), Object(Closure))
#22 D:/2.ANDROID/3.FlutterVSCode/projects/SHE Inspection System/backend/she-api/vendor/laravel/framework/src/Illuminate/Pipeline/Pipeline.php(209): Illuminate/Foundation/Http/Middleware/ConvertEmptyStringsToNull->handle(Object(Illuminate/Http/Request), Object(Closure))
#23 D:/2.ANDROID/3.FlutterVSCode/projects/SHE Inspection System/backend/she-api/vendor/laravel/framework/src/Illuminate/Foundation/Http/Middleware/TransformsRequest.php(21): Illuminate/Pipeline/Pipeline->Illuminate/Pipeline/{closure}(Object(Illuminate/Http/Request))
#24 D:/2.ANDROID/3.FlutterVSCode/projects/SHE Inspection System/backend/she-api/vendor/laravel/framework/src/Illuminate/Foundation/Http/Middleware/TrimStrings.php(51): Illuminate/Foundation/Http/Middleware/TransformsRequest->handle(Object(Illuminate/Http/Request), Object(Closure))
#25 D:/2.ANDROID/3.FlutterVSCode/projects/SHE Inspection System/backend/she-api/vendor/laravel/framework/src/Illuminate/Pipeline/Pipeline.php(209): Illuminate/Foundation/Http/Middleware/TrimStrings->handle(Object(Illuminate/Http/Request), Object(Closure))
#26 D:/2.ANDROID/3.FlutterVSCode/projects/SHE Inspection System/backend/she-api/vendor/laravel/framework/src/Illuminate/Http/Middleware/ValidatePostSize.php(27): Illuminate/Pipeline/Pipeline->Illuminate/Pipeline/{closure}(Object(Illuminate/Http/Request))
#27 D:/2.ANDROID/3.FlutterVSCode/projects/SHE Inspection System/backend/she-api/vendor/laravel/framework/src/Illuminate/Pipeline/Pipeline.php(209): Illuminate/Http/Middleware/ValidatePostSize->handle(Object(Illuminate/Http/Request), Object(Closure))
#28 D:/2.ANDROID/3.FlutterVSCode/projects/SHE Inspection System/backend/she-api/vendor/laravel/framework/src/Illuminate/Foundation/Http/Middleware/PreventRequestsDuringMaintenance.php(110): Illuminate/Pipeline/Pipeline->Illuminate/Pipeline/{closure}(Object(Illuminate/Http/Request))
#29 D:/2.ANDROID/3.FlutterVSCode/projects/SHE Inspection System/backend/she-api/vendor/laravel/framework/src/Illuminate/Pipeline/Pipeline.php(209): Illuminate/Foundation/Http/Middleware/PreventRequestsDuringMaintenance->handle(Object(Illuminate/Http/Request), Object(Closure))
#30 D:/2.ANDROID/3.FlutterVSCode/projects/SHE Inspection System/backend/she-api/vendor/laravel/framework/src/Illuminate/Http/Middleware/HandleCors.php(62): Illuminate/Pipeline/Pipeline->Illuminate/Pipeline/{closure}(Object(Illuminate/Http/Request))
#31 D:/2.ANDROID/3.FlutterVSCode/projects/SHE Inspection System/backend/she-api/vendor/laravel/framework/src/Illuminate/Pipeline/Pipeline.php(209): Illuminate/Http/Middleware/HandleCors->handle(Object(Illuminate/Http/Request), Object(Closure))
#32 D:/2.ANDROID/3.FlutterVSCode/projects/SHE Inspection System/backend/she-api/vendor/laravel/framework/src/Illuminate/Http/Middleware/TrustProxies.php(58): Illuminate/Pipeline/Pipeline->Illuminate/Pipeline/{closure}(Object(Illuminate/Http/Request))
#33 D:/2.ANDROID/3.FlutterVSCode/projects/SHE Inspection System/backend/she-api/vendor/laravel/framework/src/Illuminate/Pipeline/Pipeline.php(209): Illuminate/Http/Middleware/TrustProxies->handle(Object(Illuminate/Http/Request), Object(Closure))
#34 D:/2.ANDROID/3.FlutterVSCode/projects/SHE Inspection System/backend/she-api/vendor/laravel/framework/src/Illuminate/Foundation/Http/Middleware/InvokeDeferredCallbacks.php(22): Illuminate/Pipeline/Pipeline->Illuminate/Pipeline/{closure}(Object(Illuminate/Http/Request))
#35 D:/2.ANDROID/3.FlutterVSCode/projects/SHE Inspection System/backend/she-api/vendor/laravel/framework/src/Illuminate/Pipeline/Pipeline.php(209): Illuminate/Foundation/Http/Middleware/InvokeDeferredCallbacks->handle(Object(Illuminate/Http/Request), Object(Closure))
#36 D:/2.ANDROID/3.FlutterVSCode/projects/SHE Inspection System/backend/she-api/vendor/laravel/framework/src/Illuminate/Pipeline/Pipeline.php(127): Illuminate/Pipeline/Pipeline->Illuminate/Pipeline/{closure}(Object(Illuminate/Http/Request))
#37 D:/2.ANDROID/3.FlutterVSCode/projects/SHE Inspection System/backend/she-api/vendor/laravel/framework/src/Illuminate/Foundation/Http/Kernel.php(176): Illuminate/Pipeline/Pipeline->then(Object(Closure))
#38 D:/2.ANDROID/3.FlutterVSCode/projects/SHE Inspection System/backend/she-api/vendor/laravel/framework/src/Illuminate/Foundation/Http/Kernel.php(145): Illuminate/Foundation/Http/Kernel->sendRequestThroughRouter(Object(Illuminate/Http/Request))
#39 D:/2.ANDROID/3.FlutterVSCode/projects/SHE Inspection System/backend/she-api/vendor/laravel/framework/src/Illuminate/Foundation/Application.php(1220): Illuminate/Foundation/Http/Kernel->handle(Object(Illuminate/Http/Request))
#40 D:/2.ANDROID/3.FlutterVSCode/projects/SHE Inspection System/backend/she-api/public/index.php(20): Illuminate/Foundation/Application->handleRequest(Object(Illuminate/Http/Request))
#41 D:/2.ANDROID/3.FlutterVSCode/projects/SHE Inspection System/backend/she-api/vendor/laravel/framework/src/Illuminate/Foundation/resources/server.php(23): require_once('D://2.ANDROID//3....')
#42 {main}

[previous exception] [object] (ReflectionException(code: -1): Class \"App\\Http\\Controllers\\Api\\IncidentController\" does not exist at D:/2.ANDROID/3.FlutterVSCode/projects/SHE Inspection System/backend/she-api/vendor/laravel/framework/src/Illuminate/Container/Container.php:959)
[stacktrace]
#0 D:/2.ANDROID/3.FlutterVSCode/projects/SHE Inspection System/backend/she-api/vendor/laravel/framework/src/Illuminate/Container/Container.php(959): ReflectionClass->__construct('App//Http//Contro...')
#1 D:/2.ANDROID/3.FlutterVSCode/projects/SHE Inspection System/backend/she-api/vendor/laravel/framework/src/Illuminate/Container/Container.php(832): Illuminate/Container/Container->build('App//Http//Contro...')
#2 D:/2.ANDROID/3.FlutterVSCode/projects/SHE Inspection System/backend/she-api/vendor/laravel/framework/src/Illuminate/Foundation/Application.php(1078): Illuminate/Container/Container->resolve('App//Http//Contro...', Array, true)
#3 D:/2.ANDROID/3.FlutterVSCode/projects/SHE Inspection System/backend/she-api/vendor/laravel/framework/src/Illuminate/Container/Container.php(763): Illuminate/Foundation/Application->resolve('App//Http//Contro...', Array)
#4 D:/2.ANDROID/3.FlutterVSCode/projects/SHE Inspection System/backend/she-api/vendor/laravel/framework/src/Illuminate/Foundation/Application.php(1058): Illuminate/Container/Container->make('App//Http//Contro...', Array)
#5 D:/2.ANDROID/3.FlutterVSCode/projects/SHE Inspection System/backend/she-api/vendor/laravel/framework/src/Illuminate/Routing/Route.php(285): Illuminate/Foundation/Application->make('App//Http//Contro...')
#6 D:/2.ANDROID/3.FlutterVSCode/projects/SHE Inspection System/backend/she-api/vendor/laravel/framework/src/Illuminate/Routing/Route.php(267): Illuminate/Routing/Route->getController()
#7 D:/2.ANDROID/3.FlutterVSCode/projects/SHE Inspection System/backend/she-api/vendor/laravel/framework/src/Illuminate/Routing/Route.php(212): Illuminate/Routing/Route->runController()
#8 D:/2.ANDROID/3.FlutterVSCode/projects/SHE Inspection System/backend/she-api/vendor/laravel/framework/src/Illuminate/Routing/Router.php(808): Illuminate/Routing/Route->run()
#9 D:/2.ANDROID/3.FlutterVSCode/projects/SHE Inspection System/backend/she-api/vendor/laravel/framework/src/Illuminate/Pipeline/Pipeline.php(170): Illuminate/Routing/Router->Illuminate/Routing/{closure}(Object(Illuminate/Http/Request))
#10 D:/2.ANDROID/3.FlutterVSCode/projects/SHE Inspection System/backend/she-api/vendor/laravel/framework/src/Illuminate/Routing/Middleware/SubstituteBindings.php(51): Illuminate/Pipeline/Pipeline->Illuminate/Pipeline/{closure}(Object(Illuminate/Http/Request))
#11 D:/2.ANDROID/3.FlutterVSCode/projects/SHE Inspection System/backend/she-api/vendor/laravel/framework/src/Illuminate/Pipeline/Pipeline.php(209): Illuminate/Routing/Middleware/SubstituteBindings->handle(Object(Illuminate/Http/Request), Object(Closure))
#12 D:/2.ANDROID/3.FlutterVSCode/projects/SHE Inspection System/backend/she-api/vendor/laravel/framework/src/Illuminate/Auth/Middleware/Authenticate.php(64): Illuminate/Pipeline/Pipeline->Illuminate/Pipeline/{closure}(Object(Illuminate/Http/Request))
#13 D:/2.ANDROID/3.FlutterVSCode/projects/SHE Inspection System/backend/she-api/vendor/laravel/framework/src/Illuminate/Pipeline/Pipeline.php(209): Illuminate/Auth/Middleware/Authenticate->handle(Object(Illuminate/Http/Request), Object(Closure), 'sanctum')
#14 D:/2.ANDROID/3.FlutterVSCode/projects/SHE Inspection System/backend/she-api/vendor/laravel/framework/src/Illuminate/Pipeline/Pipeline.php(127): Illuminate/Pipeline/Pipeline->Illuminate/Pipeline/{closure}(Object(Illuminate/Http/Request))
#15 D:/2.ANDROID/3.FlutterVSCode/projects/SHE Inspection System/backend/she-api/vendor/laravel/framework/src/Illuminate/Routing/Router.php(807): Illuminate/Pipeline/Pipeline->then(Object(Closure))
#16 D:/2.ANDROID/3.FlutterVSCode/projects/SHE Inspection System/backend/she-api/vendor/laravel/framework/src/Illuminate/Routing/Router.php(786): Illuminate/Routing/Router->runRouteWithinStack(Object(Illuminate/Routing/Route), Object(Illuminate/Http/Request))
#17 D:/2.ANDROID/3.FlutterVSCode/projects/SHE Inspection System/backend/she-api/vendor/laravel/framework/src/Illuminate/Routing/Router.php(750): Illuminate/Routing/Router->runRoute(Object(Illuminate/Http/Request), Object(Illuminate/Routing/Route))
#18 D:/2.ANDROID/3.FlutterVSCode/projects/SHE Inspection System/backend/she-api/vendor/laravel/framework/src/Illuminate/Routing/Router.php(739): Illuminate/Routing/Router->dispatchToRoute(Object(Illuminate/Http/Request))
#19 D:/2.ANDROID/3.FlutterVSCode/projects/SHE Inspection System/backend/she-api/vendor/laravel/framework/src/Illuminate/Foundation/Http/Kernel.php(201): Illuminate/Routing/Router->dispatch(Object(Illuminate/Http/Request))
#20 D:/2.ANDROID/3.FlutterVSCode/projects/SHE Inspection System/backend/she-api/vendor/laravel/framework/src/Illuminate/Pipeline/Pipeline.php(170): Illuminate/Foundation/Http/Kernel->Illuminate/Foundation/Http/{closure}(Object(Illuminate/Http/Request))
#21 D:/2.ANDROID/3.FlutterVSCode/projects/SHE Inspection System/backend/she-api/vendor/laravel/framework/src/Illuminate/Foundation/Http/Middleware/TransformsRequest.php(21): Illuminate/Pipeline/Pipeline->Illuminate/Pipeline/{closure}(Object(Illuminate/Http/Request))
#22 D:/2.ANDROID/3.FlutterVSCode/projects/SHE Inspection System/backend/she-api/vendor/laravel/framework/src/Illuminate/Foundation/Http/Middleware/ConvertEmptyStringsToNull.php(31): Illuminate/Foundation/Http/Middleware/TransformsRequest->handle(Object(Illuminate/Http/Request), Object(Closure))
#23 D:/2.ANDROID/3.FlutterVSCode/projects/SHE Inspection System/backend/she-api/vendor/laravel/framework/src/Illuminate/Pipeline/Pipeline.php(209): Illuminate/Foundation/Http/Middleware/ConvertEmptyStringsToNull->handle(Object(Illuminate/Http/Request), Object(Closure))
#24 D:/2.ANDROID/3.FlutterVSCode/projects/SHE Inspection System/backend/she-api/vendor/laravel/framework/src/Illuminate/Foundation/Http/Middleware/TransformsRequest.php(21): Illuminate/Pipeline/Pipeline->Illuminate/Pipeline/{closure}(Object(Illuminate/Http/Request))
#25 D:/2.ANDROID/3.FlutterVSCode/projects/SHE Inspection System/backend/she-api/vendor/laravel/framework/src/Illuminate/Foundation/Http/Middleware/TrimStrings.php(51): Illuminate/Foundation/Http/Middleware/TransformsRequest->handle(Object(Illuminate/Http/Request), Object(Closure))
#26 D:/2.ANDROID/3.FlutterVSCode/projects/SHE Inspection System/backend/she-api/vendor/laravel/framework/src/Illuminate/Pipeline/Pipeline.php(209): Illuminate/Foundation/Http/Middleware/TrimStrings->handle(Object(Illuminate/Http/Request), Object(Closure))
#27 D:/2.ANDROID/3.FlutterVSCode/projects/SHE Inspection System/backend/she-api/vendor/laravel/framework/src/Illuminate/Http/Middleware/ValidatePostSize.php(27): Illuminate/Pipeline/Pipeline->Illuminate/Pipeline/{closure}(Object(Illuminate/Http/Request))
#28 D:/2.ANDROID/3.FlutterVSCode/projects/SHE Inspection System/backend/she-api/vendor/laravel/framework/src/Illuminate/Pipeline/Pipeline.php(209): Illuminate/Http/Middleware/ValidatePostSize->handle(Object(Illuminate/Http/Request), Object(Closure))
#29 D:/2.ANDROID/3.FlutterVSCode/projects/SHE Inspection System/backend/she-api/vendor/laravel/framework/src/Illuminate/Foundation/Http/Middleware/PreventRequestsDuringMaintenance.php(110): Illuminate/Pipeline/Pipeline->Illuminate/Pipeline/{closure}(Object(Illuminate/Http/Request))
#30 D:/2.ANDROID/3.FlutterVSCode/projects/SHE Inspection System/backend/she-api/vendor/laravel/framework/src/Illuminate/Pipeline/Pipeline.php(209): Illuminate/Foundation/Http/Middleware/PreventRequestsDuringMaintenance->handle(Object(Illuminate/Http/Request), Object(Closure))
#31 D:/2.ANDROID/3.FlutterVSCode/projects/SHE Inspection System/backend/she-api/vendor/laravel/framework/src/Illuminate/Http/Middleware/HandleCors.php(62): Illuminate/Pipeline/Pipeline->Illuminate/Pipeline/{closure}(Object(Illuminate/Http/Request))
#32 D:/2.ANDROID/3.FlutterVSCode/projects/SHE Inspection System/backend/she-api/vendor/laravel/framework/src/Illuminate/Pipeline/Pipeline.php(209): Illuminate/Http/Middleware/HandleCors->handle(Object(Illuminate/Http/Request), Object(Closure))
#33 D:/2.ANDROID/3.FlutterVSCode/projects/SHE Inspection System/backend/she-api/vendor/laravel/framework/src/Illuminate/Http/Middleware/TrustProxies.php(58): Illuminate/Pipeline/Pipeline->Illuminate/Pipeline/{closure}(Object(Illuminate/Http/Request))
#34 D:/2.ANDROID/3.FlutterVSCode/projects/SHE Inspection System/backend/she-api/vendor/laravel/framework/src/Illuminate/Pipeline/Pipeline.php(209): Illuminate/Http/Middleware/TrustProxies->handle(Object(Illuminate/Http/Request), Object(Closure))
#35 D:/2.ANDROID/3.FlutterVSCode/projects/SHE Inspection System/backend/she-api/vendor/laravel/framework/src/Illuminate/Foundation/Http/Middleware/InvokeDeferredCallbacks.php(22): Illuminate/Pipeline/Pipeline->Illuminate/Pipeline/{closure}(Object(Illuminate/Http/Request))
#36 D:/2.ANDROID/3.FlutterVSCode/projects/SHE Inspection System/backend/she-api/vendor/laravel/framework/src/Illuminate/Pipeline/Pipeline.php(209): Illuminate/Foundation/Http/Middleware/InvokeDeferredCallbacks->handle(Object(Illuminate/Http/Request), Object(Closure))
#37 D:/2.ANDROID/3.FlutterVSCode/projects/SHE Inspection System/backend/she-api/vendor/laravel/framework/src/Illuminate/Pipeline/Pipeline.php(127): Illuminate/Pipeline/Pipeline->Illuminate/Pipeline/{closure}(Object(Illuminate/Http/Request))
#38 D:/2.ANDROID/3.FlutterVSCode/projects/SHE Inspection System/backend/she-api/vendor/laravel/framework/src/Illuminate/Foundation/Http/Kernel.php(176): Illuminate/Pipeline/Pipeline->then(Object(Closure))
#39 D:/2.ANDROID/3.FlutterVSCode/projects/SHE Inspection System/backend/she-api/vendor/laravel/framework/src/Illuminate/Foundation/Http/Kernel.php(145): Illuminate/Foundation/Http/Kernel->sendRequestThroughRouter(Object(Illuminate/Http/Request))
#40 D:/2.ANDROID/3.FlutterVSCode/projects/SHE Inspection System/backend/she-api/vendor/laravel/framework/src/Illuminate/Foundation/Application.php(1220): Illuminate/Foundation/Http/Kernel->handle(Object(Illuminate/Http/Request))
#41 D:/2.ANDROID/3.FlutterVSCode/projects/SHE Inspection System/backend/she-api/public/index.php(20): Illuminate/Foundation/Application->handleRequest(Object(Illuminate/Http/Request))
#42 D:/2.ANDROID/3.FlutterVSCode/projects/SHE Inspection System/backend/she-api/vendor/laravel/framework/src/Illuminate/Foundation/resources/server.php(23): require_once('D://2.ANDROID//3....')
#43 {main}
"} 
[2026-07-01 13:58:03] local.ERROR: Target class [App\Http\Controllers\Api\IncidentController] does not exist. {"userId":1,"exception":"[object] (Illuminate\\Contracts\\Container\\BindingResolutionException(code: 0): Target class [App\\Http\\Controllers\\Api\\IncidentController] does not exist. at D:/2.ANDROID/3.FlutterVSCode/projects/SHE Inspection System/backend/she-api/vendor/laravel/framework/src/Illuminate/Container/Container.php:961)
[stacktrace]
#0 D:/2.ANDROID/3.FlutterVSCode/projects/SHE Inspection System/backend/she-api/vendor/laravel/framework/src/Illuminate/Container/Container.php(832): Illuminate/Container/Container->build('App//Http//Contro...')
#1 D:/2.ANDROID/3.FlutterVSCode/projects/SHE Inspection System/backend/she-api/vendor/laravel/framework/src/Illuminate/Foundation/Application.php(1078): Illuminate/Container/Container->resolve('App//Http//Contro...', Array, true)
#2 D:/2.ANDROID/3.FlutterVSCode/projects/SHE Inspection System/backend/she-api/vendor/laravel/framework/src/Illuminate/Container/Container.php(763): Illuminate/Foundation/Application->resolve('App//Http//Contro...', Array)
#3 D:/2.ANDROID/3.FlutterVSCode/projects/SHE Inspection System/backend/she-api/vendor/laravel/framework/src/Illuminate/Foundation/Application.php(1058): Illuminate/Container/Container->make('App//Http//Contro...', Array)
#4 D:/2.ANDROID/3.FlutterVSCode/projects/SHE Inspection System/backend/she-api/vendor/laravel/framework/src/Illuminate/Routing/Route.php(285): Illuminate/Foundation/Application->make('App//Http//Contro...')
#5 D:/2.ANDROID/3.FlutterVSCode/projects/SHE Inspection System/backend/she-api/vendor/laravel/framework/src/Illuminate/Routing/Route.php(267): Illuminate/Routing/Route->getController()
#6 D:/2.ANDROID/3.FlutterVSCode/projects/SHE Inspection System/backend/she-api/vendor/laravel/framework/src/Illuminate/Routing/Route.php(212): Illuminate/Routing/Route->runController()
#7 D:/2.ANDROID/3.FlutterVSCode/projects/SHE Inspection System/backend/she-api/vendor/laravel/framework/src/Illuminate/Routing/Router.php(808): Illuminate/Routing/Route->run()
#8 D:/2.ANDROID/3.FlutterVSCode/projects/SHE Inspection System/backend/she-api/vendor/laravel/framework/src/Illuminate/Pipeline/Pipeline.php(170): Illuminate/Routing/Router->Illuminate/Routing/{closure}(Object(Illuminate/Http/Request))
#9 D:/2.ANDROID/3.FlutterVSCode/projects/SHE Inspection System/backend/she-api/vendor/laravel/framework/src/Illuminate/Routing/Middleware/SubstituteBindings.php(51): Illuminate/Pipeline/Pipeline->Illuminate/Pipeline/{closure}(Object(Illuminate/Http/Request))
#10 D:/2.ANDROID/3.FlutterVSCode/projects/SHE Inspection System/backend/she-api/vendor/laravel/framework/src/Illuminate/Pipeline/Pipeline.php(209): Illuminate/Routing/Middleware/SubstituteBindings->handle(Object(Illuminate/Http/Request), Object(Closure))
#11 D:/2.ANDROID/3.FlutterVSCode/projects/SHE Inspection System/backend/she-api/vendor/laravel/framework/src/Illuminate/Auth/Middleware/Authenticate.php(64): Illuminate/Pipeline/Pipeline->Illuminate/Pipeline/{closure}(Object(Illuminate/Http/Request))
#12 D:/2.ANDROID/3.FlutterVSCode/projects/SHE Inspection System/backend/she-api/vendor/laravel/framework/src/Illuminate/Pipeline/Pipeline.php(209): Illuminate/Auth/Middleware/Authenticate->handle(Object(Illuminate/Http/Request), Object(Closure), 'sanctum')
#13 D:/2.ANDROID/3.FlutterVSCode/projects/SHE Inspection System/backend/she-api/vendor/laravel/framework/src/Illuminate/Pipeline/Pipeline.php(127): Illuminate/Pipeline/Pipeline->Illuminate/Pipeline/{closure}(Object(Illuminate/Http/Request))
#14 D:/2.ANDROID/3.FlutterVSCode/projects/SHE Inspection System/backend/she-api/vendor/laravel/framework/src/Illuminate/Routing/Router.php(807): Illuminate/Pipeline/Pipeline->then(Object(Closure))
#15 D:/2.ANDROID/3.FlutterVSCode/projects/SHE Inspection System/backend/she-api/vendor/laravel/framework/src/Illuminate/Routing/Router.php(786): Illuminate/Routing/Router->runRouteWithinStack(Object(Illuminate/Routing/Route), Object(Illuminate/Http/Request))
#16 D:/2.ANDROID/3.FlutterVSCode/projects/SHE Inspection System/backend/she-api/vendor/laravel/framework/src/Illuminate/Routing/Router.php(750): Illuminate/Routing/Router->runRoute(Object(Illuminate/Http/Request), Object(Illuminate/Routing/Route))
#17 D:/2.ANDROID/3.FlutterVSCode/projects/SHE Inspection System/backend/she-api/vendor/laravel/framework/src/Illuminate/Routing/Router.php(739): Illuminate/Routing/Router->dispatchToRoute(Object(Illuminate/Http/Request))
#18 D:/2.ANDROID/3.FlutterVSCode/projects/SHE Inspection System/backend/she-api/vendor/laravel/framework/src/Illuminate/Foundation/Http/Kernel.php(201): Illuminate/Routing/Router->dispatch(Object(Illuminate/Http/Request))
#19 D:/2.ANDROID/3.FlutterVSCode/projects/SHE Inspection System/backend/she-api/vendor/laravel/framework/src/Illuminate/Pipeline/Pipeline.php(170): Illuminate/Foundation/Http/Kernel->Illuminate/Foundation/Http/{closure}(Object(Illuminate/Http/Request))
#20 D:/2.ANDROID/3.FlutterVSCode/projects/SHE Inspection System/backend/she-api/vendor/laravel/framework/src/Illuminate/Foundation/Http/Middleware/TransformsRequest.php(21): Illuminate/Pipeline/Pipeline->Illuminate/Pipeline/{closure}(Object(Illuminate/Http/Request))
#21 D:/2.ANDROID/3.FlutterVSCode/projects/SHE Inspection System/backend/she-api/vendor/laravel/framework/src/Illuminate/Foundation/Http/Middleware/ConvertEmptyStringsToNull.php(31): Illuminate/Foundation/Http/Middleware/TransformsRequest->handle(Object(Illuminate/Http/Request), Object(Closure))
#22 D:/2.ANDROID/3.FlutterVSCode/projects/SHE Inspection System/backend/she-api/vendor/laravel/framework/src/Illuminate/Pipeline/Pipeline.php(209): Illuminate/Foundation/Http/Middleware/ConvertEmptyStringsToNull->handle(Object(Illuminate/Http/Request), Object(Closure))
#23 D:/2.ANDROID/3.FlutterVSCode/projects/SHE Inspection System/backend/she-api/vendor/laravel/framework/src/Illuminate/Foundation/Http/Middleware/TransformsRequest.php(21): Illuminate/Pipeline/Pipeline->Illuminate/Pipeline/{closure}(Object(Illuminate/Http/Request))
#24 D:/2.ANDROID/3.FlutterVSCode/projects/SHE Inspection System/backend/she-api/vendor/laravel/framework/src/Illuminate/Foundation/Http/Middleware/TrimStrings.php(51): Illuminate/Foundation/Http/Middleware/TransformsRequest->handle(Object(Illuminate/Http/Request), Object(Closure))
#25 D:/2.ANDROID/3.FlutterVSCode/projects/SHE Inspection System/backend/she-api/vendor/laravel/framework/src/Illuminate/Pipeline/Pipeline.php(209): Illuminate/Foundation/Http/Middleware/TrimStrings->handle(Object(Illuminate/Http/Request), Object(Closure))
#26 D:/2.ANDROID/3.FlutterVSCode/projects/SHE Inspection System/backend/she-api/vendor/laravel/framework/src/Illuminate/Http/Middleware/ValidatePostSize.php(27): Illuminate/Pipeline/Pipeline->Illuminate/Pipeline/{closure}(Object(Illuminate/Http/Request))
#27 D:/2.ANDROID/3.FlutterVSCode/projects/SHE Inspection System/backend/she-api/vendor/laravel/framework/src/Illuminate/Pipeline/Pipeline.php(209): Illuminate/Http/Middleware/ValidatePostSize->handle(Object(Illuminate/Http/Request), Object(Closure))
#28 D:/2.ANDROID/3.FlutterVSCode/projects/SHE Inspection System/backend/she-api/vendor/laravel/framework/src/Illuminate/Foundation/Http/Middleware/PreventRequestsDuringMaintenance.php(110): Illuminate/Pipeline/Pipeline->Illuminate/Pipeline/{closure}(Object(Illuminate/Http/Request))
#29 D:/2.ANDROID/3.FlutterVSCode/projects/SHE Inspection System/backend/she-api/vendor/laravel/framework/src/Illuminate/Pipeline/Pipeline.php(209): Illuminate/Foundation/Http/Middleware/PreventRequestsDuringMaintenance->handle(Object(Illuminate/Http/Request), Object(Closure))
#30 D:/2.ANDROID/3.FlutterVSCode/projects/SHE Inspection System/backend/she-api/vendor/laravel/framework/src/Illuminate/Http/Middleware/HandleCors.php(62): Illuminate/Pipeline/Pipeline->Illuminate/Pipeline/{closure}(Object(Illuminate/Http/Request))
#31 D:/2.ANDROID/3.FlutterVSCode/projects/SHE Inspection System/backend/she-api/vendor/laravel/framework/src/Illuminate/Pipeline/Pipeline.php(209): Illuminate/Http/Middleware/HandleCors->handle(Object(Illuminate/Http/Request), Object(Closure))
#32 D:/2.ANDROID/3.FlutterVSCode/projects/SHE Inspection System/backend/she-api/vendor/laravel/framework/src/Illuminate/Http/Middleware/TrustProxies.php(58): Illuminate/Pipeline/Pipeline->Illuminate/Pipeline/{closure}(Object(Illuminate/Http/Request))
#33 D:/2.ANDROID/3.FlutterVSCode/projects/SHE Inspection System/backend/she-api/vendor/laravel/framework/src/Illuminate/Pipeline/Pipeline.php(209): Illuminate/Http/Middleware/TrustProxies->handle(Object(Illuminate/Http/Request), Object(Closure))
#34 D:/2.ANDROID/3.FlutterVSCode/projects/SHE Inspection System/backend/she-api/vendor/laravel/framework/src/Illuminate/Foundation/Http/Middleware/InvokeDeferredCallbacks.php(22): Illuminate/Pipeline/Pipeline->Illuminate/Pipeline/{closure}(Object(Illuminate/Http/Request))
#35 D:/2.ANDROID/3.FlutterVSCode/projects/SHE Inspection System/backend/she-api/vendor/laravel/framework/src/Illuminate/Pipeline/Pipeline.php(209): Illuminate/Foundation/Http/Middleware/InvokeDeferredCallbacks->handle(Object(Illuminate/Http/Request), Object(Closure))
#36 D:/2.ANDROID/3.FlutterVSCode/projects/SHE Inspection System/backend/she-api/vendor/laravel/framework/src/Illuminate/Pipeline/Pipeline.php(127): Illuminate/Pipeline/Pipeline->Illuminate/Pipeline/{closure}(Object(Illuminate/Http/Request))
#37 D:/2.ANDROID/3.FlutterVSCode/projects/SHE Inspection System/backend/she-api/vendor/laravel/framework/src/Illuminate/Foundation/Http/Kernel.php(176): Illuminate/Pipeline/Pipeline->then(Object(Closure))
#38 D:/2.ANDROID/3.FlutterVSCode/projects/SHE Inspection System/backend/she-api/vendor/laravel/framework/src/Illuminate/Foundation/Http/Kernel.php(145): Illuminate/Foundation/Http/Kernel->sendRequestThroughRouter(Object(Illuminate/Http/Request))
#39 D:/2.ANDROID/3.FlutterVSCode/projects/SHE Inspection System/backend/she-api/vendor/laravel/framework/src/Illuminate/Foundation/Application.php(1220): Illuminate/Foundation/Http/Kernel->handle(Object(Illuminate/Http/Request))
#40 D:/2.ANDROID/3.FlutterVSCode/projects/SHE Inspection System/backend/she-api/public/index.php(20): Illuminate/Foundation/Application->handleRequest(Object(Illuminate/Http/Request))
#41 D:/2.ANDROID/3.FlutterVSCode/projects/SHE Inspection System/backend/she-api/vendor/laravel/framework/src/Illuminate/Foundation/resources/server.php(23): require_once('D://2.ANDROID//3....')
#42 {main}

[previous exception] [object] (ReflectionException(code: -1): Class \"App\\Http\\Controllers\\Api\\IncidentController\" does not exist at D:/2.ANDROID/3.FlutterVSCode/projects/SHE Inspection System/backend/she-api/vendor/laravel/framework/src/Illuminate/Container/Container.php:959)
[stacktrace]
#0 D:/2.ANDROID/3.FlutterVSCode/projects/SHE Inspection System/backend/she-api/vendor/laravel/framework/src/Illuminate/Container/Container.php(959): ReflectionClass->__construct('App//Http//Contro...')
#1 D:/2.ANDROID/3.FlutterVSCode/projects/SHE Inspection System/backend/she-api/vendor/laravel/framework/src/Illuminate/Container/Container.php(832): Illuminate/Container/Container->build('App//Http//Contro...')
#2 D:/2.ANDROID/3.FlutterVSCode/projects/SHE Inspection System/backend/she-api/vendor/laravel/framework/src/Illuminate/Foundation/Application.php(1078): Illuminate/Container/Container->resolve('App//Http//Contro...', Array, true)
#3 D:/2.ANDROID/3.FlutterVSCode/projects/SHE Inspection System/backend/she-api/vendor/laravel/framework/src/Illuminate/Container/Container.php(763): Illuminate/Foundation/Application->resolve('App//Http//Contro...', Array)
#4 D:/2.ANDROID/3.FlutterVSCode/projects/SHE Inspection System/backend/she-api/vendor/laravel/framework/src/Illuminate/Foundation/Application.php(1058): Illuminate/Container/Container->make('App//Http//Contro...', Array)
#5 D:/2.ANDROID/3.FlutterVSCode/projects/SHE Inspection System/backend/she-api/vendor/laravel/framework/src/Illuminate/Routing/Route.php(285): Illuminate/Foundation/Application->make('App//Http//Contro...')
#6 D:/2.ANDROID/3.FlutterVSCode/projects/SHE Inspection System/backend/she-api/vendor/laravel/framework/src/Illuminate/Routing/Route.php(267): Illuminate/Routing/Route->getController()
#7 D:/2.ANDROID/3.FlutterVSCode/projects/SHE Inspection System/backend/she-api/vendor/laravel/framework/src/Illuminate/Routing/Route.php(212): Illuminate/Routing/Route->runController()
#8 D:/2.ANDROID/3.FlutterVSCode/projects/SHE Inspection System/backend/she-api/vendor/laravel/framework/src/Illuminate/Routing/Router.php(808): Illuminate/Routing/Route->run()
#9 D:/2.ANDROID/3.FlutterVSCode/projects/SHE Inspection System/backend/she-api/vendor/laravel/framework/src/Illuminate/Pipeline/Pipeline.php(170): Illuminate/Routing/Router->Illuminate/Routing/{closure}(Object(Illuminate/Http/Request))
#10 D:/2.ANDROID/3.FlutterVSCode/projects/SHE Inspection System/backend/she-api/vendor/laravel/framework/src/Illuminate/Routing/Middleware/SubstituteBindings.php(51): Illuminate/Pipeline/Pipeline->Illuminate/Pipeline/{closure}(Object(Illuminate/Http/Request))
#11 D:/2.ANDROID/3.FlutterVSCode/projects/SHE Inspection System/backend/she-api/vendor/laravel/framework/src/Illuminate/Pipeline/Pipeline.php(209): Illuminate/Routing/Middleware/SubstituteBindings->handle(Object(Illuminate/Http/Request), Object(Closure))
#12 D:/2.ANDROID/3.FlutterVSCode/projects/SHE Inspection System/backend/she-api/vendor/laravel/framework/src/Illuminate/Auth/Middleware/Authenticate.php(64): Illuminate/Pipeline/Pipeline->Illuminate/Pipeline/{closure}(Object(Illuminate/Http/Request))
#13 D:/2.ANDROID/3.FlutterVSCode/projects/SHE Inspection System/backend/she-api/vendor/laravel/framework/src/Illuminate/Pipeline/Pipeline.php(209): Illuminate/Auth/Middleware/Authenticate->handle(Object(Illuminate/Http/Request), Object(Closure), 'sanctum')
#14 D:/2.ANDROID/3.FlutterVSCode/projects/SHE Inspection System/backend/she-api/vendor/laravel/framework/src/Illuminate/Pipeline/Pipeline.php(127): Illuminate/Pipeline/Pipeline->Illuminate/Pipeline/{closure}(Object(Illuminate/Http/Request))
#15 D:/2.ANDROID/3.FlutterVSCode/projects/SHE Inspection System/backend/she-api/vendor/laravel/framework/src/Illuminate/Routing/Router.php(807): Illuminate/Pipeline/Pipeline->then(Object(Closure))
#16 D:/2.ANDROID/3.FlutterVSCode/projects/SHE Inspection System/backend/she-api/vendor/laravel/framework/src/Illuminate/Routing/Router.php(786): Illuminate/Routing/Router->runRouteWithinStack(Object(Illuminate/Routing/Route), Object(Illuminate/Http/Request))
#17 D:/2.ANDROID/3.FlutterVSCode/projects/SHE Inspection System/backend/she-api/vendor/laravel/framework/src/Illuminate/Routing/Router.php(750): Illuminate/Routing/Router->runRoute(Object(Illuminate/Http/Request), Object(Illuminate/Routing/Route))
#18 D:/2.ANDROID/3.FlutterVSCode/projects/SHE Inspection System/backend/she-api/vendor/laravel/framework/src/Illuminate/Routing/Router.php(739): Illuminate/Routing/Router->dispatchToRoute(Object(Illuminate/Http/Request))
#19 D:/2.ANDROID/3.FlutterVSCode/projects/SHE Inspection System/backend/she-api/vendor/laravel/framework/src/Illuminate/Foundation/Http/Kernel.php(201): Illuminate/Routing/Router->dispatch(Object(Illuminate/Http/Request))
#20 D:/2.ANDROID/3.FlutterVSCode/projects/SHE Inspection System/backend/she-api/vendor/laravel/framework/src/Illuminate/Pipeline/Pipeline.php(170): Illuminate/Foundation/Http/Kernel->Illuminate/Foundation/Http/{closure}(Object(Illuminate/Http/Request))
#21 D:/2.ANDROID/3.FlutterVSCode/projects/SHE Inspection System/backend/she-api/vendor/laravel/framework/src/Illuminate/Foundation/Http/Middleware/TransformsRequest.php(21): Illuminate/Pipeline/Pipeline->Illuminate/Pipeline/{closure}(Object(Illuminate/Http/Request))
#22 D:/2.ANDROID/3.FlutterVSCode/projects/SHE Inspection System/backend/she-api/vendor/laravel/framework/src/Illuminate/Foundation/Http/Middleware/ConvertEmptyStringsToNull.php(31): Illuminate/Foundation/Http/Middleware/TransformsRequest->handle(Object(Illuminate/Http/Request), Object(Closure))
#23 D:/2.ANDROID/3.FlutterVSCode/projects/SHE Inspection System/backend/she-api/vendor/laravel/framework/src/Illuminate/Pipeline/Pipeline.php(209): Illuminate/Foundation/Http/Middleware/ConvertEmptyStringsToNull->handle(Object(Illuminate/Http/Request), Object(Closure))
#24 D:/2.ANDROID/3.FlutterVSCode/projects/SHE Inspection System/backend/she-api/vendor/laravel/framework/src/Illuminate/Foundation/Http/Middleware/TransformsRequest.php(21): Illuminate/Pipeline/Pipeline->Illuminate/Pipeline/{closure}(Object(Illuminate/Http/Request))
#25 D:/2.ANDROID/3.FlutterVSCode/projects/SHE Inspection System/backend/she-api/vendor/laravel/framework/src/Illuminate/Foundation/Http/Middleware/TrimStrings.php(51): Illuminate/Foundation/Http/Middleware/TransformsRequest->handle(Object(Illuminate/Http/Request), Object(Closure))
#26 D:/2.ANDROID/3.FlutterVSCode/projects/SHE Inspection System/backend/she-api/vendor/laravel/framework/src/Illuminate/Pipeline/Pipeline.php(209): Illuminate/Foundation/Http/Middleware/TrimStrings->handle(Object(Illuminate/Http/Request), Object(Closure))
#27 D:/2.ANDROID/3.FlutterVSCode/projects/SHE Inspection System/backend/she-api/vendor/laravel/framework/src/Illuminate/Http/Middleware/ValidatePostSize.php(27): Illuminate/Pipeline/Pipeline->Illuminate/Pipeline/{closure}(Object(Illuminate/Http/Request))
#28 D:/2.ANDROID/3.FlutterVSCode/projects/SHE Inspection System/backend/she-api/vendor/laravel/framework/src/Illuminate/Pipeline/Pipeline.php(209): Illuminate/Http/Middleware/ValidatePostSize->handle(Object(Illuminate/Http/Request), Object(Closure))
#29 D:/2.ANDROID/3.FlutterVSCode/projects/SHE Inspection System/backend/she-api/vendor/laravel/framework/src/Illuminate/Foundation/Http/Middleware/PreventRequestsDuringMaintenance.php(110): Illuminate/Pipeline/Pipeline->Illuminate/Pipeline/{closure}(Object(Illuminate/Http/Request))
#30 D:/2.ANDROID/3.FlutterVSCode/projects/SHE Inspection System/backend/she-api/vendor/laravel/framework/src/Illuminate/Pipeline/Pipeline.php(209): Illuminate/Foundation/Http/Middleware/PreventRequestsDuringMaintenance->handle(Object(Illuminate/Http/Request), Object(Closure))
#31 D:/2.ANDROID/3.FlutterVSCode/projects/SHE Inspection System/backend/she-api/vendor/laravel/framework/src/Illuminate/Http/Middleware/HandleCors.php(62): Illuminate/Pipeline/Pipeline->Illuminate/Pipeline/{closure}(Object(Illuminate/Http/Request))
#32 D:/2.ANDROID/3.FlutterVSCode/projects/SHE Inspection System/backend/she-api/vendor/laravel/framework/src/Illuminate/Pipeline/Pipeline.php(209): Illuminate/Http/Middleware/HandleCors->handle(Object(Illuminate/Http/Request), Object(Closure))
#33 D:/2.ANDROID/3.FlutterVSCode/projects/SHE Inspection System/backend/she-api/vendor/laravel/framework/src/Illuminate/Http/Middleware/TrustProxies.php(58): Illuminate/Pipeline/Pipeline->Illuminate/Pipeline/{closure}(Object(Illuminate/Http/Request))
#34 D:/2.ANDROID/3.FlutterVSCode/projects/SHE Inspection System/backend/she-api/vendor/laravel/framework/src/Illuminate/Pipeline/Pipeline.php(209): Illuminate/Http/Middleware/TrustProxies->handle(Object(Illuminate/Http/Request), Object(Closure))
#35 D:/2.ANDROID/3.FlutterVSCode/projects/SHE Inspection System/backend/she-api/vendor/laravel/framework/src/Illuminate/Foundation/Http/Middleware/InvokeDeferredCallbacks.php(22): Illuminate/Pipeline/Pipeline->Illuminate/Pipeline/{closure}(Object(Illuminate/Http/Request))
#36 D:/2.ANDROID/3.FlutterVSCode/projects/SHE Inspection System/backend/she-api/vendor/laravel/framework/src/Illuminate/Pipeline/Pipeline.php(209): Illuminate/Foundation/Http/Middleware/InvokeDeferredCallbacks->handle(Object(Illuminate/Http/Request), Object(Closure))
#37 D:/2.ANDROID/3.FlutterVSCode/projects/SHE Inspection System/backend/she-api/vendor/laravel/framework/src/Illuminate/Pipeline/Pipeline.php(127): Illuminate/Pipeline/Pipeline->Illuminate/Pipeline/{closure}(Object(Illuminate/Http/Request))
#38 D:/2.ANDROID/3.FlutterVSCode/projects/SHE Inspection System/backend/she-api/vendor/laravel/framework/src/Illuminate/Foundation/Http/Kernel.php(176): Illuminate/Pipeline/Pipeline->then(Object(Closure))
#39 D:/2.ANDROID/3.FlutterVSCode/projects/SHE Inspection System/backend/she-api/vendor/laravel/framework/src/Illuminate/Foundation/Http/Kernel.php(145): Illuminate/Foundation/Http/Kernel->sendRequestThroughRouter(Object(Illuminate/Http/Request))
#40 D:/2.ANDROID/3.FlutterVSCode/projects/SHE Inspection System/backend/she-api/vendor/laravel/framework/src/Illuminate/Foundation/Application.php(1220): Illuminate/Foundation/Http/Kernel->handle(Object(Illuminate/Http/Request))
#41 D:/2.ANDROID/3.FlutterVSCode/projects/SHE Inspection System/backend/she-api/public/index.php(20): Illuminate/Foundation/Application->handleRequest(Object(Illuminate/Http/Request))
#42 D:/2.ANDROID/3.FlutterVSCode/projects/SHE Inspection System/backend/she-api/vendor/laravel/framework/src/Illuminate/Foundation/resources/server.php(23): require_once('D://2.ANDROID//3....')
#43 {main}
"} 
[2026-07-01 13:58:13] local.ERROR: SQLSTATE[42S22]: Column not found: 1054 Unknown column 'level' in 'field list' (Connection: mysql, SQL: insert into `incident_types` (`name`, `level`, `updated_at`, `created_at`) values (Access, Handrail, Platform, C, 2026-07-01 13:58:13, 2026-07-01 13:58:13)) {"userId":1,"exception":"[object] (Illuminate\\Database\\QueryException(code: 42S22): SQLSTATE[42S22]: Column not found: 1054 Unknown column 'level' in 'field list' (Connection: mysql, SQL: insert into `incident_types` (`name`, `level`, `updated_at`, `created_at`) values (Access, Handrail, Platform, C, 2026-07-01 13:58:13, 2026-07-01 13:58:13)) at D:/2.ANDROID/3.FlutterVSCode/projects/SHE Inspection System/backend/she-api/vendor/laravel/framework/src/Illuminate/Database/Connection.php:825)
[stacktrace]
#0 D:/2.ANDROID/3.FlutterVSCode/projects/SHE Inspection System/backend/she-api/vendor/laravel/framework/src/Illuminate/Database/Connection.php(779): Illuminate/Database/Connection->runQueryCallback('insert into `in...', Array, Object(Closure))
#1 D:/2.ANDROID/3.FlutterVSCode/projects/SHE Inspection System/backend/she-api/vendor/laravel/framework/src/Illuminate/Database/MySqlConnection.php(42): Illuminate/Database/Connection->run('insert into `in...', Array, Object(Closure))
#2 D:/2.ANDROID/3.FlutterVSCode/projects/SHE Inspection System/backend/she-api/vendor/laravel/framework/src/Illuminate/Database/Query/Processors/MySqlProcessor.php(35): Illuminate/Database/MySqlConnection->insert('insert into `in...', Array, 'id')
#3 D:/2.ANDROID/3.FlutterVSCode/projects/SHE Inspection System/backend/she-api/vendor/laravel/framework/src/Illuminate/Database/Query/Builder.php(3766): Illuminate/Database/Query/Processors/MySqlProcessor->processInsertGetId(Object(Illuminate/Database/Query/Builder), 'insert into `in...', Array, 'id')
#4 D:/2.ANDROID/3.FlutterVSCode/projects/SHE Inspection System/backend/she-api/vendor/laravel/framework/src/Illuminate/Database/Eloquent/Builder.php(2120): Illuminate/Database/Query/Builder->insertGetId(Array, 'id')
#5 D:/2.ANDROID/3.FlutterVSCode/projects/SHE Inspection System/backend/she-api/vendor/laravel/framework/src/Illuminate/Database/Eloquent/Model.php(1359): Illuminate/Database/Eloquent/Builder->__call('insertGetId', Array)
#6 D:/2.ANDROID/3.FlutterVSCode/projects/SHE Inspection System/backend/she-api/vendor/laravel/framework/src/Illuminate/Database/Eloquent/Model.php(1324): Illuminate/Database/Eloquent/Model->insertAndSetId(Object(Illuminate/Database/Eloquent/Builder), Array)
#7 D:/2.ANDROID/3.FlutterVSCode/projects/SHE Inspection System/backend/she-api/vendor/laravel/framework/src/Illuminate/Database/Eloquent/Model.php(1163): Illuminate/Database/Eloquent/Model->performInsert(Object(Illuminate/Database/Eloquent/Builder))
#8 D:/2.ANDROID/3.FlutterVSCode/projects/SHE Inspection System/backend/she-api/vendor/laravel/framework/src/Illuminate/Database/Eloquent/Builder.php(1128): Illuminate/Database/Eloquent/Model->save()
#9 D:/2.ANDROID/3.FlutterVSCode/projects/SHE Inspection System/backend/she-api/vendor/laravel/framework/src/Illuminate/Support/helpers.php(399): Illuminate/Database/Eloquent/Builder->Illuminate/Database/Eloquent/{closure}(Object(App/Models/IncidentType))
#10 D:/2.ANDROID/3.FlutterVSCode/projects/SHE Inspection System/backend/she-api/vendor/laravel/framework/src/Illuminate/Database/Eloquent/Builder.php(1127): tap(Object(App/Models/IncidentType), Object(Closure))
#11 D:/2.ANDROID/3.FlutterVSCode/projects/SHE Inspection System/backend/she-api/vendor/laravel/framework/src/Illuminate/Support/Traits/ForwardsCalls.php(23): Illuminate/Database/Eloquent/Builder->create(Array)
#12 D:/2.ANDROID/3.FlutterVSCode/projects/SHE Inspection System/backend/she-api/vendor/laravel/framework/src/Illuminate/Database/Eloquent/Model.php(2372): Illuminate/Database/Eloquent/Model->forwardCallTo(Object(Illuminate/Database/Eloquent/Builder), 'create', Array)
#13 D:/2.ANDROID/3.FlutterVSCode/projects/SHE Inspection System/backend/she-api/vendor/laravel/framework/src/Illuminate/Database/Eloquent/Model.php(2384): Illuminate/Database/Eloquent/Model->__call('create', Array)
#14 D:/2.ANDROID/3.FlutterVSCode/projects/SHE Inspection System/backend/she-api/app/Http/Controllers/Api/IncidentTypeController.php(29): Illuminate/Database/Eloquent/Model::__callStatic('create', Array)
#15 D:/2.ANDROID/3.FlutterVSCode/projects/SHE Inspection System/backend/she-api/vendor/laravel/framework/src/Illuminate/Routing/ControllerDispatcher.php(47): App/Http/Controllers/Api/IncidentTypeController->store(Object(Illuminate/Http/Request))
#16 D:/2.ANDROID/3.FlutterVSCode/projects/SHE Inspection System/backend/she-api/vendor/laravel/framework/src/Illuminate/Routing/Route.php(266): Illuminate/Routing/ControllerDispatcher->dispatch(Object(Illuminate/Routing/Route), Object(App/Http/Controllers/Api/IncidentTypeController), 'store')
#17 D:/2.ANDROID/3.FlutterVSCode/projects/SHE Inspection System/backend/she-api/vendor/laravel/framework/src/Illuminate/Routing/Route.php(212): Illuminate/Routing/Route->runController()
#18 D:/2.ANDROID/3.FlutterVSCode/projects/SHE Inspection System/backend/she-api/vendor/laravel/framework/src/Illuminate/Routing/Router.php(808): Illuminate/Routing/Route->run()
#19 D:/2.ANDROID/3.FlutterVSCode/projects/SHE Inspection System/backend/she-api/vendor/laravel/framework/src/Illuminate/Pipeline/Pipeline.php(170): Illuminate/Routing/Router->Illuminate/Routing/{closure}(Object(Illuminate/Http/Request))
#20 D:/2.ANDROID/3.FlutterVSCode/projects/SHE Inspection System/backend/she-api/vendor/laravel/framework/src/Illuminate/Routing/Middleware/SubstituteBindings.php(51): Illuminate/Pipeline/Pipeline->Illuminate/Pipeline/{closure}(Object(Illuminate/Http/Request))
#21 D:/2.ANDROID/3.FlutterVSCode/projects/SHE Inspection System/backend/she-api/vendor/laravel/framework/src/Illuminate/Pipeline/Pipeline.php(209): Illuminate/Routing/Middleware/SubstituteBindings->handle(Object(Illuminate/Http/Request), Object(Closure))
#22 D:/2.ANDROID/3.FlutterVSCode/projects/SHE Inspection System/backend/she-api/vendor/laravel/framework/src/Illuminate/Auth/Middleware/Authenticate.php(64): Illuminate/Pipeline/Pipeline->Illuminate/Pipeline/{closure}(Object(Illuminate/Http/Request))
#23 D:/2.ANDROID/3.FlutterVSCode/projects/SHE Inspection System/backend/she-api/vendor/laravel/framework/src/Illuminate/Pipeline/Pipeline.php(209): Illuminate/Auth/Middleware/Authenticate->handle(Object(Illuminate/Http/Request), Object(Closure), 'sanctum')
#24 D:/2.ANDROID/3.FlutterVSCode/projects/SHE Inspection System/backend/she-api/vendor/laravel/framework/src/Illuminate/Pipeline/Pipeline.php(127): Illuminate/Pipeline/Pipeline->Illuminate/Pipeline/{closure}(Object(Illuminate/Http/Request))
#25 D:/2.ANDROID/3.FlutterVSCode/projects/SHE Inspection System/backend/she-api/vendor/laravel/framework/src/Illuminate/Routing/Router.php(807): Illuminate/Pipeline/Pipeline->then(Object(Closure))
#26 D:/2.ANDROID/3.FlutterVSCode/projects/SHE Inspection System/backend/she-api/vendor/laravel/framework/src/Illuminate/Routing/Router.php(786): Illuminate/Routing/Router->runRouteWithinStack(Object(Illuminate/Routing/Route), Object(Illuminate/Http/Request))
#27 D:/2.ANDROID/3.FlutterVSCode/projects/SHE Inspection System/backend/she-api/vendor/laravel/framework/src/Illuminate/Routing/Router.php(750): Illuminate/Routing/Router->runRoute(Object(Illuminate/Http/Request), Object(Illuminate/Routing/Route))
#28 D:/2.ANDROID/3.FlutterVSCode/projects/SHE Inspection System/backend/she-api/vendor/laravel/framework/src/Illuminate/Routing/Router.php(739): Illuminate/Routing/Router->dispatchToRoute(Object(Illuminate/Http/Request))
#29 D:/2.ANDROID/3.FlutterVSCode/projects/SHE Inspection System/backend/she-api/vendor/laravel/framework/src/Illuminate/Foundation/Http/Kernel.php(201): Illuminate/Routing/Router->dispatch(Object(Illuminate/Http/Request))
#30 D:/2.ANDROID/3.FlutterVSCode/projects/SHE Inspection System/backend/she-api/vendor/laravel/framework/src/Illuminate/Pipeline/Pipeline.php(170): Illuminate/Foundation/Http/Kernel->Illuminate/Foundation/Http/{closure}(Object(Illuminate/Http/Request))
#31 D:/2.ANDROID/3.FlutterVSCode/projects/SHE Inspection System/backend/she-api/vendor/laravel/framework/src/Illuminate/Foundation/Http/Middleware/TransformsRequest.php(21): Illuminate/Pipeline/Pipeline->Illuminate/Pipeline/{closure}(Object(Illuminate/Http/Request))
#32 D:/2.ANDROID/3.FlutterVSCode/projects/SHE Inspection System/backend/she-api/vendor/laravel/framework/src/Illuminate/Foundation/Http/Middleware/ConvertEmptyStringsToNull.php(31): Illuminate/Foundation/Http/Middleware/TransformsRequest->handle(Object(Illuminate/Http/Request), Object(Closure))
#33 D:/2.ANDROID/3.FlutterVSCode/projects/SHE Inspection System/backend/she-api/vendor/laravel/framework/src/Illuminate/Pipeline/Pipeline.php(209): Illuminate/Foundation/Http/Middleware/ConvertEmptyStringsToNull->handle(Object(Illuminate/Http/Request), Object(Closure))
#34 D:/2.ANDROID/3.FlutterVSCode/projects/SHE Inspection System/backend/she-api/vendor/laravel/framework/src/Illuminate/Foundation/Http/Middleware/TransformsRequest.php(21): Illuminate/Pipeline/Pipeline->Illuminate/Pipeline/{closure}(Object(Illuminate/Http/Request))
#35 D:/2.ANDROID/3.FlutterVSCode/projects/SHE Inspection System/backend/she-api/vendor/laravel/framework/src/Illuminate/Foundation/Http/Middleware/TrimStrings.php(51): Illuminate/Foundation/Http/Middleware/TransformsRequest->handle(Object(Illuminate/Http/Request), Object(Closure))
#36 D:/2.ANDROID/3.FlutterVSCode/projects/SHE Inspection System/backend/she-api/vendor/laravel/framework/src/Illuminate/Pipeline/Pipeline.php(209): Illuminate/Foundation/Http/Middleware/TrimStrings->handle(Object(Illuminate/Http/Request), Object(Closure))
#37 D:/2.ANDROID/3.FlutterVSCode/projects/SHE Inspection System/backend/she-api/vendor/laravel/framework/src/Illuminate/Http/Middleware/ValidatePostSize.php(27): Illuminate/Pipeline/Pipeline->Illuminate/Pipeline/{closure}(Object(Illuminate/Http/Request))
#38 D:/2.ANDROID/3.FlutterVSCode/projects/SHE Inspection System/backend/she-api/vendor/laravel/framework/src/Illuminate/Pipeline/Pipeline.php(209): Illuminate/Http/Middleware/ValidatePostSize->handle(Object(Illuminate/Http/Request), Object(Closure))
#39 D:/2.ANDROID/3.FlutterVSCode/projects/SHE Inspection System/backend/she-api/vendor/laravel/framework/src/Illuminate/Foundation/Http/Middleware/PreventRequestsDuringMaintenance.php(110): Illuminate/Pipeline/Pipeline->Illuminate/Pipeline/{closure}(Object(Illuminate/Http/Request))
#40 D:/2.ANDROID/3.FlutterVSCode/projects/SHE Inspection System/backend/she-api/vendor/laravel/framework/src/Illuminate/Pipeline/Pipeline.php(209): Illuminate/Foundation/Http/Middleware/PreventRequestsDuringMaintenance->handle(Object(Illuminate/Http/Request), Object(Closure))
#41 D:/2.ANDROID/3.FlutterVSCode/projects/SHE Inspection System/backend/she-api/vendor/laravel/framework/src/Illuminate/Http/Middleware/HandleCors.php(62): Illuminate/Pipeline/Pipeline->Illuminate/Pipeline/{closure}(Object(Illuminate/Http/Request))
#42 D:/2.ANDROID/3.FlutterVSCode/projects/SHE Inspection System/backend/she-api/vendor/laravel/framework/src/Illuminate/Pipeline/Pipeline.php(209): Illuminate/Http/Middleware/HandleCors->handle(Object(Illuminate/Http/Request), Object(Closure))
#43 D:/2.ANDROID/3.FlutterVSCode/projects/SHE Inspection System/backend/she-api/vendor/laravel/framework/src/Illuminate/Http/Middleware/TrustProxies.php(58): Illuminate/Pipeline/Pipeline->Illuminate/Pipeline/{closure}(Object(Illuminate/Http/Request))
#44 D:/2.ANDROID/3.FlutterVSCode/projects/SHE Inspection System/backend/she-api/vendor/laravel/framework/src/Illuminate/Pipeline/Pipeline.php(209): Illuminate/Http/Middleware/TrustProxies->handle(Object(Illuminate/Http/Request), Object(Closure))
#45 D:/2.ANDROID/3.FlutterVSCode/projects/SHE Inspection System/backend/she-api/vendor/laravel/framework/src/Illuminate/Foundation/Http/Middleware/InvokeDeferredCallbacks.php(22): Illuminate/Pipeline/Pipeline->Illuminate/Pipeline/{closure}(Object(Illuminate/Http/Request))
#46 D:/2.ANDROID/3.FlutterVSCode/projects/SHE Inspection System/backend/she-api/vendor/laravel/framework/src/Illuminate/Pipeline/Pipeline.php(209): Illuminate/Foundation/Http/Middleware/InvokeDeferredCallbacks->handle(Object(Illuminate/Http/Request), Object(Closure))
#47 D:/2.ANDROID/3.FlutterVSCode/projects/SHE Inspection System/backend/she-api/vendor/laravel/framework/src/Illuminate/Pipeline/Pipeline.php(127): Illuminate/Pipeline/Pipeline->Illuminate/Pipeline/{closure}(Object(Illuminate/Http/Request))
#48 D:/2.ANDROID/3.FlutterVSCode/projects/SHE Inspection System/backend/she-api/vendor/laravel/framework/src/Illuminate/Foundation/Http/Kernel.php(176): Illuminate/Pipeline/Pipeline->then(Object(Closure))
#49 D:/2.ANDROID/3.FlutterVSCode/projects/SHE Inspection System/backend/she-api/vendor/laravel/framework/src/Illuminate/Foundation/Http/Kernel.php(145): Illuminate/Foundation/Http/Kernel->sendRequestThroughRouter(Object(Illuminate/Http/Request))
#50 D:/2.ANDROID/3.FlutterVSCode/projects/SHE Inspection System/backend/she-api/vendor/laravel/framework/src/Illuminate/Foundation/Application.php(1220): Illuminate/Foundation/Http/Kernel->handle(Object(Illuminate/Http/Request))
#51 D:/2.ANDROID/3.FlutterVSCode/projects/SHE Inspection System/backend/she-api/public/index.php(20): Illuminate/Foundation/Application->handleRequest(Object(Illuminate/Http/Request))
#52 D:/2.ANDROID/3.FlutterVSCode/projects/SHE Inspection System/backend/she-api/vendor/laravel/framework/src/Illuminate/Foundation/resources/server.php(23): require_once('D://2.ANDROID//3....')
#53 {main}

[previous exception] [object] (PDOException(code: 42S22): SQLSTATE[42S22]: Column not found: 1054 Unknown column 'level' in 'field list' at D:/2.ANDROID/3.FlutterVSCode/projects/SHE Inspection System/backend/she-api/vendor/laravel/framework/src/Illuminate/Database/MySqlConnection.php:47)
[stacktrace]
#0 D:/2.ANDROID/3.FlutterVSCode/projects/SHE Inspection System/backend/she-api/vendor/laravel/framework/src/Illuminate/Database/MySqlConnection.php(47): PDO->prepare('insert into `in...')
#1 D:/2.ANDROID/3.FlutterVSCode/projects/SHE Inspection System/backend/she-api/vendor/laravel/framework/src/Illuminate/Database/Connection.php(812): Illuminate/Database/MySqlConnection->Illuminate/Database/{closure}('insert into `in...', Array)
#2 D:/2.ANDROID/3.FlutterVSCode/projects/SHE Inspection System/backend/she-api/vendor/laravel/framework/src/Illuminate/Database/Connection.php(779): Illuminate/Database/Connection->runQueryCallback('insert into `in...', Array, Object(Closure))
#3 D:/2.ANDROID/3.FlutterVSCode/projects/SHE Inspection System/backend/she-api/vendor/laravel/framework/src/Illuminate/Database/MySqlConnection.php(42): Illuminate/Database/Connection->run('insert into `in...', Array, Object(Closure))
#4 D:/2.ANDROID/3.FlutterVSCode/projects/SHE Inspection System/backend/she-api/vendor/laravel/framework/src/Illuminate/Database/Query/Processors/MySqlProcessor.php(35): Illuminate/Database/MySqlConnection->insert('insert into `in...', Array, 'id')
#5 D:/2.ANDROID/3.FlutterVSCode/projects/SHE Inspection System/backend/she-api/vendor/laravel/framework/src/Illuminate/Database/Query/Builder.php(3766): Illuminate/Database/Query/Processors/MySqlProcessor->processInsertGetId(Object(Illuminate/Database/Query/Builder), 'insert into `in...', Array, 'id')
#6 D:/2.ANDROID/3.FlutterVSCode/projects/SHE Inspection System/backend/she-api/vendor/laravel/framework/src/Illuminate/Database/Eloquent/Builder.php(2120): Illuminate/Database/Query/Builder->insertGetId(Array, 'id')
#7 D:/2.ANDROID/3.FlutterVSCode/projects/SHE Inspection System/backend/she-api/vendor/laravel/framework/src/Illuminate/Database/Eloquent/Model.php(1359): Illuminate/Database/Eloquent/Builder->__call('insertGetId', Array)
#8 D:/2.ANDROID/3.FlutterVSCode/projects/SHE Inspection System/backend/she-api/vendor/laravel/framework/src/Illuminate/Database/Eloquent/Model.php(1324): Illuminate/Database/Eloquent/Model->insertAndSetId(Object(Illuminate/Database/Eloquent/Builder), Array)
#9 D:/2.ANDROID/3.FlutterVSCode/projects/SHE Inspection System/backend/she-api/vendor/laravel/framework/src/Illuminate/Database/Eloquent/Model.php(1163): Illuminate/Database/Eloquent/Model->performInsert(Object(Illuminate/Database/Eloquent/Builder))
#10 D:/2.ANDROID/3.FlutterVSCode/projects/SHE Inspection System/backend/she-api/vendor/laravel/framework/src/Illuminate/Database/Eloquent/Builder.php(1128): Illuminate/Database/Eloquent/Model->save()
#11 D:/2.ANDROID/3.FlutterVSCode/projects/SHE Inspection System/backend/she-api/vendor/laravel/framework/src/Illuminate/Support/helpers.php(399): Illuminate/Database/Eloquent/Builder->Illuminate/Database/Eloquent/{closure}(Object(App/Models/IncidentType))
#12 D:/2.ANDROID/3.FlutterVSCode/projects/SHE Inspection System/backend/she-api/vendor/laravel/framework/src/Illuminate/Database/Eloquent/Builder.php(1127): tap(Object(App/Models/IncidentType), Object(Closure))
#13 D:/2.ANDROID/3.FlutterVSCode/projects/SHE Inspection System/backend/she-api/vendor/laravel/framework/src/Illuminate/Support/Traits/ForwardsCalls.php(23): Illuminate/Database/Eloquent/Builder->create(Array)
#14 D:/2.ANDROID/3.FlutterVSCode/projects/SHE Inspection System/backend/she-api/vendor/laravel/framework/src/Illuminate/Database/Eloquent/Model.php(2372): Illuminate/Database/Eloquent/Model->forwardCallTo(Object(Illuminate/Database/Eloquent/Builder), 'create', Array)
#15 D:/2.ANDROID/3.FlutterVSCode/projects/SHE Inspection System/backend/she-api/vendor/laravel/framework/src/Illuminate/Database/Eloquent/Model.php(2384): Illuminate/Database/Eloquent/Model->__call('create', Array)
#16 D:/2.ANDROID/3.FlutterVSCode/projects/SHE Inspection System/backend/she-api/app/Http/Controllers/Api/IncidentTypeController.php(29): Illuminate/Database/Eloquent/Model::__callStatic('create', Array)
#17 D:/2.ANDROID/3.FlutterVSCode/projects/SHE Inspection System/backend/she-api/vendor/laravel/framework/src/Illuminate/Routing/ControllerDispatcher.php(47): App/Http/Controllers/Api/IncidentTypeController->store(Object(Illuminate/Http/Request))
#18 D:/2.ANDROID/3.FlutterVSCode/projects/SHE Inspection System/backend/she-api/vendor/laravel/framework/src/Illuminate/Routing/Route.php(266): Illuminate/Routing/ControllerDispatcher->dispatch(Object(Illuminate/Routing/Route), Object(App/Http/Controllers/Api/IncidentTypeController), 'store')
#19 D:/2.ANDROID/3.FlutterVSCode/projects/SHE Inspection System/backend/she-api/vendor/laravel/framework/src/Illuminate/Routing/Route.php(212): Illuminate/Routing/Route->runController()
#20 D:/2.ANDROID/3.FlutterVSCode/projects/SHE Inspection System/backend/she-api/vendor/laravel/framework/src/Illuminate/Routing/Router.php(808): Illuminate/Routing/Route->run()
#21 D:/2.ANDROID/3.FlutterVSCode/projects/SHE Inspection System/backend/she-api/vendor/laravel/framework/src/Illuminate/Pipeline/Pipeline.php(170): Illuminate/Routing/Router->Illuminate/Routing/{closure}(Object(Illuminate/Http/Request))
#22 D:/2.ANDROID/3.FlutterVSCode/projects/SHE Inspection System/backend/she-api/vendor/laravel/framework/src/Illuminate/Routing/Middleware/SubstituteBindings.php(51): Illuminate/Pipeline/Pipeline->Illuminate/Pipeline/{closure}(Object(Illuminate/Http/Request))
#23 D:/2.ANDROID/3.FlutterVSCode/projects/SHE Inspection System/backend/she-api/vendor/laravel/framework/src/Illuminate/Pipeline/Pipeline.php(209): Illuminate/Routing/Middleware/SubstituteBindings->handle(Object(Illuminate/Http/Request), Object(Closure))
#24 D:/2.ANDROID/3.FlutterVSCode/projects/SHE Inspection System/backend/she-api/vendor/laravel/framework/src/Illuminate/Auth/Middleware/Authenticate.php(64): Illuminate/Pipeline/Pipeline->Illuminate/Pipeline/{closure}(Object(Illuminate/Http/Request))
#25 D:/2.ANDROID/3.FlutterVSCode/projects/SHE Inspection System/backend/she-api/vendor/laravel/framework/src/Illuminate/Pipeline/Pipeline.php(209): Illuminate/Auth/Middleware/Authenticate->handle(Object(Illuminate/Http/Request), Object(Closure), 'sanctum')
#26 D:/2.ANDROID/3.FlutterVSCode/projects/SHE Inspection System/backend/she-api/vendor/laravel/framework/src/Illuminate/Pipeline/Pipeline.php(127): Illuminate/Pipeline/Pipeline->Illuminate/Pipeline/{closure}(Object(Illuminate/Http/Request))
#27 D:/2.ANDROID/3.FlutterVSCode/projects/SHE Inspection System/backend/she-api/vendor/laravel/framework/src/Illuminate/Routing/Router.php(807): Illuminate/Pipeline/Pipeline->then(Object(Closure))
#28 D:/2.ANDROID/3.FlutterVSCode/projects/SHE Inspection System/backend/she-api/vendor/laravel/framework/src/Illuminate/Routing/Router.php(786): Illuminate/Routing/Router->runRouteWithinStack(Object(Illuminate/Routing/Route), Object(Illuminate/Http/Request))
#29 D:/2.ANDROID/3.FlutterVSCode/projects/SHE Inspection System/backend/she-api/vendor/laravel/framework/src/Illuminate/Routing/Router.php(750): Illuminate/Routing/Router->runRoute(Object(Illuminate/Http/Request), Object(Illuminate/Routing/Route))
#30 D:/2.ANDROID/3.FlutterVSCode/projects/SHE Inspection System/backend/she-api/vendor/laravel/framework/src/Illuminate/Routing/Router.php(739): Illuminate/Routing/Router->dispatchToRoute(Object(Illuminate/Http/Request))
#31 D:/2.ANDROID/3.FlutterVSCode/projects/SHE Inspection System/backend/she-api/vendor/laravel/framework/src/Illuminate/Foundation/Http/Kernel.php(201): Illuminate/Routing/Router->dispatch(Object(Illuminate/Http/Request))
#32 D:/2.ANDROID/3.FlutterVSCode/projects/SHE Inspection System/backend/she-api/vendor/laravel/framework/src/Illuminate/Pipeline/Pipeline.php(170): Illuminate/Foundation/Http/Kernel->Illuminate/Foundation/Http/{closure}(Object(Illuminate/Http/Request))
#33 D:/2.ANDROID/3.FlutterVSCode/projects/SHE Inspection System/backend/she-api/vendor/laravel/framework/src/Illuminate/Foundation/Http/Middleware/TransformsRequest.php(21): Illuminate/Pipeline/Pipeline->Illuminate/Pipeline/{closure}(Object(Illuminate/Http/Request))
#34 D:/2.ANDROID/3.FlutterVSCode/projects/SHE Inspection System/backend/she-api/vendor/laravel/framework/src/Illuminate/Foundation/Http/Middleware/ConvertEmptyStringsToNull.php(31): Illuminate/Foundation/Http/Middleware/TransformsRequest->handle(Object(Illuminate/Http/Request), Object(Closure))
#35 D:/2.ANDROID/3.FlutterVSCode/projects/SHE Inspection System/backend/she-api/vendor/laravel/framework/src/Illuminate/Pipeline/Pipeline.php(209): Illuminate/Foundation/Http/Middleware/ConvertEmptyStringsToNull->handle(Object(Illuminate/Http/Request), Object(Closure))
#36 D:/2.ANDROID/3.FlutterVSCode/projects/SHE Inspection System/backend/she-api/vendor/laravel/framework/src/Illuminate/Foundation/Http/Middleware/TransformsRequest.php(21): Illuminate/Pipeline/Pipeline->Illuminate/Pipeline/{closure}(Object(Illuminate/Http/Request))
#37 D:/2.ANDROID/3.FlutterVSCode/projects/SHE Inspection System/backend/she-api/vendor/laravel/framework/src/Illuminate/Foundation/Http/Middleware/TrimStrings.php(51): Illuminate/Foundation/Http/Middleware/TransformsRequest->handle(Object(Illuminate/Http/Request), Object(Closure))
#38 D:/2.ANDROID/3.FlutterVSCode/projects/SHE Inspection System/backend/she-api/vendor/laravel/framework/src/Illuminate/Pipeline/Pipeline.php(209): Illuminate/Foundation/Http/Middleware/TrimStrings->handle(Object(Illuminate/Http/Request), Object(Closure))
#39 D:/2.ANDROID/3.FlutterVSCode/projects/SHE Inspection System/backend/she-api/vendor/laravel/framework/src/Illuminate/Http/Middleware/ValidatePostSize.php(27): Illuminate/Pipeline/Pipeline->Illuminate/Pipeline/{closure}(Object(Illuminate/Http/Request))
#40 D:/2.ANDROID/3.FlutterVSCode/projects/SHE Inspection System/backend/she-api/vendor/laravel/framework/src/Illuminate/Pipeline/Pipeline.php(209): Illuminate/Http/Middleware/ValidatePostSize->handle(Object(Illuminate/Http/Request), Object(Closure))
#41 D:/2.ANDROID/3.FlutterVSCode/projects/SHE Inspection System/backend/she-api/vendor/laravel/framework/src/Illuminate/Foundation/Http/Middleware/PreventRequestsDuringMaintenance.php(110): Illuminate/Pipeline/Pipeline->Illuminate/Pipeline/{closure}(Object(Illuminate/Http/Request))
#42 D:/2.ANDROID/3.FlutterVSCode/projects/SHE Inspection System/backend/she-api/vendor/laravel/framework/src/Illuminate/Pipeline/Pipeline.php(209): Illuminate/Foundation/Http/Middleware/PreventRequestsDuringMaintenance->handle(Object(Illuminate/Http/Request), Object(Closure))
#43 D:/2.ANDROID/3.FlutterVSCode/projects/SHE Inspection System/backend/she-api/vendor/laravel/framework/src/Illuminate/Http/Middleware/HandleCors.php(62): Illuminate/Pipeline/Pipeline->Illuminate/Pipeline/{closure}(Object(Illuminate/Http/Request))
#44 D:/2.ANDROID/3.FlutterVSCode/projects/SHE Inspection System/backend/she-api/vendor/laravel/framework/src/Illuminate/Pipeline/Pipeline.php(209): Illuminate/Http/Middleware/HandleCors->handle(Object(Illuminate/Http/Request), Object(Closure))
#45 D:/2.ANDROID/3.FlutterVSCode/projects/SHE Inspection System/backend/she-api/vendor/laravel/framework/src/Illuminate/Http/Middleware/TrustProxies.php(58): Illuminate/Pipeline/Pipeline->Illuminate/Pipeline/{closure}(Object(Illuminate/Http/Request))
#46 D:/2.ANDROID/3.FlutterVSCode/projects/SHE Inspection System/backend/she-api/vendor/laravel/framework/src/Illuminate/Pipeline/Pipeline.php(209): Illuminate/Http/Middleware/TrustProxies->handle(Object(Illuminate/Http/Request), Object(Closure))
#47 D:/2.ANDROID/3.FlutterVSCode/projects/SHE Inspection System/backend/she-api/vendor/laravel/framework/src/Illuminate/Foundation/Http/Middleware/InvokeDeferredCallbacks.php(22): Illuminate/Pipeline/Pipeline->Illuminate/Pipeline/{closure}(Object(Illuminate/Http/Request))
#48 D:/2.ANDROID/3.FlutterVSCode/projects/SHE Inspection System/backend/she-api/vendor/laravel/framework/src/Illuminate/Pipeline/Pipeline.php(209): Illuminate/Foundation/Http/Middleware/InvokeDeferredCallbacks->handle(Object(Illuminate/Http/Request), Object(Closure))
#49 D:/2.ANDROID/3.FlutterVSCode/projects/SHE Inspection System/backend/she-api/vendor/laravel/framework/src/Illuminate/Pipeline/Pipeline.php(127): Illuminate/Pipeline/Pipeline->Illuminate/Pipeline/{closure}(Object(Illuminate/Http/Request))
#50 D:/2.ANDROID/3.FlutterVSCode/projects/SHE Inspection System/backend/she-api/vendor/laravel/framework/src/Illuminate/Foundation/Http/Kernel.php(176): Illuminate/Pipeline/Pipeline->then(Object(Closure))
#51 D:/2.ANDROID/3.FlutterVSCode/projects/SHE Inspection System/backend/she-api/vendor/laravel/framework/src/Illuminate/Foundation/Http/Kernel.php(145): Illuminate/Foundation/Http/Kernel->sendRequestThroughRouter(Object(Illuminate/Http/Request))
#52 D:/2.ANDROID/3.FlutterVSCode/projects/SHE Inspection System/backend/she-api/vendor/laravel/framework/src/Illuminate/Foundation/Application.php(1220): Illuminate/Foundation/Http/Kernel->handle(Object(Illuminate/Http/Request))
#53 D:/2.ANDROID/3.FlutterVSCode/projects/SHE Inspection System/backend/she-api/public/index.php(20): Illuminate/Foundation/Application->handleRequest(Object(Illuminate/Http/Request))
#54 D:/2.ANDROID/3.FlutterVSCode/projects/SHE Inspection System/backend/she-api/vendor/laravel/framework/src/Illuminate/Foundation/resources/server.php(23): require_once('D://2.ANDROID//3....')
#55 {main}
"} 
[2026-07-01 14:00:23] local.ERROR: SQLSTATE[42S22]: Column not found: 1054 Unknown column 'level' in 'field list' (Connection: mysql, SQL: insert into `incident_types` (`name`, `level`, `updated_at`, `created_at`) values (Access, Handrail, Platform, C, 2026-07-01 14:00:23, 2026-07-01 14:00:23)) {"userId":1,"exception":"[object] (Illuminate\\Database\\QueryException(code: 42S22): SQLSTATE[42S22]: Column not found: 1054 Unknown column 'level' in 'field list' (Connection: mysql, SQL: insert into `incident_types` (`name`, `level`, `updated_at`, `created_at`) values (Access, Handrail, Platform, C, 2026-07-01 14:00:23, 2026-07-01 14:00:23)) at D:/2.ANDROID/3.FlutterVSCode/projects/SHE Inspection System/backend/she-api/vendor/laravel/framework/src/Illuminate/Database/Connection.php:825)
[stacktrace]
#0 D:/2.ANDROID/3.FlutterVSCode/projects/SHE Inspection System/backend/she-api/vendor/laravel/framework/src/Illuminate/Database/Connection.php(779): Illuminate/Database/Connection->runQueryCallback('insert into `in...', Array, Object(Closure))
#1 D:/2.ANDROID/3.FlutterVSCode/projects/SHE Inspection System/backend/she-api/vendor/laravel/framework/src/Illuminate/Database/MySqlConnection.php(42): Illuminate/Database/Connection->run('insert into `in...', Array, Object(Closure))
#2 D:/2.ANDROID/3.FlutterVSCode/projects/SHE Inspection System/backend/she-api/vendor/laravel/framework/src/Illuminate/Database/Query/Processors/MySqlProcessor.php(35): Illuminate/Database/MySqlConnection->insert('insert into `in...', Array, 'id')
#3 D:/2.ANDROID/3.FlutterVSCode/projects/SHE Inspection System/backend/she-api/vendor/laravel/framework/src/Illuminate/Database/Query/Builder.php(3766): Illuminate/Database/Query/Processors/MySqlProcessor->processInsertGetId(Object(Illuminate/Database/Query/Builder), 'insert into `in...', Array, 'id')
#4 D:/2.ANDROID/3.FlutterVSCode/projects/SHE Inspection System/backend/she-api/vendor/laravel/framework/src/Illuminate/Database/Eloquent/Builder.php(2120): Illuminate/Database/Query/Builder->insertGetId(Array, 'id')
#5 D:/2.ANDROID/3.FlutterVSCode/projects/SHE Inspection System/backend/she-api/vendor/laravel/framework/src/Illuminate/Database/Eloquent/Model.php(1359): Illuminate/Database/Eloquent/Builder->__call('insertGetId', Array)
#6 D:/2.ANDROID/3.FlutterVSCode/projects/SHE Inspection System/backend/she-api/vendor/laravel/framework/src/Illuminate/Database/Eloquent/Model.php(1324): Illuminate/Database/Eloquent/Model->insertAndSetId(Object(Illuminate/Database/Eloquent/Builder), Array)
#7 D:/2.ANDROID/3.FlutterVSCode/projects/SHE Inspection System/backend/she-api/vendor/laravel/framework/src/Illuminate/Database/Eloquent/Model.php(1163): Illuminate/Database/Eloquent/Model->performInsert(Object(Illuminate/Database/Eloquent/Builder))
#8 D:/2.ANDROID/3.FlutterVSCode/projects/SHE Inspection System/backend/she-api/vendor/laravel/framework/src/Illuminate/Database/Eloquent/Builder.php(1128): Illuminate/Database/Eloquent/Model->save()
#9 D:/2.ANDROID/3.FlutterVSCode/projects/SHE Inspection System/backend/she-api/vendor/laravel/framework/src/Illuminate/Support/helpers.php(399): Illuminate/Database/Eloquent/Builder->Illuminate/Database/Eloquent/{closure}(Object(App/Models/IncidentType))
#10 D:/2.ANDROID/3.FlutterVSCode/projects/SHE Inspection System/backend/she-api/vendor/laravel/framework/src/Illuminate/Database/Eloquent/Builder.php(1127): tap(Object(App/Models/IncidentType), Object(Closure))
#11 D:/2.ANDROID/3.FlutterVSCode/projects/SHE Inspection System/backend/she-api/vendor/laravel/framework/src/Illuminate/Support/Traits/ForwardsCalls.php(23): Illuminate/Database/Eloquent/Builder->create(Array)
#12 D:/2.ANDROID/3.FlutterVSCode/projects/SHE Inspection System/backend/she-api/vendor/laravel/framework/src/Illuminate/Database/Eloquent/Model.php(2372): Illuminate/Database/Eloquent/Model->forwardCallTo(Object(Illuminate/Database/Eloquent/Builder), 'create', Array)
#13 D:/2.ANDROID/3.FlutterVSCode/projects/SHE Inspection System/backend/she-api/vendor/laravel/framework/src/Illuminate/Database/Eloquent/Model.php(2384): Illuminate/Database/Eloquent/Model->__call('create', Array)
#14 D:/2.ANDROID/3.FlutterVSCode/projects/SHE Inspection System/backend/she-api/app/Http/Controllers/Api/IncidentTypeController.php(29): Illuminate/Database/Eloquent/Model::__callStatic('create', Array)
#15 D:/2.ANDROID/3.FlutterVSCode/projects/SHE Inspection System/backend/she-api/vendor/laravel/framework/src/Illuminate/Routing/ControllerDispatcher.php(47): App/Http/Controllers/Api/IncidentTypeController->store(Object(Illuminate/Http/Request))
#16 D:/2.ANDROID/3.FlutterVSCode/projects/SHE Inspection System/backend/she-api/vendor/laravel/framework/src/Illuminate/Routing/Route.php(266): Illuminate/Routing/ControllerDispatcher->dispatch(Object(Illuminate/Routing/Route), Object(App/Http/Controllers/Api/IncidentTypeController), 'store')
#17 D:/2.ANDROID/3.FlutterVSCode/projects/SHE Inspection System/backend/she-api/vendor/laravel/framework/src/Illuminate/Routing/Route.php(212): Illuminate/Routing/Route->runController()
#18 D:/2.ANDROID/3.FlutterVSCode/projects/SHE Inspection System/backend/she-api/vendor/laravel/framework/src/Illuminate/Routing/Router.php(808): Illuminate/Routing/Route->run()
#19 D:/2.ANDROID/3.FlutterVSCode/projects/SHE Inspection System/backend/she-api/vendor/laravel/framework/src/Illuminate/Pipeline/Pipeline.php(170): Illuminate/Routing/Router->Illuminate/Routing/{closure}(Object(Illuminate/Http/Request))
#20 D:/2.ANDROID/3.FlutterVSCode/projects/SHE Inspection System/backend/she-api/vendor/laravel/framework/src/Illuminate/Routing/Middleware/SubstituteBindings.php(51): Illuminate/Pipeline/Pipeline->Illuminate/Pipeline/{closure}(Object(Illuminate/Http/Request))
#21 D:/2.ANDROID/3.FlutterVSCode/projects/SHE Inspection System/backend/she-api/vendor/laravel/framework/src/Illuminate/Pipeline/Pipeline.php(209): Illuminate/Routing/Middleware/SubstituteBindings->handle(Object(Illuminate/Http/Request), Object(Closure))
#22 D:/2.ANDROID/3.FlutterVSCode/projects/SHE Inspection System/backend/she-api/vendor/laravel/framework/src/Illuminate/Auth/Middleware/Authenticate.php(64): Illuminate/Pipeline/Pipeline->Illuminate/Pipeline/{closure}(Object(Illuminate/Http/Request))
#23 D:/2.ANDROID/3.FlutterVSCode/projects/SHE Inspection System/backend/she-api/vendor/laravel/framework/src/Illuminate/Pipeline/Pipeline.php(209): Illuminate/Auth/Middleware/Authenticate->handle(Object(Illuminate/Http/Request), Object(Closure), 'sanctum')
#24 D:/2.ANDROID/3.FlutterVSCode/projects/SHE Inspection System/backend/she-api/vendor/laravel/framework/src/Illuminate/Pipeline/Pipeline.php(127): Illuminate/Pipeline/Pipeline->Illuminate/Pipeline/{closure}(Object(Illuminate/Http/Request))
#25 D:/2.ANDROID/3.FlutterVSCode/projects/SHE Inspection System/backend/she-api/vendor/laravel/framework/src/Illuminate/Routing/Router.php(807): Illuminate/Pipeline/Pipeline->then(Object(Closure))
#26 D:/2.ANDROID/3.FlutterVSCode/projects/SHE Inspection System/backend/she-api/vendor/laravel/framework/src/Illuminate/Routing/Router.php(786): Illuminate/Routing/Router->runRouteWithinStack(Object(Illuminate/Routing/Route), Object(Illuminate/Http/Request))
#27 D:/2.ANDROID/3.FlutterVSCode/projects/SHE Inspection System/backend/she-api/vendor/laravel/framework/src/Illuminate/Routing/Router.php(750): Illuminate/Routing/Router->runRoute(Object(Illuminate/Http/Request), Object(Illuminate/Routing/Route))
#28 D:/2.ANDROID/3.FlutterVSCode/projects/SHE Inspection System/backend/she-api/vendor/laravel/framework/src/Illuminate/Routing/Router.php(739): Illuminate/Routing/Router->dispatchToRoute(Object(Illuminate/Http/Request))
#29 D:/2.ANDROID/3.FlutterVSCode/projects/SHE Inspection System/backend/she-api/vendor/laravel/framework/src/Illuminate/Foundation/Http/Kernel.php(201): Illuminate/Routing/Router->dispatch(Object(Illuminate/Http/Request))
#30 D:/2.ANDROID/3.FlutterVSCode/projects/SHE Inspection System/backend/she-api/vendor/laravel/framework/src/Illuminate/Pipeline/Pipeline.php(170): Illuminate/Foundation/Http/Kernel->Illuminate/Foundation/Http/{closure}(Object(Illuminate/Http/Request))
#31 D:/2.ANDROID/3.FlutterVSCode/projects/SHE Inspection System/backend/she-api/vendor/laravel/framework/src/Illuminate/Foundation/Http/Middleware/TransformsRequest.php(21): Illuminate/Pipeline/Pipeline->Illuminate/Pipeline/{closure}(Object(Illuminate/Http/Request))
#32 D:/2.ANDROID/3.FlutterVSCode/projects/SHE Inspection System/backend/she-api/vendor/laravel/framework/src/Illuminate/Foundation/Http/Middleware/ConvertEmptyStringsToNull.php(31): Illuminate/Foundation/Http/Middleware/TransformsRequest->handle(Object(Illuminate/Http/Request), Object(Closure))
#33 D:/2.ANDROID/3.FlutterVSCode/projects/SHE Inspection System/backend/she-api/vendor/laravel/framework/src/Illuminate/Pipeline/Pipeline.php(209): Illuminate/Foundation/Http/Middleware/ConvertEmptyStringsToNull->handle(Object(Illuminate/Http/Request), Object(Closure))
#34 D:/2.ANDROID/3.FlutterVSCode/projects/SHE Inspection System/backend/she-api/vendor/laravel/framework/src/Illuminate/Foundation/Http/Middleware/TransformsRequest.php(21): Illuminate/Pipeline/Pipeline->Illuminate/Pipeline/{closure}(Object(Illuminate/Http/Request))
#35 D:/2.ANDROID/3.FlutterVSCode/projects/SHE Inspection System/backend/she-api/vendor/laravel/framework/src/Illuminate/Foundation/Http/Middleware/TrimStrings.php(51): Illuminate/Foundation/Http/Middleware/TransformsRequest->handle(Object(Illuminate/Http/Request), Object(Closure))
#36 D:/2.ANDROID/3.FlutterVSCode/projects/SHE Inspection System/backend/she-api/vendor/laravel/framework/src/Illuminate/Pipeline/Pipeline.php(209): Illuminate/Foundation/Http/Middleware/TrimStrings->handle(Object(Illuminate/Http/Request), Object(Closure))
#37 D:/2.ANDROID/3.FlutterVSCode/projects/SHE Inspection System/backend/she-api/vendor/laravel/framework/src/Illuminate/Http/Middleware/ValidatePostSize.php(27): Illuminate/Pipeline/Pipeline->Illuminate/Pipeline/{closure}(Object(Illuminate/Http/Request))
#38 D:/2.ANDROID/3.FlutterVSCode/projects/SHE Inspection System/backend/she-api/vendor/laravel/framework/src/Illuminate/Pipeline/Pipeline.php(209): Illuminate/Http/Middleware/ValidatePostSize->handle(Object(Illuminate/Http/Request), Object(Closure))
#39 D:/2.ANDROID/3.FlutterVSCode/projects/SHE Inspection System/backend/she-api/vendor/laravel/framework/src/Illuminate/Foundation/Http/Middleware/PreventRequestsDuringMaintenance.php(110): Illuminate/Pipeline/Pipeline->Illuminate/Pipeline/{closure}(Object(Illuminate/Http/Request))
#40 D:/2.ANDROID/3.FlutterVSCode/projects/SHE Inspection System/backend/she-api/vendor/laravel/framework/src/Illuminate/Pipeline/Pipeline.php(209): Illuminate/Foundation/Http/Middleware/PreventRequestsDuringMaintenance->handle(Object(Illuminate/Http/Request), Object(Closure))
#41 D:/2.ANDROID/3.FlutterVSCode/projects/SHE Inspection System/backend/she-api/vendor/laravel/framework/src/Illuminate/Http/Middleware/HandleCors.php(62): Illuminate/Pipeline/Pipeline->Illuminate/Pipeline/{closure}(Object(Illuminate/Http/Request))
#42 D:/2.ANDROID/3.FlutterVSCode/projects/SHE Inspection System/backend/she-api/vendor/laravel/framework/src/Illuminate/Pipeline/Pipeline.php(209): Illuminate/Http/Middleware/HandleCors->handle(Object(Illuminate/Http/Request), Object(Closure))
#43 D:/2.ANDROID/3.FlutterVSCode/projects/SHE Inspection System/backend/she-api/vendor/laravel/framework/src/Illuminate/Http/Middleware/TrustProxies.php(58): Illuminate/Pipeline/Pipeline->Illuminate/Pipeline/{closure}(Object(Illuminate/Http/Request))
#44 D:/2.ANDROID/3.FlutterVSCode/projects/SHE Inspection System/backend/she-api/vendor/laravel/framework/src/Illuminate/Pipeline/Pipeline.php(209): Illuminate/Http/Middleware/TrustProxies->handle(Object(Illuminate/Http/Request), Object(Closure))
#45 D:/2.ANDROID/3.FlutterVSCode/projects/SHE Inspection System/backend/she-api/vendor/laravel/framework/src/Illuminate/Foundation/Http/Middleware/InvokeDeferredCallbacks.php(22): Illuminate/Pipeline/Pipeline->Illuminate/Pipeline/{closure}(Object(Illuminate/Http/Request))
#46 D:/2.ANDROID/3.FlutterVSCode/projects/SHE Inspection System/backend/she-api/vendor/laravel/framework/src/Illuminate/Pipeline/Pipeline.php(209): Illuminate/Foundation/Http/Middleware/InvokeDeferredCallbacks->handle(Object(Illuminate/Http/Request), Object(Closure))
#47 D:/2.ANDROID/3.FlutterVSCode/projects/SHE Inspection System/backend/she-api/vendor/laravel/framework/src/Illuminate/Pipeline/Pipeline.php(127): Illuminate/Pipeline/Pipeline->Illuminate/Pipeline/{closure}(Object(Illuminate/Http/Request))
#48 D:/2.ANDROID/3.FlutterVSCode/projects/SHE Inspection System/backend/she-api/vendor/laravel/framework/src/Illuminate/Foundation/Http/Kernel.php(176): Illuminate/Pipeline/Pipeline->then(Object(Closure))
#49 D:/2.ANDROID/3.FlutterVSCode/projects/SHE Inspection System/backend/she-api/vendor/laravel/framework/src/Illuminate/Foundation/Http/Kernel.php(145): Illuminate/Foundation/Http/Kernel->sendRequestThroughRouter(Object(Illuminate/Http/Request))
#50 D:/2.ANDROID/3.FlutterVSCode/projects/SHE Inspection System/backend/she-api/vendor/laravel/framework/src/Illuminate/Foundation/Application.php(1220): Illuminate/Foundation/Http/Kernel->handle(Object(Illuminate/Http/Request))
#51 D:/2.ANDROID/3.FlutterVSCode/projects/SHE Inspection System/backend/she-api/public/index.php(20): Illuminate/Foundation/Application->handleRequest(Object(Illuminate/Http/Request))
#52 D:/2.ANDROID/3.FlutterVSCode/projects/SHE Inspection System/backend/she-api/vendor/laravel/framework/src/Illuminate/Foundation/resources/server.php(23): require_once('D://2.ANDROID//3....')
#53 {main}

[previous exception] [object] (PDOException(code: 42S22): SQLSTATE[42S22]: Column not found: 1054 Unknown column 'level' in 'field list' at D:/2.ANDROID/3.FlutterVSCode/projects/SHE Inspection System/backend/she-api/vendor/laravel/framework/src/Illuminate/Database/MySqlConnection.php:47)
[stacktrace]
#0 D:/2.ANDROID/3.FlutterVSCode/projects/SHE Inspection System/backend/she-api/vendor/laravel/framework/src/Illuminate/Database/MySqlConnection.php(47): PDO->prepare('insert into `in...')
#1 D:/2.ANDROID/3.FlutterVSCode/projects/SHE Inspection System/backend/she-api/vendor/laravel/framework/src/Illuminate/Database/Connection.php(812): Illuminate/Database/MySqlConnection->Illuminate/Database/{closure}('insert into `in...', Array)
#2 D:/2.ANDROID/3.FlutterVSCode/projects/SHE Inspection System/backend/she-api/vendor/laravel/framework/src/Illuminate/Database/Connection.php(779): Illuminate/Database/Connection->runQueryCallback('insert into `in...', Array, Object(Closure))
#3 D:/2.ANDROID/3.FlutterVSCode/projects/SHE Inspection System/backend/she-api/vendor/laravel/framework/src/Illuminate/Database/MySqlConnection.php(42): Illuminate/Database/Connection->run('insert into `in...', Array, Object(Closure))
#4 D:/2.ANDROID/3.FlutterVSCode/projects/SHE Inspection System/backend/she-api/vendor/laravel/framework/src/Illuminate/Database/Query/Processors/MySqlProcessor.php(35): Illuminate/Database/MySqlConnection->insert('insert into `in...', Array, 'id')
#5 D:/2.ANDROID/3.FlutterVSCode/projects/SHE Inspection System/backend/she-api/vendor/laravel/framework/src/Illuminate/Database/Query/Builder.php(3766): Illuminate/Database/Query/Processors/MySqlProcessor->processInsertGetId(Object(Illuminate/Database/Query/Builder), 'insert into `in...', Array, 'id')
#6 D:/2.ANDROID/3.FlutterVSCode/projects/SHE Inspection System/backend/she-api/vendor/laravel/framework/src/Illuminate/Database/Eloquent/Builder.php(2120): Illuminate/Database/Query/Builder->insertGetId(Array, 'id')
#7 D:/2.ANDROID/3.FlutterVSCode/projects/SHE Inspection System/backend/she-api/vendor/laravel/framework/src/Illuminate/Database/Eloquent/Model.php(1359): Illuminate/Database/Eloquent/Builder->__call('insertGetId', Array)
#8 D:/2.ANDROID/3.FlutterVSCode/projects/SHE Inspection System/backend/she-api/vendor/laravel/framework/src/Illuminate/Database/Eloquent/Model.php(1324): Illuminate/Database/Eloquent/Model->insertAndSetId(Object(Illuminate/Database/Eloquent/Builder), Array)
#9 D:/2.ANDROID/3.FlutterVSCode/projects/SHE Inspection System/backend/she-api/vendor/laravel/framework/src/Illuminate/Database/Eloquent/Model.php(1163): Illuminate/Database/Eloquent/Model->performInsert(Object(Illuminate/Database/Eloquent/Builder))
#10 D:/2.ANDROID/3.FlutterVSCode/projects/SHE Inspection System/backend/she-api/vendor/laravel/framework/src/Illuminate/Database/Eloquent/Builder.php(1128): Illuminate/Database/Eloquent/Model->save()
#11 D:/2.ANDROID/3.FlutterVSCode/projects/SHE Inspection System/backend/she-api/vendor/laravel/framework/src/Illuminate/Support/helpers.php(399): Illuminate/Database/Eloquent/Builder->Illuminate/Database/Eloquent/{closure}(Object(App/Models/IncidentType))
#12 D:/2.ANDROID/3.FlutterVSCode/projects/SHE Inspection System/backend/she-api/vendor/laravel/framework/src/Illuminate/Database/Eloquent/Builder.php(1127): tap(Object(App/Models/IncidentType), Object(Closure))
#13 D:/2.ANDROID/3.FlutterVSCode/projects/SHE Inspection System/backend/she-api/vendor/laravel/framework/src/Illuminate/Support/Traits/ForwardsCalls.php(23): Illuminate/Database/Eloquent/Builder->create(Array)
#14 D:/2.ANDROID/3.FlutterVSCode/projects/SHE Inspection System/backend/she-api/vendor/laravel/framework/src/Illuminate/Database/Eloquent/Model.php(2372): Illuminate/Database/Eloquent/Model->forwardCallTo(Object(Illuminate/Database/Eloquent/Builder), 'create', Array)
#15 D:/2.ANDROID/3.FlutterVSCode/projects/SHE Inspection System/backend/she-api/vendor/laravel/framework/src/Illuminate/Database/Eloquent/Model.php(2384): Illuminate/Database/Eloquent/Model->__call('create', Array)
#16 D:/2.ANDROID/3.FlutterVSCode/projects/SHE Inspection System/backend/she-api/app/Http/Controllers/Api/IncidentTypeController.php(29): Illuminate/Database/Eloquent/Model::__callStatic('create', Array)
#17 D:/2.ANDROID/3.FlutterVSCode/projects/SHE Inspection System/backend/she-api/vendor/laravel/framework/src/Illuminate/Routing/ControllerDispatcher.php(47): App/Http/Controllers/Api/IncidentTypeController->store(Object(Illuminate/Http/Request))
#18 D:/2.ANDROID/3.FlutterVSCode/projects/SHE Inspection System/backend/she-api/vendor/laravel/framework/src/Illuminate/Routing/Route.php(266): Illuminate/Routing/ControllerDispatcher->dispatch(Object(Illuminate/Routing/Route), Object(App/Http/Controllers/Api/IncidentTypeController), 'store')
#19 D:/2.ANDROID/3.FlutterVSCode/projects/SHE Inspection System/backend/she-api/vendor/laravel/framework/src/Illuminate/Routing/Route.php(212): Illuminate/Routing/Route->runController()
#20 D:/2.ANDROID/3.FlutterVSCode/projects/SHE Inspection System/backend/she-api/vendor/laravel/framework/src/Illuminate/Routing/Router.php(808): Illuminate/Routing/Route->run()
#21 D:/2.ANDROID/3.FlutterVSCode/projects/SHE Inspection System/backend/she-api/vendor/laravel/framework/src/Illuminate/Pipeline/Pipeline.php(170): Illuminate/Routing/Router->Illuminate/Routing/{closure}(Object(Illuminate/Http/Request))
#22 D:/2.ANDROID/3.FlutterVSCode/projects/SHE Inspection System/backend/she-api/vendor/laravel/framework/src/Illuminate/Routing/Middleware/SubstituteBindings.php(51): Illuminate/Pipeline/Pipeline->Illuminate/Pipeline/{closure}(Object(Illuminate/Http/Request))
#23 D:/2.ANDROID/3.FlutterVSCode/projects/SHE Inspection System/backend/she-api/vendor/laravel/framework/src/Illuminate/Pipeline/Pipeline.php(209): Illuminate/Routing/Middleware/SubstituteBindings->handle(Object(Illuminate/Http/Request), Object(Closure))
#24 D:/2.ANDROID/3.FlutterVSCode/projects/SHE Inspection System/backend/she-api/vendor/laravel/framework/src/Illuminate/Auth/Middleware/Authenticate.php(64): Illuminate/Pipeline/Pipeline->Illuminate/Pipeline/{closure}(Object(Illuminate/Http/Request))
#25 D:/2.ANDROID/3.FlutterVSCode/projects/SHE Inspection System/backend/she-api/vendor/laravel/framework/src/Illuminate/Pipeline/Pipeline.php(209): Illuminate/Auth/Middleware/Authenticate->handle(Object(Illuminate/Http/Request), Object(Closure), 'sanctum')
#26 D:/2.ANDROID/3.FlutterVSCode/projects/SHE Inspection System/backend/she-api/vendor/laravel/framework/src/Illuminate/Pipeline/Pipeline.php(127): Illuminate/Pipeline/Pipeline->Illuminate/Pipeline/{closure}(Object(Illuminate/Http/Request))
#27 D:/2.ANDROID/3.FlutterVSCode/projects/SHE Inspection System/backend/she-api/vendor/laravel/framework/src/Illuminate/Routing/Router.php(807): Illuminate/Pipeline/Pipeline->then(Object(Closure))
#28 D:/2.ANDROID/3.FlutterVSCode/projects/SHE Inspection System/backend/she-api/vendor/laravel/framework/src/Illuminate/Routing/Router.php(786): Illuminate/Routing/Router->runRouteWithinStack(Object(Illuminate/Routing/Route), Object(Illuminate/Http/Request))
#29 D:/2.ANDROID/3.FlutterVSCode/projects/SHE Inspection System/backend/she-api/vendor/laravel/framework/src/Illuminate/Routing/Router.php(750): Illuminate/Routing/Router->runRoute(Object(Illuminate/Http/Request), Object(Illuminate/Routing/Route))
#30 D:/2.ANDROID/3.FlutterVSCode/projects/SHE Inspection System/backend/she-api/vendor/laravel/framework/src/Illuminate/Routing/Router.php(739): Illuminate/Routing/Router->dispatchToRoute(Object(Illuminate/Http/Request))
#31 D:/2.ANDROID/3.FlutterVSCode/projects/SHE Inspection System/backend/she-api/vendor/laravel/framework/src/Illuminate/Foundation/Http/Kernel.php(201): Illuminate/Routing/Router->dispatch(Object(Illuminate/Http/Request))
#32 D:/2.ANDROID/3.FlutterVSCode/projects/SHE Inspection System/backend/she-api/vendor/laravel/framework/src/Illuminate/Pipeline/Pipeline.php(170): Illuminate/Foundation/Http/Kernel->Illuminate/Foundation/Http/{closure}(Object(Illuminate/Http/Request))
#33 D:/2.ANDROID/3.FlutterVSCode/projects/SHE Inspection System/backend/she-api/vendor/laravel/framework/src/Illuminate/Foundation/Http/Middleware/TransformsRequest.php(21): Illuminate/Pipeline/Pipeline->Illuminate/Pipeline/{closure}(Object(Illuminate/Http/Request))
#34 D:/2.ANDROID/3.FlutterVSCode/projects/SHE Inspection System/backend/she-api/vendor/laravel/framework/src/Illuminate/Foundation/Http/Middleware/ConvertEmptyStringsToNull.php(31): Illuminate/Foundation/Http/Middleware/TransformsRequest->handle(Object(Illuminate/Http/Request), Object(Closure))
#35 D:/2.ANDROID/3.FlutterVSCode/projects/SHE Inspection System/backend/she-api/vendor/laravel/framework/src/Illuminate/Pipeline/Pipeline.php(209): Illuminate/Foundation/Http/Middleware/ConvertEmptyStringsToNull->handle(Object(Illuminate/Http/Request), Object(Closure))
#36 D:/2.ANDROID/3.FlutterVSCode/projects/SHE Inspection System/backend/she-api/vendor/laravel/framework/src/Illuminate/Foundation/Http/Middleware/TransformsRequest.php(21): Illuminate/Pipeline/Pipeline->Illuminate/Pipeline/{closure}(Object(Illuminate/Http/Request))
#37 D:/2.ANDROID/3.FlutterVSCode/projects/SHE Inspection System/backend/she-api/vendor/laravel/framework/src/Illuminate/Foundation/Http/Middleware/TrimStrings.php(51): Illuminate/Foundation/Http/Middleware/TransformsRequest->handle(Object(Illuminate/Http/Request), Object(Closure))
#38 D:/2.ANDROID/3.FlutterVSCode/projects/SHE Inspection System/backend/she-api/vendor/laravel/framework/src/Illuminate/Pipeline/Pipeline.php(209): Illuminate/Foundation/Http/Middleware/TrimStrings->handle(Object(Illuminate/Http/Request), Object(Closure))
#39 D:/2.ANDROID/3.FlutterVSCode/projects/SHE Inspection System/backend/she-api/vendor/laravel/framework/src/Illuminate/Http/Middleware/ValidatePostSize.php(27): Illuminate/Pipeline/Pipeline->Illuminate/Pipeline/{closure}(Object(Illuminate/Http/Request))
#40 D:/2.ANDROID/3.FlutterVSCode/projects/SHE Inspection System/backend/she-api/vendor/laravel/framework/src/Illuminate/Pipeline/Pipeline.php(209): Illuminate/Http/Middleware/ValidatePostSize->handle(Object(Illuminate/Http/Request), Object(Closure))
#41 D:/2.ANDROID/3.FlutterVSCode/projects/SHE Inspection System/backend/she-api/vendor/laravel/framework/src/Illuminate/Foundation/Http/Middleware/PreventRequestsDuringMaintenance.php(110): Illuminate/Pipeline/Pipeline->Illuminate/Pipeline/{closure}(Object(Illuminate/Http/Request))
#42 D:/2.ANDROID/3.FlutterVSCode/projects/SHE Inspection System/backend/she-api/vendor/laravel/framework/src/Illuminate/Pipeline/Pipeline.php(209): Illuminate/Foundation/Http/Middleware/PreventRequestsDuringMaintenance->handle(Object(Illuminate/Http/Request), Object(Closure))
#43 D:/2.ANDROID/3.FlutterVSCode/projects/SHE Inspection System/backend/she-api/vendor/laravel/framework/src/Illuminate/Http/Middleware/HandleCors.php(62): Illuminate/Pipeline/Pipeline->Illuminate/Pipeline/{closure}(Object(Illuminate/Http/Request))
#44 D:/2.ANDROID/3.FlutterVSCode/projects/SHE Inspection System/backend/she-api/vendor/laravel/framework/src/Illuminate/Pipeline/Pipeline.php(209): Illuminate/Http/Middleware/HandleCors->handle(Object(Illuminate/Http/Request), Object(Closure))
#45 D:/2.ANDROID/3.FlutterVSCode/projects/SHE Inspection System/backend/she-api/vendor/laravel/framework/src/Illuminate/Http/Middleware/TrustProxies.php(58): Illuminate/Pipeline/Pipeline->Illuminate/Pipeline/{closure}(Object(Illuminate/Http/Request))
#46 D:/2.ANDROID/3.FlutterVSCode/projects/SHE Inspection System/backend/she-api/vendor/laravel/framework/src/Illuminate/Pipeline/Pipeline.php(209): Illuminate/Http/Middleware/TrustProxies->handle(Object(Illuminate/Http/Request), Object(Closure))
#47 D:/2.ANDROID/3.FlutterVSCode/projects/SHE Inspection System/backend/she-api/vendor/laravel/framework/src/Illuminate/Foundation/Http/Middleware/InvokeDeferredCallbacks.php(22): Illuminate/Pipeline/Pipeline->Illuminate/Pipeline/{closure}(Object(Illuminate/Http/Request))
#48 D:/2.ANDROID/3.FlutterVSCode/projects/SHE Inspection System/backend/she-api/vendor/laravel/framework/src/Illuminate/Pipeline/Pipeline.php(209): Illuminate/Foundation/Http/Middleware/InvokeDeferredCallbacks->handle(Object(Illuminate/Http/Request), Object(Closure))
#49 D:/2.ANDROID/3.FlutterVSCode/projects/SHE Inspection System/backend/she-api/vendor/laravel/framework/src/Illuminate/Pipeline/Pipeline.php(127): Illuminate/Pipeline/Pipeline->Illuminate/Pipeline/{closure}(Object(Illuminate/Http/Request))
#50 D:/2.ANDROID/3.FlutterVSCode/projects/SHE Inspection System/backend/she-api/vendor/laravel/framework/src/Illuminate/Foundation/Http/Kernel.php(176): Illuminate/Pipeline/Pipeline->then(Object(Closure))
#51 D:/2.ANDROID/3.FlutterVSCode/projects/SHE Inspection System/backend/she-api/vendor/laravel/framework/src/Illuminate/Foundation/Http/Kernel.php(145): Illuminate/Foundation/Http/Kernel->sendRequestThroughRouter(Object(Illuminate/Http/Request))
#52 D:/2.ANDROID/3.FlutterVSCode/projects/SHE Inspection System/backend/she-api/vendor/laravel/framework/src/Illuminate/Foundation/Application.php(1220): Illuminate/Foundation/Http/Kernel->handle(Object(Illuminate/Http/Request))
#53 D:/2.ANDROID/3.FlutterVSCode/projects/SHE Inspection System/backend/she-api/public/index.php(20): Illuminate/Foundation/Application->handleRequest(Object(Illuminate/Http/Request))
#54 D:/2.ANDROID/3.FlutterVSCode/projects/SHE Inspection System/backend/she-api/vendor/laravel/framework/src/Illuminate/Foundation/resources/server.php(23): require_once('D://2.ANDROID//3....')
#55 {main}
"} 
[2026-07-01 14:00:51] local.ERROR: SQLSTATE[42S22]: Column not found: 1054 Unknown column 'level' in 'field list' (Connection: mysql, SQL: insert into `incident_types` (`name`, `level`, `updated_at`, `created_at`) values (Test Incident, C, 2026-07-01 14:00:51, 2026-07-01 14:00:51)) {"userId":1,"exception":"[object] (Illuminate\\Database\\QueryException(code: 42S22): SQLSTATE[42S22]: Column not found: 1054 Unknown column 'level' in 'field list' (Connection: mysql, SQL: insert into `incident_types` (`name`, `level`, `updated_at`, `created_at`) values (Test Incident, C, 2026-07-01 14:00:51, 2026-07-01 14:00:51)) at D:/2.ANDROID/3.FlutterVSCode/projects/SHE Inspection System/backend/she-api/vendor/laravel/framework/src/Illuminate/Database/Connection.php:825)
[stacktrace]
#0 D:/2.ANDROID/3.FlutterVSCode/projects/SHE Inspection System/backend/she-api/vendor/laravel/framework/src/Illuminate/Database/Connection.php(779): Illuminate/Database/Connection->runQueryCallback('insert into `in...', Array, Object(Closure))
#1 D:/2.ANDROID/3.FlutterVSCode/projects/SHE Inspection System/backend/she-api/vendor/laravel/framework/src/Illuminate/Database/MySqlConnection.php(42): Illuminate/Database/Connection->run('insert into `in...', Array, Object(Closure))
#2 D:/2.ANDROID/3.FlutterVSCode/projects/SHE Inspection System/backend/she-api/vendor/laravel/framework/src/Illuminate/Database/Query/Processors/MySqlProcessor.php(35): Illuminate/Database/MySqlConnection->insert('insert into `in...', Array, 'id')
#3 D:/2.ANDROID/3.FlutterVSCode/projects/SHE Inspection System/backend/she-api/vendor/laravel/framework/src/Illuminate/Database/Query/Builder.php(3766): Illuminate/Database/Query/Processors/MySqlProcessor->processInsertGetId(Object(Illuminate/Database/Query/Builder), 'insert into `in...', Array, 'id')
#4 D:/2.ANDROID/3.FlutterVSCode/projects/SHE Inspection System/backend/she-api/vendor/laravel/framework/src/Illuminate/Database/Eloquent/Builder.php(2120): Illuminate/Database/Query/Builder->insertGetId(Array, 'id')
#5 D:/2.ANDROID/3.FlutterVSCode/projects/SHE Inspection System/backend/she-api/vendor/laravel/framework/src/Illuminate/Database/Eloquent/Model.php(1359): Illuminate/Database/Eloquent/Builder->__call('insertGetId', Array)
#6 D:/2.ANDROID/3.FlutterVSCode/projects/SHE Inspection System/backend/she-api/vendor/laravel/framework/src/Illuminate/Database/Eloquent/Model.php(1324): Illuminate/Database/Eloquent/Model->insertAndSetId(Object(Illuminate/Database/Eloquent/Builder), Array)
#7 D:/2.ANDROID/3.FlutterVSCode/projects/SHE Inspection System/backend/she-api/vendor/laravel/framework/src/Illuminate/Database/Eloquent/Model.php(1163): Illuminate/Database/Eloquent/Model->performInsert(Object(Illuminate/Database/Eloquent/Builder))
#8 D:/2.ANDROID/3.FlutterVSCode/projects/SHE Inspection System/backend/she-api/vendor/laravel/framework/src/Illuminate/Database/Eloquent/Builder.php(1128): Illuminate/Database/Eloquent/Model->save()
#9 D:/2.ANDROID/3.FlutterVSCode/projects/SHE Inspection System/backend/she-api/vendor/laravel/framework/src/Illuminate/Support/helpers.php(399): Illuminate/Database/Eloquent/Builder->Illuminate/Database/Eloquent/{closure}(Object(App/Models/IncidentType))
#10 D:/2.ANDROID/3.FlutterVSCode/projects/SHE Inspection System/backend/she-api/vendor/laravel/framework/src/Illuminate/Database/Eloquent/Builder.php(1127): tap(Object(App/Models/IncidentType), Object(Closure))
#11 D:/2.ANDROID/3.FlutterVSCode/projects/SHE Inspection System/backend/she-api/vendor/laravel/framework/src/Illuminate/Support/Traits/ForwardsCalls.php(23): Illuminate/Database/Eloquent/Builder->create(Array)
#12 D:/2.ANDROID/3.FlutterVSCode/projects/SHE Inspection System/backend/she-api/vendor/laravel/framework/src/Illuminate/Database/Eloquent/Model.php(2372): Illuminate/Database/Eloquent/Model->forwardCallTo(Object(Illuminate/Database/Eloquent/Builder), 'create', Array)
#13 D:/2.ANDROID/3.FlutterVSCode/projects/SHE Inspection System/backend/she-api/vendor/laravel/framework/src/Illuminate/Database/Eloquent/Model.php(2384): Illuminate/Database/Eloquent/Model->__call('create', Array)
#14 D:/2.ANDROID/3.FlutterVSCode/projects/SHE Inspection System/backend/she-api/app/Http/Controllers/Api/IncidentTypeController.php(29): Illuminate/Database/Eloquent/Model::__callStatic('create', Array)
#15 D:/2.ANDROID/3.FlutterVSCode/projects/SHE Inspection System/backend/she-api/vendor/laravel/framework/src/Illuminate/Routing/ControllerDispatcher.php(47): App/Http/Controllers/Api/IncidentTypeController->store(Object(Illuminate/Http/Request))
#16 D:/2.ANDROID/3.FlutterVSCode/projects/SHE Inspection System/backend/she-api/vendor/laravel/framework/src/Illuminate/Routing/Route.php(266): Illuminate/Routing/ControllerDispatcher->dispatch(Object(Illuminate/Routing/Route), Object(App/Http/Controllers/Api/IncidentTypeController), 'store')
#17 D:/2.ANDROID/3.FlutterVSCode/projects/SHE Inspection System/backend/she-api/vendor/laravel/framework/src/Illuminate/Routing/Route.php(212): Illuminate/Routing/Route->runController()
#18 D:/2.ANDROID/3.FlutterVSCode/projects/SHE Inspection System/backend/she-api/vendor/laravel/framework/src/Illuminate/Routing/Router.php(808): Illuminate/Routing/Route->run()
#19 D:/2.ANDROID/3.FlutterVSCode/projects/SHE Inspection System/backend/she-api/vendor/laravel/framework/src/Illuminate/Pipeline/Pipeline.php(170): Illuminate/Routing/Router->Illuminate/Routing/{closure}(Object(Illuminate/Http/Request))
#20 D:/2.ANDROID/3.FlutterVSCode/projects/SHE Inspection System/backend/she-api/vendor/laravel/framework/src/Illuminate/Routing/Middleware/SubstituteBindings.php(51): Illuminate/Pipeline/Pipeline->Illuminate/Pipeline/{closure}(Object(Illuminate/Http/Request))
#21 D:/2.ANDROID/3.FlutterVSCode/projects/SHE Inspection System/backend/she-api/vendor/laravel/framework/src/Illuminate/Pipeline/Pipeline.php(209): Illuminate/Routing/Middleware/SubstituteBindings->handle(Object(Illuminate/Http/Request), Object(Closure))
#22 D:/2.ANDROID/3.FlutterVSCode/projects/SHE Inspection System/backend/she-api/vendor/laravel/framework/src/Illuminate/Auth/Middleware/Authenticate.php(64): Illuminate/Pipeline/Pipeline->Illuminate/Pipeline/{closure}(Object(Illuminate/Http/Request))
#23 D:/2.ANDROID/3.FlutterVSCode/projects/SHE Inspection System/backend/she-api/vendor/laravel/framework/src/Illuminate/Pipeline/Pipeline.php(209): Illuminate/Auth/Middleware/Authenticate->handle(Object(Illuminate/Http/Request), Object(Closure), 'sanctum')
#24 D:/2.ANDROID/3.FlutterVSCode/projects/SHE Inspection System/backend/she-api/vendor/laravel/framework/src/Illuminate/Pipeline/Pipeline.php(127): Illuminate/Pipeline/Pipeline->Illuminate/Pipeline/{closure}(Object(Illuminate/Http/Request))
#25 D:/2.ANDROID/3.FlutterVSCode/projects/SHE Inspection System/backend/she-api/vendor/laravel/framework/src/Illuminate/Routing/Router.php(807): Illuminate/Pipeline/Pipeline->then(Object(Closure))
#26 D:/2.ANDROID/3.FlutterVSCode/projects/SHE Inspection System/backend/she-api/vendor/laravel/framework/src/Illuminate/Routing/Router.php(786): Illuminate/Routing/Router->runRouteWithinStack(Object(Illuminate/Routing/Route), Object(Illuminate/Http/Request))
#27 D:/2.ANDROID/3.FlutterVSCode/projects/SHE Inspection System/backend/she-api/vendor/laravel/framework/src/Illuminate/Routing/Router.php(750): Illuminate/Routing/Router->runRoute(Object(Illuminate/Http/Request), Object(Illuminate/Routing/Route))
#28 D:/2.ANDROID/3.FlutterVSCode/projects/SHE Inspection System/backend/she-api/vendor/laravel/framework/src/Illuminate/Routing/Router.php(739): Illuminate/Routing/Router->dispatchToRoute(Object(Illuminate/Http/Request))
#29 D:/2.ANDROID/3.FlutterVSCode/projects/SHE Inspection System/backend/she-api/vendor/laravel/framework/src/Illuminate/Foundation/Http/Kernel.php(201): Illuminate/Routing/Router->dispatch(Object(Illuminate/Http/Request))
#30 D:/2.ANDROID/3.FlutterVSCode/projects/SHE Inspection System/backend/she-api/vendor/laravel/framework/src/Illuminate/Pipeline/Pipeline.php(170): Illuminate/Foundation/Http/Kernel->Illuminate/Foundation/Http/{closure}(Object(Illuminate/Http/Request))
#31 D:/2.ANDROID/3.FlutterVSCode/projects/SHE Inspection System/backend/she-api/vendor/laravel/framework/src/Illuminate/Foundation/Http/Middleware/TransformsRequest.php(21): Illuminate/Pipeline/Pipeline->Illuminate/Pipeline/{closure}(Object(Illuminate/Http/Request))
#32 D:/2.ANDROID/3.FlutterVSCode/projects/SHE Inspection System/backend/she-api/vendor/laravel/framework/src/Illuminate/Foundation/Http/Middleware/ConvertEmptyStringsToNull.php(31): Illuminate/Foundation/Http/Middleware/TransformsRequest->handle(Object(Illuminate/Http/Request), Object(Closure))
#33 D:/2.ANDROID/3.FlutterVSCode/projects/SHE Inspection System/backend/she-api/vendor/laravel/framework/src/Illuminate/Pipeline/Pipeline.php(209): Illuminate/Foundation/Http/Middleware/ConvertEmptyStringsToNull->handle(Object(Illuminate/Http/Request), Object(Closure))
#34 D:/2.ANDROID/3.FlutterVSCode/projects/SHE Inspection System/backend/she-api/vendor/laravel/framework/src/Illuminate/Foundation/Http/Middleware/TransformsRequest.php(21): Illuminate/Pipeline/Pipeline->Illuminate/Pipeline/{closure}(Object(Illuminate/Http/Request))
#35 D:/2.ANDROID/3.FlutterVSCode/projects/SHE Inspection System/backend/she-api/vendor/laravel/framework/src/Illuminate/Foundation/Http/Middleware/TrimStrings.php(51): Illuminate/Foundation/Http/Middleware/TransformsRequest->handle(Object(Illuminate/Http/Request), Object(Closure))
#36 D:/2.ANDROID/3.FlutterVSCode/projects/SHE Inspection System/backend/she-api/vendor/laravel/framework/src/Illuminate/Pipeline/Pipeline.php(209): Illuminate/Foundation/Http/Middleware/TrimStrings->handle(Object(Illuminate/Http/Request), Object(Closure))
#37 D:/2.ANDROID/3.FlutterVSCode/projects/SHE Inspection System/backend/she-api/vendor/laravel/framework/src/Illuminate/Http/Middleware/ValidatePostSize.php(27): Illuminate/Pipeline/Pipeline->Illuminate/Pipeline/{closure}(Object(Illuminate/Http/Request))
#38 D:/2.ANDROID/3.FlutterVSCode/projects/SHE Inspection System/backend/she-api/vendor/laravel/framework/src/Illuminate/Pipeline/Pipeline.php(209): Illuminate/Http/Middleware/ValidatePostSize->handle(Object(Illuminate/Http/Request), Object(Closure))
#39 D:/2.ANDROID/3.FlutterVSCode/projects/SHE Inspection System/backend/she-api/vendor/laravel/framework/src/Illuminate/Foundation/Http/Middleware/PreventRequestsDuringMaintenance.php(110): Illuminate/Pipeline/Pipeline->Illuminate/Pipeline/{closure}(Object(Illuminate/Http/Request))
#40 D:/2.ANDROID/3.FlutterVSCode/projects/SHE Inspection System/backend/she-api/vendor/laravel/framework/src/Illuminate/Pipeline/Pipeline.php(209): Illuminate/Foundation/Http/Middleware/PreventRequestsDuringMaintenance->handle(Object(Illuminate/Http/Request), Object(Closure))
#41 D:/2.ANDROID/3.FlutterVSCode/projects/SHE Inspection System/backend/she-api/vendor/laravel/framework/src/Illuminate/Http/Middleware/HandleCors.php(62): Illuminate/Pipeline/Pipeline->Illuminate/Pipeline/{closure}(Object(Illuminate/Http/Request))
#42 D:/2.ANDROID/3.FlutterVSCode/projects/SHE Inspection System/backend/she-api/vendor/laravel/framework/src/Illuminate/Pipeline/Pipeline.php(209): Illuminate/Http/Middleware/HandleCors->handle(Object(Illuminate/Http/Request), Object(Closure))
#43 D:/2.ANDROID/3.FlutterVSCode/projects/SHE Inspection System/backend/she-api/vendor/laravel/framework/src/Illuminate/Http/Middleware/TrustProxies.php(58): Illuminate/Pipeline/Pipeline->Illuminate/Pipeline/{closure}(Object(Illuminate/Http/Request))
#44 D:/2.ANDROID/3.FlutterVSCode/projects/SHE Inspection System/backend/she-api/vendor/laravel/framework/src/Illuminate/Pipeline/Pipeline.php(209): Illuminate/Http/Middleware/TrustProxies->handle(Object(Illuminate/Http/Request), Object(Closure))
#45 D:/2.ANDROID/3.FlutterVSCode/projects/SHE Inspection System/backend/she-api/vendor/laravel/framework/src/Illuminate/Foundation/Http/Middleware/InvokeDeferredCallbacks.php(22): Illuminate/Pipeline/Pipeline->Illuminate/Pipeline/{closure}(Object(Illuminate/Http/Request))
#46 D:/2.ANDROID/3.FlutterVSCode/projects/SHE Inspection System/backend/she-api/vendor/laravel/framework/src/Illuminate/Pipeline/Pipeline.php(209): Illuminate/Foundation/Http/Middleware/InvokeDeferredCallbacks->handle(Object(Illuminate/Http/Request), Object(Closure))
#47 D:/2.ANDROID/3.FlutterVSCode/projects/SHE Inspection System/backend/she-api/vendor/laravel/framework/src/Illuminate/Pipeline/Pipeline.php(127): Illuminate/Pipeline/Pipeline->Illuminate/Pipeline/{closure}(Object(Illuminate/Http/Request))
#48 D:/2.ANDROID/3.FlutterVSCode/projects/SHE Inspection System/backend/she-api/vendor/laravel/framework/src/Illuminate/Foundation/Http/Kernel.php(176): Illuminate/Pipeline/Pipeline->then(Object(Closure))
#49 D:/2.ANDROID/3.FlutterVSCode/projects/SHE Inspection System/backend/she-api/vendor/laravel/framework/src/Illuminate/Foundation/Http/Kernel.php(145): Illuminate/Foundation/Http/Kernel->sendRequestThroughRouter(Object(Illuminate/Http/Request))
#50 D:/2.ANDROID/3.FlutterVSCode/projects/SHE Inspection System/backend/she-api/vendor/laravel/framework/src/Illuminate/Foundation/Application.php(1220): Illuminate/Foundation/Http/Kernel->handle(Object(Illuminate/Http/Request))
#51 D:/2.ANDROID/3.FlutterVSCode/projects/SHE Inspection System/backend/she-api/public/index.php(20): Illuminate/Foundation/Application->handleRequest(Object(Illuminate/Http/Request))
#52 D:/2.ANDROID/3.FlutterVSCode/projects/SHE Inspection System/backend/she-api/vendor/laravel/framework/src/Illuminate/Foundation/resources/server.php(23): require_once('D://2.ANDROID//3....')
#53 {main}

[previous exception] [object] (PDOException(code: 42S22): SQLSTATE[42S22]: Column not found: 1054 Unknown column 'level' in 'field list' at D:/2.ANDROID/3.FlutterVSCode/projects/SHE Inspection System/backend/she-api/vendor/laravel/framework/src/Illuminate/Database/MySqlConnection.php:47)
[stacktrace]
#0 D:/2.ANDROID/3.FlutterVSCode/projects/SHE Inspection System/backend/she-api/vendor/laravel/framework/src/Illuminate/Database/MySqlConnection.php(47): PDO->prepare('insert into `in...')
#1 D:/2.ANDROID/3.FlutterVSCode/projects/SHE Inspection System/backend/she-api/vendor/laravel/framework/src/Illuminate/Database/Connection.php(812): Illuminate/Database/MySqlConnection->Illuminate/Database/{closure}('insert into `in...', Array)
#2 D:/2.ANDROID/3.FlutterVSCode/projects/SHE Inspection System/backend/she-api/vendor/laravel/framework/src/Illuminate/Database/Connection.php(779): Illuminate/Database/Connection->runQueryCallback('insert into `in...', Array, Object(Closure))
#3 D:/2.ANDROID/3.FlutterVSCode/projects/SHE Inspection System/backend/she-api/vendor/laravel/framework/src/Illuminate/Database/MySqlConnection.php(42): Illuminate/Database/Connection->run('insert into `in...', Array, Object(Closure))
#4 D:/2.ANDROID/3.FlutterVSCode/projects/SHE Inspection System/backend/she-api/vendor/laravel/framework/src/Illuminate/Database/Query/Processors/MySqlProcessor.php(35): Illuminate/Database/MySqlConnection->insert('insert into `in...', Array, 'id')
#5 D:/2.ANDROID/3.FlutterVSCode/projects/SHE Inspection System/backend/she-api/vendor/laravel/framework/src/Illuminate/Database/Query/Builder.php(3766): Illuminate/Database/Query/Processors/MySqlProcessor->processInsertGetId(Object(Illuminate/Database/Query/Builder), 'insert into `in...', Array, 'id')
#6 D:/2.ANDROID/3.FlutterVSCode/projects/SHE Inspection System/backend/she-api/vendor/laravel/framework/src/Illuminate/Database/Eloquent/Builder.php(2120): Illuminate/Database/Query/Builder->insertGetId(Array, 'id')
#7 D:/2.ANDROID/3.FlutterVSCode/projects/SHE Inspection System/backend/she-api/vendor/laravel/framework/src/Illuminate/Database/Eloquent/Model.php(1359): Illuminate/Database/Eloquent/Builder->__call('insertGetId', Array)
#8 D:/2.ANDROID/3.FlutterVSCode/projects/SHE Inspection System/backend/she-api/vendor/laravel/framework/src/Illuminate/Database/Eloquent/Model.php(1324): Illuminate/Database/Eloquent/Model->insertAndSetId(Object(Illuminate/Database/Eloquent/Builder), Array)
#9 D:/2.ANDROID/3.FlutterVSCode/projects/SHE Inspection System/backend/she-api/vendor/laravel/framework/src/Illuminate/Database/Eloquent/Model.php(1163): Illuminate/Database/Eloquent/Model->performInsert(Object(Illuminate/Database/Eloquent/Builder))
#10 D:/2.ANDROID/3.FlutterVSCode/projects/SHE Inspection System/backend/she-api/vendor/laravel/framework/src/Illuminate/Database/Eloquent/Builder.php(1128): Illuminate/Database/Eloquent/Model->save()
#11 D:/2.ANDROID/3.FlutterVSCode/projects/SHE Inspection System/backend/she-api/vendor/laravel/framework/src/Illuminate/Support/helpers.php(399): Illuminate/Database/Eloquent/Builder->Illuminate/Database/Eloquent/{closure}(Object(App/Models/IncidentType))
#12 D:/2.ANDROID/3.FlutterVSCode/projects/SHE Inspection System/backend/she-api/vendor/laravel/framework/src/Illuminate/Database/Eloquent/Builder.php(1127): tap(Object(App/Models/IncidentType), Object(Closure))
#13 D:/2.ANDROID/3.FlutterVSCode/projects/SHE Inspection System/backend/she-api/vendor/laravel/framework/src/Illuminate/Support/Traits/ForwardsCalls.php(23): Illuminate/Database/Eloquent/Builder->create(Array)
#14 D:/2.ANDROID/3.FlutterVSCode/projects/SHE Inspection System/backend/she-api/vendor/laravel/framework/src/Illuminate/Database/Eloquent/Model.php(2372): Illuminate/Database/Eloquent/Model->forwardCallTo(Object(Illuminate/Database/Eloquent/Builder), 'create', Array)
#15 D:/2.ANDROID/3.FlutterVSCode/projects/SHE Inspection System/backend/she-api/vendor/laravel/framework/src/Illuminate/Database/Eloquent/Model.php(2384): Illuminate/Database/Eloquent/Model->__call('create', Array)
#16 D:/2.ANDROID/3.FlutterVSCode/projects/SHE Inspection System/backend/she-api/app/Http/Controllers/Api/IncidentTypeController.php(29): Illuminate/Database/Eloquent/Model::__callStatic('create', Array)
#17 D:/2.ANDROID/3.FlutterVSCode/projects/SHE Inspection System/backend/she-api/vendor/laravel/framework/src/Illuminate/Routing/ControllerDispatcher.php(47): App/Http/Controllers/Api/IncidentTypeController->store(Object(Illuminate/Http/Request))
#18 D:/2.ANDROID/3.FlutterVSCode/projects/SHE Inspection System/backend/she-api/vendor/laravel/framework/src/Illuminate/Routing/Route.php(266): Illuminate/Routing/ControllerDispatcher->dispatch(Object(Illuminate/Routing/Route), Object(App/Http/Controllers/Api/IncidentTypeController), 'store')
#19 D:/2.ANDROID/3.FlutterVSCode/projects/SHE Inspection System/backend/she-api/vendor/laravel/framework/src/Illuminate/Routing/Route.php(212): Illuminate/Routing/Route->runController()
#20 D:/2.ANDROID/3.FlutterVSCode/projects/SHE Inspection System/backend/she-api/vendor/laravel/framework/src/Illuminate/Routing/Router.php(808): Illuminate/Routing/Route->run()
#21 D:/2.ANDROID/3.FlutterVSCode/projects/SHE Inspection System/backend/she-api/vendor/laravel/framework/src/Illuminate/Pipeline/Pipeline.php(170): Illuminate/Routing/Router->Illuminate/Routing/{closure}(Object(Illuminate/Http/Request))
#22 D:/2.ANDROID/3.FlutterVSCode/projects/SHE Inspection System/backend/she-api/vendor/laravel/framework/src/Illuminate/Routing/Middleware/SubstituteBindings.php(51): Illuminate/Pipeline/Pipeline->Illuminate/Pipeline/{closure}(Object(Illuminate/Http/Request))
#23 D:/2.ANDROID/3.FlutterVSCode/projects/SHE Inspection System/backend/she-api/vendor/laravel/framework/src/Illuminate/Pipeline/Pipeline.php(209): Illuminate/Routing/Middleware/SubstituteBindings->handle(Object(Illuminate/Http/Request), Object(Closure))
#24 D:/2.ANDROID/3.FlutterVSCode/projects/SHE Inspection System/backend/she-api/vendor/laravel/framework/src/Illuminate/Auth/Middleware/Authenticate.php(64): Illuminate/Pipeline/Pipeline->Illuminate/Pipeline/{closure}(Object(Illuminate/Http/Request))
#25 D:/2.ANDROID/3.FlutterVSCode/projects/SHE Inspection System/backend/she-api/vendor/laravel/framework/src/Illuminate/Pipeline/Pipeline.php(209): Illuminate/Auth/Middleware/Authenticate->handle(Object(Illuminate/Http/Request), Object(Closure), 'sanctum')
#26 D:/2.ANDROID/3.FlutterVSCode/projects/SHE Inspection System/backend/she-api/vendor/laravel/framework/src/Illuminate/Pipeline/Pipeline.php(127): Illuminate/Pipeline/Pipeline->Illuminate/Pipeline/{closure}(Object(Illuminate/Http/Request))
#27 D:/2.ANDROID/3.FlutterVSCode/projects/SHE Inspection System/backend/she-api/vendor/laravel/framework/src/Illuminate/Routing/Router.php(807): Illuminate/Pipeline/Pipeline->then(Object(Closure))
#28 D:/2.ANDROID/3.FlutterVSCode/projects/SHE Inspection System/backend/she-api/vendor/laravel/framework/src/Illuminate/Routing/Router.php(786): Illuminate/Routing/Router->runRouteWithinStack(Object(Illuminate/Routing/Route), Object(Illuminate/Http/Request))
#29 D:/2.ANDROID/3.FlutterVSCode/projects/SHE Inspection System/backend/she-api/vendor/laravel/framework/src/Illuminate/Routing/Router.php(750): Illuminate/Routing/Router->runRoute(Object(Illuminate/Http/Request), Object(Illuminate/Routing/Route))
#30 D:/2.ANDROID/3.FlutterVSCode/projects/SHE Inspection System/backend/she-api/vendor/laravel/framework/src/Illuminate/Routing/Router.php(739): Illuminate/Routing/Router->dispatchToRoute(Object(Illuminate/Http/Request))
#31 D:/2.ANDROID/3.FlutterVSCode/projects/SHE Inspection System/backend/she-api/vendor/laravel/framework/src/Illuminate/Foundation/Http/Kernel.php(201): Illuminate/Routing/Router->dispatch(Object(Illuminate/Http/Request))
#32 D:/2.ANDROID/3.FlutterVSCode/projects/SHE Inspection System/backend/she-api/vendor/laravel/framework/src/Illuminate/Pipeline/Pipeline.php(170): Illuminate/Foundation/Http/Kernel->Illuminate/Foundation/Http/{closure}(Object(Illuminate/Http/Request))
#33 D:/2.ANDROID/3.FlutterVSCode/projects/SHE Inspection System/backend/she-api/vendor/laravel/framework/src/Illuminate/Foundation/Http/Middleware/TransformsRequest.php(21): Illuminate/Pipeline/Pipeline->Illuminate/Pipeline/{closure}(Object(Illuminate/Http/Request))
#34 D:/2.ANDROID/3.FlutterVSCode/projects/SHE Inspection System/backend/she-api/vendor/laravel/framework/src/Illuminate/Foundation/Http/Middleware/ConvertEmptyStringsToNull.php(31): Illuminate/Foundation/Http/Middleware/TransformsRequest->handle(Object(Illuminate/Http/Request), Object(Closure))
#35 D:/2.ANDROID/3.FlutterVSCode/projects/SHE Inspection System/backend/she-api/vendor/laravel/framework/src/Illuminate/Pipeline/Pipeline.php(209): Illuminate/Foundation/Http/Middleware/ConvertEmptyStringsToNull->handle(Object(Illuminate/Http/Request), Object(Closure))
#36 D:/2.ANDROID/3.FlutterVSCode/projects/SHE Inspection System/backend/she-api/vendor/laravel/framework/src/Illuminate/Foundation/Http/Middleware/TransformsRequest.php(21): Illuminate/Pipeline/Pipeline->Illuminate/Pipeline/{closure}(Object(Illuminate/Http/Request))
#37 D:/2.ANDROID/3.FlutterVSCode/projects/SHE Inspection System/backend/she-api/vendor/laravel/framework/src/Illuminate/Foundation/Http/Middleware/TrimStrings.php(51): Illuminate/Foundation/Http/Middleware/TransformsRequest->handle(Object(Illuminate/Http/Request), Object(Closure))
#38 D:/2.ANDROID/3.FlutterVSCode/projects/SHE Inspection System/backend/she-api/vendor/laravel/framework/src/Illuminate/Pipeline/Pipeline.php(209): Illuminate/Foundation/Http/Middleware/TrimStrings->handle(Object(Illuminate/Http/Request), Object(Closure))
#39 D:/2.ANDROID/3.FlutterVSCode/projects/SHE Inspection System/backend/she-api/vendor/laravel/framework/src/Illuminate/Http/Middleware/ValidatePostSize.php(27): Illuminate/Pipeline/Pipeline->Illuminate/Pipeline/{closure}(Object(Illuminate/Http/Request))
#40 D:/2.ANDROID/3.FlutterVSCode/projects/SHE Inspection System/backend/she-api/vendor/laravel/framework/src/Illuminate/Pipeline/Pipeline.php(209): Illuminate/Http/Middleware/ValidatePostSize->handle(Object(Illuminate/Http/Request), Object(Closure))
#41 D:/2.ANDROID/3.FlutterVSCode/projects/SHE Inspection System/backend/she-api/vendor/laravel/framework/src/Illuminate/Foundation/Http/Middleware/PreventRequestsDuringMaintenance.php(110): Illuminate/Pipeline/Pipeline->Illuminate/Pipeline/{closure}(Object(Illuminate/Http/Request))
#42 D:/2.ANDROID/3.FlutterVSCode/projects/SHE Inspection System/backend/she-api/vendor/laravel/framework/src/Illuminate/Pipeline/Pipeline.php(209): Illuminate/Foundation/Http/Middleware/PreventRequestsDuringMaintenance->handle(Object(Illuminate/Http/Request), Object(Closure))
#43 D:/2.ANDROID/3.FlutterVSCode/projects/SHE Inspection System/backend/she-api/vendor/laravel/framework/src/Illuminate/Http/Middleware/HandleCors.php(62): Illuminate/Pipeline/Pipeline->Illuminate/Pipeline/{closure}(Object(Illuminate/Http/Request))
#44 D:/2.ANDROID/3.FlutterVSCode/projects/SHE Inspection System/backend/she-api/vendor/laravel/framework/src/Illuminate/Pipeline/Pipeline.php(209): Illuminate/Http/Middleware/HandleCors->handle(Object(Illuminate/Http/Request), Object(Closure))
#45 D:/2.ANDROID/3.FlutterVSCode/projects/SHE Inspection System/backend/she-api/vendor/laravel/framework/src/Illuminate/Http/Middleware/TrustProxies.php(58): Illuminate/Pipeline/Pipeline->Illuminate/Pipeline/{closure}(Object(Illuminate/Http/Request))
#46 D:/2.ANDROID/3.FlutterVSCode/projects/SHE Inspection System/backend/she-api/vendor/laravel/framework/src/Illuminate/Pipeline/Pipeline.php(209): Illuminate/Http/Middleware/TrustProxies->handle(Object(Illuminate/Http/Request), Object(Closure))
#47 D:/2.ANDROID/3.FlutterVSCode/projects/SHE Inspection System/backend/she-api/vendor/laravel/framework/src/Illuminate/Foundation/Http/Middleware/InvokeDeferredCallbacks.php(22): Illuminate/Pipeline/Pipeline->Illuminate/Pipeline/{closure}(Object(Illuminate/Http/Request))
#48 D:/2.ANDROID/3.FlutterVSCode/projects/SHE Inspection System/backend/she-api/vendor/laravel/framework/src/Illuminate/Pipeline/Pipeline.php(209): Illuminate/Foundation/Http/Middleware/InvokeDeferredCallbacks->handle(Object(Illuminate/Http/Request), Object(Closure))
#49 D:/2.ANDROID/3.FlutterVSCode/projects/SHE Inspection System/backend/she-api/vendor/laravel/framework/src/Illuminate/Pipeline/Pipeline.php(127): Illuminate/Pipeline/Pipeline->Illuminate/Pipeline/{closure}(Object(Illuminate/Http/Request))
#50 D:/2.ANDROID/3.FlutterVSCode/projects/SHE Inspection System/backend/she-api/vendor/laravel/framework/src/Illuminate/Foundation/Http/Kernel.php(176): Illuminate/Pipeline/Pipeline->then(Object(Closure))
#51 D:/2.ANDROID/3.FlutterVSCode/projects/SHE Inspection System/backend/she-api/vendor/laravel/framework/src/Illuminate/Foundation/Http/Kernel.php(145): Illuminate/Foundation/Http/Kernel->sendRequestThroughRouter(Object(Illuminate/Http/Request))
#52 D:/2.ANDROID/3.FlutterVSCode/projects/SHE Inspection System/backend/she-api/vendor/laravel/framework/src/Illuminate/Foundation/Application.php(1220): Illuminate/Foundation/Http/Kernel->handle(Object(Illuminate/Http/Request))
#53 D:/2.ANDROID/3.FlutterVSCode/projects/SHE Inspection System/backend/she-api/public/index.php(20): Illuminate/Foundation/Application->handleRequest(Object(Illuminate/Http/Request))
#54 D:/2.ANDROID/3.FlutterVSCode/projects/SHE Inspection System/backend/she-api/vendor/laravel/framework/src/Illuminate/Foundation/resources/server.php(23): require_once('D://2.ANDROID//3....')
#55 {main}
"} 
[2026-07-01 14:06:00] local.ERROR: SQLSTATE[42S22]: Column not found: 1054 Unknown column 'level' in 'field list' (Connection: mysql, SQL: insert into `incident_types` (`name`, `level`, `updated_at`, `created_at`) values (Slip Trip Fall, A, 2026-07-01 14:06:00, 2026-07-01 14:06:00)) {"userId":1,"exception":"[object] (Illuminate\\Database\\QueryException(code: 42S22): SQLSTATE[42S22]: Column not found: 1054 Unknown column 'level' in 'field list' (Connection: mysql, SQL: insert into `incident_types` (`name`, `level`, `updated_at`, `created_at`) values (Slip Trip Fall, A, 2026-07-01 14:06:00, 2026-07-01 14:06:00)) at D:/2.ANDROID/3.FlutterVSCode/projects/SHE Inspection System/backend/she-api/vendor/laravel/framework/src/Illuminate/Database/Connection.php:825)
[stacktrace]
#0 D:/2.ANDROID/3.FlutterVSCode/projects/SHE Inspection System/backend/she-api/vendor/laravel/framework/src/Illuminate/Database/Connection.php(779): Illuminate/Database/Connection->runQueryCallback('insert into `in...', Array, Object(Closure))
#1 D:/2.ANDROID/3.FlutterVSCode/projects/SHE Inspection System/backend/she-api/vendor/laravel/framework/src/Illuminate/Database/MySqlConnection.php(42): Illuminate/Database/Connection->run('insert into `in...', Array, Object(Closure))
#2 D:/2.ANDROID/3.FlutterVSCode/projects/SHE Inspection System/backend/she-api/vendor/laravel/framework/src/Illuminate/Database/Query/Processors/MySqlProcessor.php(35): Illuminate/Database/MySqlConnection->insert('insert into `in...', Array, 'id')
#3 D:/2.ANDROID/3.FlutterVSCode/projects/SHE Inspection System/backend/she-api/vendor/laravel/framework/src/Illuminate/Database/Query/Builder.php(3766): Illuminate/Database/Query/Processors/MySqlProcessor->processInsertGetId(Object(Illuminate/Database/Query/Builder), 'insert into `in...', Array, 'id')
#4 D:/2.ANDROID/3.FlutterVSCode/projects/SHE Inspection System/backend/she-api/vendor/laravel/framework/src/Illuminate/Database/Eloquent/Builder.php(2120): Illuminate/Database/Query/Builder->insertGetId(Array, 'id')
#5 D:/2.ANDROID/3.FlutterVSCode/projects/SHE Inspection System/backend/she-api/vendor/laravel/framework/src/Illuminate/Database/Eloquent/Model.php(1359): Illuminate/Database/Eloquent/Builder->__call('insertGetId', Array)
#6 D:/2.ANDROID/3.FlutterVSCode/projects/SHE Inspection System/backend/she-api/vendor/laravel/framework/src/Illuminate/Database/Eloquent/Model.php(1324): Illuminate/Database/Eloquent/Model->insertAndSetId(Object(Illuminate/Database/Eloquent/Builder), Array)
#7 D:/2.ANDROID/3.FlutterVSCode/projects/SHE Inspection System/backend/she-api/vendor/laravel/framework/src/Illuminate/Database/Eloquent/Model.php(1163): Illuminate/Database/Eloquent/Model->performInsert(Object(Illuminate/Database/Eloquent/Builder))
#8 D:/2.ANDROID/3.FlutterVSCode/projects/SHE Inspection System/backend/she-api/vendor/laravel/framework/src/Illuminate/Database/Eloquent/Builder.php(1128): Illuminate/Database/Eloquent/Model->save()
#9 D:/2.ANDROID/3.FlutterVSCode/projects/SHE Inspection System/backend/she-api/vendor/laravel/framework/src/Illuminate/Support/helpers.php(399): Illuminate/Database/Eloquent/Builder->Illuminate/Database/Eloquent/{closure}(Object(App/Models/IncidentType))
#10 D:/2.ANDROID/3.FlutterVSCode/projects/SHE Inspection System/backend/she-api/vendor/laravel/framework/src/Illuminate/Database/Eloquent/Builder.php(1127): tap(Object(App/Models/IncidentType), Object(Closure))
#11 D:/2.ANDROID/3.FlutterVSCode/projects/SHE Inspection System/backend/she-api/vendor/laravel/framework/src/Illuminate/Support/Traits/ForwardsCalls.php(23): Illuminate/Database/Eloquent/Builder->create(Array)
#12 D:/2.ANDROID/3.FlutterVSCode/projects/SHE Inspection System/backend/she-api/vendor/laravel/framework/src/Illuminate/Database/Eloquent/Model.php(2372): Illuminate/Database/Eloquent/Model->forwardCallTo(Object(Illuminate/Database/Eloquent/Builder), 'create', Array)
#13 D:/2.ANDROID/3.FlutterVSCode/projects/SHE Inspection System/backend/she-api/vendor/laravel/framework/src/Illuminate/Database/Eloquent/Model.php(2384): Illuminate/Database/Eloquent/Model->__call('create', Array)
#14 D:/2.ANDROID/3.FlutterVSCode/projects/SHE Inspection System/backend/she-api/app/Http/Controllers/Api/IncidentTypeController.php(29): Illuminate/Database/Eloquent/Model::__callStatic('create', Array)
#15 D:/2.ANDROID/3.FlutterVSCode/projects/SHE Inspection System/backend/she-api/vendor/laravel/framework/src/Illuminate/Routing/ControllerDispatcher.php(47): App/Http/Controllers/Api/IncidentTypeController->store(Object(Illuminate/Http/Request))
#16 D:/2.ANDROID/3.FlutterVSCode/projects/SHE Inspection System/backend/she-api/vendor/laravel/framework/src/Illuminate/Routing/Route.php(266): Illuminate/Routing/ControllerDispatcher->dispatch(Object(Illuminate/Routing/Route), Object(App/Http/Controllers/Api/IncidentTypeController), 'store')
#17 D:/2.ANDROID/3.FlutterVSCode/projects/SHE Inspection System/backend/she-api/vendor/laravel/framework/src/Illuminate/Routing/Route.php(212): Illuminate/Routing/Route->runController()
#18 D:/2.ANDROID/3.FlutterVSCode/projects/SHE Inspection System/backend/she-api/vendor/laravel/framework/src/Illuminate/Routing/Router.php(808): Illuminate/Routing/Route->run()
#19 D:/2.ANDROID/3.FlutterVSCode/projects/SHE Inspection System/backend/she-api/vendor/laravel/framework/src/Illuminate/Pipeline/Pipeline.php(170): Illuminate/Routing/Router->Illuminate/Routing/{closure}(Object(Illuminate/Http/Request))
#20 D:/2.ANDROID/3.FlutterVSCode/projects/SHE Inspection System/backend/she-api/vendor/laravel/framework/src/Illuminate/Routing/Middleware/SubstituteBindings.php(51): Illuminate/Pipeline/Pipeline->Illuminate/Pipeline/{closure}(Object(Illuminate/Http/Request))
#21 D:/2.ANDROID/3.FlutterVSCode/projects/SHE Inspection System/backend/she-api/vendor/laravel/framework/src/Illuminate/Pipeline/Pipeline.php(209): Illuminate/Routing/Middleware/SubstituteBindings->handle(Object(Illuminate/Http/Request), Object(Closure))
#22 D:/2.ANDROID/3.FlutterVSCode/projects/SHE Inspection System/backend/she-api/vendor/laravel/framework/src/Illuminate/Auth/Middleware/Authenticate.php(64): Illuminate/Pipeline/Pipeline->Illuminate/Pipeline/{closure}(Object(Illuminate/Http/Request))
#23 D:/2.ANDROID/3.FlutterVSCode/projects/SHE Inspection System/backend/she-api/vendor/laravel/framework/src/Illuminate/Pipeline/Pipeline.php(209): Illuminate/Auth/Middleware/Authenticate->handle(Object(Illuminate/Http/Request), Object(Closure), 'sanctum')
#24 D:/2.ANDROID/3.FlutterVSCode/projects/SHE Inspection System/backend/she-api/vendor/laravel/framework/src/Illuminate/Pipeline/Pipeline.php(127): Illuminate/Pipeline/Pipeline->Illuminate/Pipeline/{closure}(Object(Illuminate/Http/Request))
#25 D:/2.ANDROID/3.FlutterVSCode/projects/SHE Inspection System/backend/she-api/vendor/laravel/framework/src/Illuminate/Routing/Router.php(807): Illuminate/Pipeline/Pipeline->then(Object(Closure))
#26 D:/2.ANDROID/3.FlutterVSCode/projects/SHE Inspection System/backend/she-api/vendor/laravel/framework/src/Illuminate/Routing/Router.php(786): Illuminate/Routing/Router->runRouteWithinStack(Object(Illuminate/Routing/Route), Object(Illuminate/Http/Request))
#27 D:/2.ANDROID/3.FlutterVSCode/projects/SHE Inspection System/backend/she-api/vendor/laravel/framework/src/Illuminate/Routing/Router.php(750): Illuminate/Routing/Router->runRoute(Object(Illuminate/Http/Request), Object(Illuminate/Routing/Route))
#28 D:/2.ANDROID/3.FlutterVSCode/projects/SHE Inspection System/backend/she-api/vendor/laravel/framework/src/Illuminate/Routing/Router.php(739): Illuminate/Routing/Router->dispatchToRoute(Object(Illuminate/Http/Request))
#29 D:/2.ANDROID/3.FlutterVSCode/projects/SHE Inspection System/backend/she-api/vendor/laravel/framework/src/Illuminate/Foundation/Http/Kernel.php(201): Illuminate/Routing/Router->dispatch(Object(Illuminate/Http/Request))
#30 D:/2.ANDROID/3.FlutterVSCode/projects/SHE Inspection System/backend/she-api/vendor/laravel/framework/src/Illuminate/Pipeline/Pipeline.php(170): Illuminate/Foundation/Http/Kernel->Illuminate/Foundation/Http/{closure}(Object(Illuminate/Http/Request))
#31 D:/2.ANDROID/3.FlutterVSCode/projects/SHE Inspection System/backend/she-api/vendor/laravel/framework/src/Illuminate/Foundation/Http/Middleware/TransformsRequest.php(21): Illuminate/Pipeline/Pipeline->Illuminate/Pipeline/{closure}(Object(Illuminate/Http/Request))
#32 D:/2.ANDROID/3.FlutterVSCode/projects/SHE Inspection System/backend/she-api/vendor/laravel/framework/src/Illuminate/Foundation/Http/Middleware/ConvertEmptyStringsToNull.php(31): Illuminate/Foundation/Http/Middleware/TransformsRequest->handle(Object(Illuminate/Http/Request), Object(Closure))
#33 D:/2.ANDROID/3.FlutterVSCode/projects/SHE Inspection System/backend/she-api/vendor/laravel/framework/src/Illuminate/Pipeline/Pipeline.php(209): Illuminate/Foundation/Http/Middleware/ConvertEmptyStringsToNull->handle(Object(Illuminate/Http/Request), Object(Closure))
#34 D:/2.ANDROID/3.FlutterVSCode/projects/SHE Inspection System/backend/she-api/vendor/laravel/framework/src/Illuminate/Foundation/Http/Middleware/TransformsRequest.php(21): Illuminate/Pipeline/Pipeline->Illuminate/Pipeline/{closure}(Object(Illuminate/Http/Request))
#35 D:/2.ANDROID/3.FlutterVSCode/projects/SHE Inspection System/backend/she-api/vendor/laravel/framework/src/Illuminate/Foundation/Http/Middleware/TrimStrings.php(51): Illuminate/Foundation/Http/Middleware/TransformsRequest->handle(Object(Illuminate/Http/Request), Object(Closure))
#36 D:/2.ANDROID/3.FlutterVSCode/projects/SHE Inspection System/backend/she-api/vendor/laravel/framework/src/Illuminate/Pipeline/Pipeline.php(209): Illuminate/Foundation/Http/Middleware/TrimStrings->handle(Object(Illuminate/Http/Request), Object(Closure))
#37 D:/2.ANDROID/3.FlutterVSCode/projects/SHE Inspection System/backend/she-api/vendor/laravel/framework/src/Illuminate/Http/Middleware/ValidatePostSize.php(27): Illuminate/Pipeline/Pipeline->Illuminate/Pipeline/{closure}(Object(Illuminate/Http/Request))
#38 D:/2.ANDROID/3.FlutterVSCode/projects/SHE Inspection System/backend/she-api/vendor/laravel/framework/src/Illuminate/Pipeline/Pipeline.php(209): Illuminate/Http/Middleware/ValidatePostSize->handle(Object(Illuminate/Http/Request), Object(Closure))
#39 D:/2.ANDROID/3.FlutterVSCode/projects/SHE Inspection System/backend/she-api/vendor/laravel/framework/src/Illuminate/Foundation/Http/Middleware/PreventRequestsDuringMaintenance.php(110): Illuminate/Pipeline/Pipeline->Illuminate/Pipeline/{closure}(Object(Illuminate/Http/Request))
#40 D:/2.ANDROID/3.FlutterVSCode/projects/SHE Inspection System/backend/she-api/vendor/laravel/framework/src/Illuminate/Pipeline/Pipeline.php(209): Illuminate/Foundation/Http/Middleware/PreventRequestsDuringMaintenance->handle(Object(Illuminate/Http/Request), Object(Closure))
#41 D:/2.ANDROID/3.FlutterVSCode/projects/SHE Inspection System/backend/she-api/vendor/laravel/framework/src/Illuminate/Http/Middleware/HandleCors.php(62): Illuminate/Pipeline/Pipeline->Illuminate/Pipeline/{closure}(Object(Illuminate/Http/Request))
#42 D:/2.ANDROID/3.FlutterVSCode/projects/SHE Inspection System/backend/she-api/vendor/laravel/framework/src/Illuminate/Pipeline/Pipeline.php(209): Illuminate/Http/Middleware/HandleCors->handle(Object(Illuminate/Http/Request), Object(Closure))
#43 D:/2.ANDROID/3.FlutterVSCode/projects/SHE Inspection System/backend/she-api/vendor/laravel/framework/src/Illuminate/Http/Middleware/TrustProxies.php(58): Illuminate/Pipeline/Pipeline->Illuminate/Pipeline/{closure}(Object(Illuminate/Http/Request))
#44 D:/2.ANDROID/3.FlutterVSCode/projects/SHE Inspection System/backend/she-api/vendor/laravel/framework/src/Illuminate/Pipeline/Pipeline.php(209): Illuminate/Http/Middleware/TrustProxies->handle(Object(Illuminate/Http/Request), Object(Closure))
#45 D:/2.ANDROID/3.FlutterVSCode/projects/SHE Inspection System/backend/she-api/vendor/laravel/framework/src/Illuminate/Foundation/Http/Middleware/InvokeDeferredCallbacks.php(22): Illuminate/Pipeline/Pipeline->Illuminate/Pipeline/{closure}(Object(Illuminate/Http/Request))
#46 D:/2.ANDROID/3.FlutterVSCode/projects/SHE Inspection System/backend/she-api/vendor/laravel/framework/src/Illuminate/Pipeline/Pipeline.php(209): Illuminate/Foundation/Http/Middleware/InvokeDeferredCallbacks->handle(Object(Illuminate/Http/Request), Object(Closure))
#47 D:/2.ANDROID/3.FlutterVSCode/projects/SHE Inspection System/backend/she-api/vendor/laravel/framework/src/Illuminate/Pipeline/Pipeline.php(127): Illuminate/Pipeline/Pipeline->Illuminate/Pipeline/{closure}(Object(Illuminate/Http/Request))
#48 D:/2.ANDROID/3.FlutterVSCode/projects/SHE Inspection System/backend/she-api/vendor/laravel/framework/src/Illuminate/Foundation/Http/Kernel.php(176): Illuminate/Pipeline/Pipeline->then(Object(Closure))
#49 D:/2.ANDROID/3.FlutterVSCode/projects/SHE Inspection System/backend/she-api/vendor/laravel/framework/src/Illuminate/Foundation/Http/Kernel.php(145): Illuminate/Foundation/Http/Kernel->sendRequestThroughRouter(Object(Illuminate/Http/Request))
#50 D:/2.ANDROID/3.FlutterVSCode/projects/SHE Inspection System/backend/she-api/vendor/laravel/framework/src/Illuminate/Foundation/Application.php(1220): Illuminate/Foundation/Http/Kernel->handle(Object(Illuminate/Http/Request))
#51 D:/2.ANDROID/3.FlutterVSCode/projects/SHE Inspection System/backend/she-api/public/index.php(20): Illuminate/Foundation/Application->handleRequest(Object(Illuminate/Http/Request))
#52 D:/2.ANDROID/3.FlutterVSCode/projects/SHE Inspection System/backend/she-api/vendor/laravel/framework/src/Illuminate/Foundation/resources/server.php(23): require_once('D://2.ANDROID//3....')
#53 {main}

[previous exception] [object] (PDOException(code: 42S22): SQLSTATE[42S22]: Column not found: 1054 Unknown column 'level' in 'field list' at D:/2.ANDROID/3.FlutterVSCode/projects/SHE Inspection System/backend/she-api/vendor/laravel/framework/src/Illuminate/Database/MySqlConnection.php:47)
[stacktrace]
#0 D:/2.ANDROID/3.FlutterVSCode/projects/SHE Inspection System/backend/she-api/vendor/laravel/framework/src/Illuminate/Database/MySqlConnection.php(47): PDO->prepare('insert into `in...')
#1 D:/2.ANDROID/3.FlutterVSCode/projects/SHE Inspection System/backend/she-api/vendor/laravel/framework/src/Illuminate/Database/Connection.php(812): Illuminate/Database/MySqlConnection->Illuminate/Database/{closure}('insert into `in...', Array)
#2 D:/2.ANDROID/3.FlutterVSCode/projects/SHE Inspection System/backend/she-api/vendor/laravel/framework/src/Illuminate/Database/Connection.php(779): Illuminate/Database/Connection->runQueryCallback('insert into `in...', Array, Object(Closure))
#3 D:/2.ANDROID/3.FlutterVSCode/projects/SHE Inspection System/backend/she-api/vendor/laravel/framework/src/Illuminate/Database/MySqlConnection.php(42): Illuminate/Database/Connection->run('insert into `in...', Array, Object(Closure))
#4 D:/2.ANDROID/3.FlutterVSCode/projects/SHE Inspection System/backend/she-api/vendor/laravel/framework/src/Illuminate/Database/Query/Processors/MySqlProcessor.php(35): Illuminate/Database/MySqlConnection->insert('insert into `in...', Array, 'id')
#5 D:/2.ANDROID/3.FlutterVSCode/projects/SHE Inspection System/backend/she-api/vendor/laravel/framework/src/Illuminate/Database/Query/Builder.php(3766): Illuminate/Database/Query/Processors/MySqlProcessor->processInsertGetId(Object(Illuminate/Database/Query/Builder), 'insert into `in...', Array, 'id')
#6 D:/2.ANDROID/3.FlutterVSCode/projects/SHE Inspection System/backend/she-api/vendor/laravel/framework/src/Illuminate/Database/Eloquent/Builder.php(2120): Illuminate/Database/Query/Builder->insertGetId(Array, 'id')
#7 D:/2.ANDROID/3.FlutterVSCode/projects/SHE Inspection System/backend/she-api/vendor/laravel/framework/src/Illuminate/Database/Eloquent/Model.php(1359): Illuminate/Database/Eloquent/Builder->__call('insertGetId', Array)
#8 D:/2.ANDROID/3.FlutterVSCode/projects/SHE Inspection System/backend/she-api/vendor/laravel/framework/src/Illuminate/Database/Eloquent/Model.php(1324): Illuminate/Database/Eloquent/Model->insertAndSetId(Object(Illuminate/Database/Eloquent/Builder), Array)
#9 D:/2.ANDROID/3.FlutterVSCode/projects/SHE Inspection System/backend/she-api/vendor/laravel/framework/src/Illuminate/Database/Eloquent/Model.php(1163): Illuminate/Database/Eloquent/Model->performInsert(Object(Illuminate/Database/Eloquent/Builder))
#10 D:/2.ANDROID/3.FlutterVSCode/projects/SHE Inspection System/backend/she-api/vendor/laravel/framework/src/Illuminate/Database/Eloquent/Builder.php(1128): Illuminate/Database/Eloquent/Model->save()
#11 D:/2.ANDROID/3.FlutterVSCode/projects/SHE Inspection System/backend/she-api/vendor/laravel/framework/src/Illuminate/Support/helpers.php(399): Illuminate/Database/Eloquent/Builder->Illuminate/Database/Eloquent/{closure}(Object(App/Models/IncidentType))
#12 D:/2.ANDROID/3.FlutterVSCode/projects/SHE Inspection System/backend/she-api/vendor/laravel/framework/src/Illuminate/Database/Eloquent/Builder.php(1127): tap(Object(App/Models/IncidentType), Object(Closure))
#13 D:/2.ANDROID/3.FlutterVSCode/projects/SHE Inspection System/backend/she-api/vendor/laravel/framework/src/Illuminate/Support/Traits/ForwardsCalls.php(23): Illuminate/Database/Eloquent/Builder->create(Array)
#14 D:/2.ANDROID/3.FlutterVSCode/projects/SHE Inspection System/backend/she-api/vendor/laravel/framework/src/Illuminate/Database/Eloquent/Model.php(2372): Illuminate/Database/Eloquent/Model->forwardCallTo(Object(Illuminate/Database/Eloquent/Builder), 'create', Array)
#15 D:/2.ANDROID/3.FlutterVSCode/projects/SHE Inspection System/backend/she-api/vendor/laravel/framework/src/Illuminate/Database/Eloquent/Model.php(2384): Illuminate/Database/Eloquent/Model->__call('create', Array)
#16 D:/2.ANDROID/3.FlutterVSCode/projects/SHE Inspection System/backend/she-api/app/Http/Controllers/Api/IncidentTypeController.php(29): Illuminate/Database/Eloquent/Model::__callStatic('create', Array)
#17 D:/2.ANDROID/3.FlutterVSCode/projects/SHE Inspection System/backend/she-api/vendor/laravel/framework/src/Illuminate/Routing/ControllerDispatcher.php(47): App/Http/Controllers/Api/IncidentTypeController->store(Object(Illuminate/Http/Request))
#18 D:/2.ANDROID/3.FlutterVSCode/projects/SHE Inspection System/backend/she-api/vendor/laravel/framework/src/Illuminate/Routing/Route.php(266): Illuminate/Routing/ControllerDispatcher->dispatch(Object(Illuminate/Routing/Route), Object(App/Http/Controllers/Api/IncidentTypeController), 'store')
#19 D:/2.ANDROID/3.FlutterVSCode/projects/SHE Inspection System/backend/she-api/vendor/laravel/framework/src/Illuminate/Routing/Route.php(212): Illuminate/Routing/Route->runController()
#20 D:/2.ANDROID/3.FlutterVSCode/projects/SHE Inspection System/backend/she-api/vendor/laravel/framework/src/Illuminate/Routing/Router.php(808): Illuminate/Routing/Route->run()
#21 D:/2.ANDROID/3.FlutterVSCode/projects/SHE Inspection System/backend/she-api/vendor/laravel/framework/src/Illuminate/Pipeline/Pipeline.php(170): Illuminate/Routing/Router->Illuminate/Routing/{closure}(Object(Illuminate/Http/Request))
#22 D:/2.ANDROID/3.FlutterVSCode/projects/SHE Inspection System/backend/she-api/vendor/laravel/framework/src/Illuminate/Routing/Middleware/SubstituteBindings.php(51): Illuminate/Pipeline/Pipeline->Illuminate/Pipeline/{closure}(Object(Illuminate/Http/Request))
#23 D:/2.ANDROID/3.FlutterVSCode/projects/SHE Inspection System/backend/she-api/vendor/laravel/framework/src/Illuminate/Pipeline/Pipeline.php(209): Illuminate/Routing/Middleware/SubstituteBindings->handle(Object(Illuminate/Http/Request), Object(Closure))
#24 D:/2.ANDROID/3.FlutterVSCode/projects/SHE Inspection System/backend/she-api/vendor/laravel/framework/src/Illuminate/Auth/Middleware/Authenticate.php(64): Illuminate/Pipeline/Pipeline->Illuminate/Pipeline/{closure}(Object(Illuminate/Http/Request))
#25 D:/2.ANDROID/3.FlutterVSCode/projects/SHE Inspection System/backend/she-api/vendor/laravel/framework/src/Illuminate/Pipeline/Pipeline.php(209): Illuminate/Auth/Middleware/Authenticate->handle(Object(Illuminate/Http/Request), Object(Closure), 'sanctum')
#26 D:/2.ANDROID/3.FlutterVSCode/projects/SHE Inspection System/backend/she-api/vendor/laravel/framework/src/Illuminate/Pipeline/Pipeline.php(127): Illuminate/Pipeline/Pipeline->Illuminate/Pipeline/{closure}(Object(Illuminate/Http/Request))
#27 D:/2.ANDROID/3.FlutterVSCode/projects/SHE Inspection System/backend/she-api/vendor/laravel/framework/src/Illuminate/Routing/Router.php(807): Illuminate/Pipeline/Pipeline->then(Object(Closure))
#28 D:/2.ANDROID/3.FlutterVSCode/projects/SHE Inspection System/backend/she-api/vendor/laravel/framework/src/Illuminate/Routing/Router.php(786): Illuminate/Routing/Router->runRouteWithinStack(Object(Illuminate/Routing/Route), Object(Illuminate/Http/Request))
#29 D:/2.ANDROID/3.FlutterVSCode/projects/SHE Inspection System/backend/she-api/vendor/laravel/framework/src/Illuminate/Routing/Router.php(750): Illuminate/Routing/Router->runRoute(Object(Illuminate/Http/Request), Object(Illuminate/Routing/Route))
#30 D:/2.ANDROID/3.FlutterVSCode/projects/SHE Inspection System/backend/she-api/vendor/laravel/framework/src/Illuminate/Routing/Router.php(739): Illuminate/Routing/Router->dispatchToRoute(Object(Illuminate/Http/Request))
#31 D:/2.ANDROID/3.FlutterVSCode/projects/SHE Inspection System/backend/she-api/vendor/laravel/framework/src/Illuminate/Foundation/Http/Kernel.php(201): Illuminate/Routing/Router->dispatch(Object(Illuminate/Http/Request))
#32 D:/2.ANDROID/3.FlutterVSCode/projects/SHE Inspection System/backend/she-api/vendor/laravel/framework/src/Illuminate/Pipeline/Pipeline.php(170): Illuminate/Foundation/Http/Kernel->Illuminate/Foundation/Http/{closure}(Object(Illuminate/Http/Request))
#33 D:/2.ANDROID/3.FlutterVSCode/projects/SHE Inspection System/backend/she-api/vendor/laravel/framework/src/Illuminate/Foundation/Http/Middleware/TransformsRequest.php(21): Illuminate/Pipeline/Pipeline->Illuminate/Pipeline/{closure}(Object(Illuminate/Http/Request))
#34 D:/2.ANDROID/3.FlutterVSCode/projects/SHE Inspection System/backend/she-api/vendor/laravel/framework/src/Illuminate/Foundation/Http/Middleware/ConvertEmptyStringsToNull.php(31): Illuminate/Foundation/Http/Middleware/TransformsRequest->handle(Object(Illuminate/Http/Request), Object(Closure))
#35 D:/2.ANDROID/3.FlutterVSCode/projects/SHE Inspection System/backend/she-api/vendor/laravel/framework/src/Illuminate/Pipeline/Pipeline.php(209): Illuminate/Foundation/Http/Middleware/ConvertEmptyStringsToNull->handle(Object(Illuminate/Http/Request), Object(Closure))
#36 D:/2.ANDROID/3.FlutterVSCode/projects/SHE Inspection System/backend/she-api/vendor/laravel/framework/src/Illuminate/Foundation/Http/Middleware/TransformsRequest.php(21): Illuminate/Pipeline/Pipeline->Illuminate/Pipeline/{closure}(Object(Illuminate/Http/Request))
#37 D:/2.ANDROID/3.FlutterVSCode/projects/SHE Inspection System/backend/she-api/vendor/laravel/framework/src/Illuminate/Foundation/Http/Middleware/TrimStrings.php(51): Illuminate/Foundation/Http/Middleware/TransformsRequest->handle(Object(Illuminate/Http/Request), Object(Closure))
#38 D:/2.ANDROID/3.FlutterVSCode/projects/SHE Inspection System/backend/she-api/vendor/laravel/framework/src/Illuminate/Pipeline/Pipeline.php(209): Illuminate/Foundation/Http/Middleware/TrimStrings->handle(Object(Illuminate/Http/Request), Object(Closure))
#39 D:/2.ANDROID/3.FlutterVSCode/projects/SHE Inspection System/backend/she-api/vendor/laravel/framework/src/Illuminate/Http/Middleware/ValidatePostSize.php(27): Illuminate/Pipeline/Pipeline->Illuminate/Pipeline/{closure}(Object(Illuminate/Http/Request))
#40 D:/2.ANDROID/3.FlutterVSCode/projects/SHE Inspection System/backend/she-api/vendor/laravel/framework/src/Illuminate/Pipeline/Pipeline.php(209): Illuminate/Http/Middleware/ValidatePostSize->handle(Object(Illuminate/Http/Request), Object(Closure))
#41 D:/2.ANDROID/3.FlutterVSCode/projects/SHE Inspection System/backend/she-api/vendor/laravel/framework/src/Illuminate/Foundation/Http/Middleware/PreventRequestsDuringMaintenance.php(110): Illuminate/Pipeline/Pipeline->Illuminate/Pipeline/{closure}(Object(Illuminate/Http/Request))
#42 D:/2.ANDROID/3.FlutterVSCode/projects/SHE Inspection System/backend/she-api/vendor/laravel/framework/src/Illuminate/Pipeline/Pipeline.php(209): Illuminate/Foundation/Http/Middleware/PreventRequestsDuringMaintenance->handle(Object(Illuminate/Http/Request), Object(Closure))
#43 D:/2.ANDROID/3.FlutterVSCode/projects/SHE Inspection System/backend/she-api/vendor/laravel/framework/src/Illuminate/Http/Middleware/HandleCors.php(62): Illuminate/Pipeline/Pipeline->Illuminate/Pipeline/{closure}(Object(Illuminate/Http/Request))
#44 D:/2.ANDROID/3.FlutterVSCode/projects/SHE Inspection System/backend/she-api/vendor/laravel/framework/src/Illuminate/Pipeline/Pipeline.php(209): Illuminate/Http/Middleware/HandleCors->handle(Object(Illuminate/Http/Request), Object(Closure))
#45 D:/2.ANDROID/3.FlutterVSCode/projects/SHE Inspection System/backend/she-api/vendor/laravel/framework/src/Illuminate/Http/Middleware/TrustProxies.php(58): Illuminate/Pipeline/Pipeline->Illuminate/Pipeline/{closure}(Object(Illuminate/Http/Request))
#46 D:/2.ANDROID/3.FlutterVSCode/projects/SHE Inspection System/backend/she-api/vendor/laravel/framework/src/Illuminate/Pipeline/Pipeline.php(209): Illuminate/Http/Middleware/TrustProxies->handle(Object(Illuminate/Http/Request), Object(Closure))
#47 D:/2.ANDROID/3.FlutterVSCode/projects/SHE Inspection System/backend/she-api/vendor/laravel/framework/src/Illuminate/Foundation/Http/Middleware/InvokeDeferredCallbacks.php(22): Illuminate/Pipeline/Pipeline->Illuminate/Pipeline/{closure}(Object(Illuminate/Http/Request))
#48 D:/2.ANDROID/3.FlutterVSCode/projects/SHE Inspection System/backend/she-api/vendor/laravel/framework/src/Illuminate/Pipeline/Pipeline.php(209): Illuminate/Foundation/Http/Middleware/InvokeDeferredCallbacks->handle(Object(Illuminate/Http/Request), Object(Closure))
#49 D:/2.ANDROID/3.FlutterVSCode/projects/SHE Inspection System/backend/she-api/vendor/laravel/framework/src/Illuminate/Pipeline/Pipeline.php(127): Illuminate/Pipeline/Pipeline->Illuminate/Pipeline/{closure}(Object(Illuminate/Http/Request))
#50 D:/2.ANDROID/3.FlutterVSCode/projects/SHE Inspection System/backend/she-api/vendor/laravel/framework/src/Illuminate/Foundation/Http/Kernel.php(176): Illuminate/Pipeline/Pipeline->then(Object(Closure))
#51 D:/2.ANDROID/3.FlutterVSCode/projects/SHE Inspection System/backend/she-api/vendor/laravel/framework/src/Illuminate/Foundation/Http/Kernel.php(145): Illuminate/Foundation/Http/Kernel->sendRequestThroughRouter(Object(Illuminate/Http/Request))
#52 D:/2.ANDROID/3.FlutterVSCode/projects/SHE Inspection System/backend/she-api/vendor/laravel/framework/src/Illuminate/Foundation/Application.php(1220): Illuminate/Foundation/Http/Kernel->handle(Object(Illuminate/Http/Request))
#53 D:/2.ANDROID/3.FlutterVSCode/projects/SHE Inspection System/backend/she-api/public/index.php(20): Illuminate/Foundation/Application->handleRequest(Object(Illuminate/Http/Request))
#54 D:/2.ANDROID/3.FlutterVSCode/projects/SHE Inspection System/backend/she-api/vendor/laravel/framework/src/Illuminate/Foundation/resources/server.php(23): require_once('D://2.ANDROID//3....')
#55 {main}
"} 
[2026-07-01 14:12:02] local.ERROR: SQLSTATE[42S22]: Column not found: 1054 Unknown column 'updated_at' in 'field list' (Connection: mysql, SQL: insert into `incident_types` (`name`, `level`, `updated_at`, `created_at`) values (Slip Trip Fall, A, 2026-07-01 14:12:02, 2026-07-01 14:12:02)) {"userId":1,"exception":"[object] (Illuminate\\Database\\QueryException(code: 42S22): SQLSTATE[42S22]: Column not found: 1054 Unknown column 'updated_at' in 'field list' (Connection: mysql, SQL: insert into `incident_types` (`name`, `level`, `updated_at`, `created_at`) values (Slip Trip Fall, A, 2026-07-01 14:12:02, 2026-07-01 14:12:02)) at D:/2.ANDROID/3.FlutterVSCode/projects/SHE Inspection System/backend/she-api/vendor/laravel/framework/src/Illuminate/Database/Connection.php:825)
[stacktrace]
#0 D:/2.ANDROID/3.FlutterVSCode/projects/SHE Inspection System/backend/she-api/vendor/laravel/framework/src/Illuminate/Database/Connection.php(779): Illuminate/Database/Connection->runQueryCallback('insert into `in...', Array, Object(Closure))
#1 D:/2.ANDROID/3.FlutterVSCode/projects/SHE Inspection System/backend/she-api/vendor/laravel/framework/src/Illuminate/Database/MySqlConnection.php(42): Illuminate/Database/Connection->run('insert into `in...', Array, Object(Closure))
#2 D:/2.ANDROID/3.FlutterVSCode/projects/SHE Inspection System/backend/she-api/vendor/laravel/framework/src/Illuminate/Database/Query/Processors/MySqlProcessor.php(35): Illuminate/Database/MySqlConnection->insert('insert into `in...', Array, 'id')
#3 D:/2.ANDROID/3.FlutterVSCode/projects/SHE Inspection System/backend/she-api/vendor/laravel/framework/src/Illuminate/Database/Query/Builder.php(3766): Illuminate/Database/Query/Processors/MySqlProcessor->processInsertGetId(Object(Illuminate/Database/Query/Builder), 'insert into `in...', Array, 'id')
#4 D:/2.ANDROID/3.FlutterVSCode/projects/SHE Inspection System/backend/she-api/vendor/laravel/framework/src/Illuminate/Database/Eloquent/Builder.php(2120): Illuminate/Database/Query/Builder->insertGetId(Array, 'id')
#5 D:/2.ANDROID/3.FlutterVSCode/projects/SHE Inspection System/backend/she-api/vendor/laravel/framework/src/Illuminate/Database/Eloquent/Model.php(1359): Illuminate/Database/Eloquent/Builder->__call('insertGetId', Array)
#6 D:/2.ANDROID/3.FlutterVSCode/projects/SHE Inspection System/backend/she-api/vendor/laravel/framework/src/Illuminate/Database/Eloquent/Model.php(1324): Illuminate/Database/Eloquent/Model->insertAndSetId(Object(Illuminate/Database/Eloquent/Builder), Array)
#7 D:/2.ANDROID/3.FlutterVSCode/projects/SHE Inspection System/backend/she-api/vendor/laravel/framework/src/Illuminate/Database/Eloquent/Model.php(1163): Illuminate/Database/Eloquent/Model->performInsert(Object(Illuminate/Database/Eloquent/Builder))
#8 D:/2.ANDROID/3.FlutterVSCode/projects/SHE Inspection System/backend/she-api/vendor/laravel/framework/src/Illuminate/Database/Eloquent/Builder.php(1128): Illuminate/Database/Eloquent/Model->save()
#9 D:/2.ANDROID/3.FlutterVSCode/projects/SHE Inspection System/backend/she-api/vendor/laravel/framework/src/Illuminate/Support/helpers.php(399): Illuminate/Database/Eloquent/Builder->Illuminate/Database/Eloquent/{closure}(Object(App/Models/IncidentType))
#10 D:/2.ANDROID/3.FlutterVSCode/projects/SHE Inspection System/backend/she-api/vendor/laravel/framework/src/Illuminate/Database/Eloquent/Builder.php(1127): tap(Object(App/Models/IncidentType), Object(Closure))
#11 D:/2.ANDROID/3.FlutterVSCode/projects/SHE Inspection System/backend/she-api/vendor/laravel/framework/src/Illuminate/Support/Traits/ForwardsCalls.php(23): Illuminate/Database/Eloquent/Builder->create(Array)
#12 D:/2.ANDROID/3.FlutterVSCode/projects/SHE Inspection System/backend/she-api/vendor/laravel/framework/src/Illuminate/Database/Eloquent/Model.php(2372): Illuminate/Database/Eloquent/Model->forwardCallTo(Object(Illuminate/Database/Eloquent/Builder), 'create', Array)
#13 D:/2.ANDROID/3.FlutterVSCode/projects/SHE Inspection System/backend/she-api/vendor/laravel/framework/src/Illuminate/Database/Eloquent/Model.php(2384): Illuminate/Database/Eloquent/Model->__call('create', Array)
#14 D:/2.ANDROID/3.FlutterVSCode/projects/SHE Inspection System/backend/she-api/app/Http/Controllers/Api/IncidentTypeController.php(29): Illuminate/Database/Eloquent/Model::__callStatic('create', Array)
#15 D:/2.ANDROID/3.FlutterVSCode/projects/SHE Inspection System/backend/she-api/vendor/laravel/framework/src/Illuminate/Routing/ControllerDispatcher.php(47): App/Http/Controllers/Api/IncidentTypeController->store(Object(Illuminate/Http/Request))
#16 D:/2.ANDROID/3.FlutterVSCode/projects/SHE Inspection System/backend/she-api/vendor/laravel/framework/src/Illuminate/Routing/Route.php(266): Illuminate/Routing/ControllerDispatcher->dispatch(Object(Illuminate/Routing/Route), Object(App/Http/Controllers/Api/IncidentTypeController), 'store')
#17 D:/2.ANDROID/3.FlutterVSCode/projects/SHE Inspection System/backend/she-api/vendor/laravel/framework/src/Illuminate/Routing/Route.php(212): Illuminate/Routing/Route->runController()
#18 D:/2.ANDROID/3.FlutterVSCode/projects/SHE Inspection System/backend/she-api/vendor/laravel/framework/src/Illuminate/Routing/Router.php(808): Illuminate/Routing/Route->run()
#19 D:/2.ANDROID/3.FlutterVSCode/projects/SHE Inspection System/backend/she-api/vendor/laravel/framework/src/Illuminate/Pipeline/Pipeline.php(170): Illuminate/Routing/Router->Illuminate/Routing/{closure}(Object(Illuminate/Http/Request))
#20 D:/2.ANDROID/3.FlutterVSCode/projects/SHE Inspection System/backend/she-api/vendor/laravel/framework/src/Illuminate/Routing/Middleware/SubstituteBindings.php(51): Illuminate/Pipeline/Pipeline->Illuminate/Pipeline/{closure}(Object(Illuminate/Http/Request))
#21 D:/2.ANDROID/3.FlutterVSCode/projects/SHE Inspection System/backend/she-api/vendor/laravel/framework/src/Illuminate/Pipeline/Pipeline.php(209): Illuminate/Routing/Middleware/SubstituteBindings->handle(Object(Illuminate/Http/Request), Object(Closure))
#22 D:/2.ANDROID/3.FlutterVSCode/projects/SHE Inspection System/backend/she-api/vendor/laravel/framework/src/Illuminate/Auth/Middleware/Authenticate.php(64): Illuminate/Pipeline/Pipeline->Illuminate/Pipeline/{closure}(Object(Illuminate/Http/Request))
#23 D:/2.ANDROID/3.FlutterVSCode/projects/SHE Inspection System/backend/she-api/vendor/laravel/framework/src/Illuminate/Pipeline/Pipeline.php(209): Illuminate/Auth/Middleware/Authenticate->handle(Object(Illuminate/Http/Request), Object(Closure), 'sanctum')
#24 D:/2.ANDROID/3.FlutterVSCode/projects/SHE Inspection System/backend/she-api/vendor/laravel/framework/src/Illuminate/Pipeline/Pipeline.php(127): Illuminate/Pipeline/Pipeline->Illuminate/Pipeline/{closure}(Object(Illuminate/Http/Request))
#25 D:/2.ANDROID/3.FlutterVSCode/projects/SHE Inspection System/backend/she-api/vendor/laravel/framework/src/Illuminate/Routing/Router.php(807): Illuminate/Pipeline/Pipeline->then(Object(Closure))
#26 D:/2.ANDROID/3.FlutterVSCode/projects/SHE Inspection System/backend/she-api/vendor/laravel/framework/src/Illuminate/Routing/Router.php(786): Illuminate/Routing/Router->runRouteWithinStack(Object(Illuminate/Routing/Route), Object(Illuminate/Http/Request))
#27 D:/2.ANDROID/3.FlutterVSCode/projects/SHE Inspection System/backend/she-api/vendor/laravel/framework/src/Illuminate/Routing/Router.php(750): Illuminate/Routing/Router->runRoute(Object(Illuminate/Http/Request), Object(Illuminate/Routing/Route))
#28 D:/2.ANDROID/3.FlutterVSCode/projects/SHE Inspection System/backend/she-api/vendor/laravel/framework/src/Illuminate/Routing/Router.php(739): Illuminate/Routing/Router->dispatchToRoute(Object(Illuminate/Http/Request))
#29 D:/2.ANDROID/3.FlutterVSCode/projects/SHE Inspection System/backend/she-api/vendor/laravel/framework/src/Illuminate/Foundation/Http/Kernel.php(201): Illuminate/Routing/Router->dispatch(Object(Illuminate/Http/Request))
#30 D:/2.ANDROID/3.FlutterVSCode/projects/SHE Inspection System/backend/she-api/vendor/laravel/framework/src/Illuminate/Pipeline/Pipeline.php(170): Illuminate/Foundation/Http/Kernel->Illuminate/Foundation/Http/{closure}(Object(Illuminate/Http/Request))
#31 D:/2.ANDROID/3.FlutterVSCode/projects/SHE Inspection System/backend/she-api/vendor/laravel/framework/src/Illuminate/Foundation/Http/Middleware/TransformsRequest.php(21): Illuminate/Pipeline/Pipeline->Illuminate/Pipeline/{closure}(Object(Illuminate/Http/Request))
#32 D:/2.ANDROID/3.FlutterVSCode/projects/SHE Inspection System/backend/she-api/vendor/laravel/framework/src/Illuminate/Foundation/Http/Middleware/ConvertEmptyStringsToNull.php(31): Illuminate/Foundation/Http/Middleware/TransformsRequest->handle(Object(Illuminate/Http/Request), Object(Closure))
#33 D:/2.ANDROID/3.FlutterVSCode/projects/SHE Inspection System/backend/she-api/vendor/laravel/framework/src/Illuminate/Pipeline/Pipeline.php(209): Illuminate/Foundation/Http/Middleware/ConvertEmptyStringsToNull->handle(Object(Illuminate/Http/Request), Object(Closure))
#34 D:/2.ANDROID/3.FlutterVSCode/projects/SHE Inspection System/backend/she-api/vendor/laravel/framework/src/Illuminate/Foundation/Http/Middleware/TransformsRequest.php(21): Illuminate/Pipeline/Pipeline->Illuminate/Pipeline/{closure}(Object(Illuminate/Http/Request))
#35 D:/2.ANDROID/3.FlutterVSCode/projects/SHE Inspection System/backend/she-api/vendor/laravel/framework/src/Illuminate/Foundation/Http/Middleware/TrimStrings.php(51): Illuminate/Foundation/Http/Middleware/TransformsRequest->handle(Object(Illuminate/Http/Request), Object(Closure))
#36 D:/2.ANDROID/3.FlutterVSCode/projects/SHE Inspection System/backend/she-api/vendor/laravel/framework/src/Illuminate/Pipeline/Pipeline.php(209): Illuminate/Foundation/Http/Middleware/TrimStrings->handle(Object(Illuminate/Http/Request), Object(Closure))
#37 D:/2.ANDROID/3.FlutterVSCode/projects/SHE Inspection System/backend/she-api/vendor/laravel/framework/src/Illuminate/Http/Middleware/ValidatePostSize.php(27): Illuminate/Pipeline/Pipeline->Illuminate/Pipeline/{closure}(Object(Illuminate/Http/Request))
#38 D:/2.ANDROID/3.FlutterVSCode/projects/SHE Inspection System/backend/she-api/vendor/laravel/framework/src/Illuminate/Pipeline/Pipeline.php(209): Illuminate/Http/Middleware/ValidatePostSize->handle(Object(Illuminate/Http/Request), Object(Closure))
#39 D:/2.ANDROID/3.FlutterVSCode/projects/SHE Inspection System/backend/she-api/vendor/laravel/framework/src/Illuminate/Foundation/Http/Middleware/PreventRequestsDuringMaintenance.php(110): Illuminate/Pipeline/Pipeline->Illuminate/Pipeline/{closure}(Object(Illuminate/Http/Request))
#40 D:/2.ANDROID/3.FlutterVSCode/projects/SHE Inspection System/backend/she-api/vendor/laravel/framework/src/Illuminate/Pipeline/Pipeline.php(209): Illuminate/Foundation/Http/Middleware/PreventRequestsDuringMaintenance->handle(Object(Illuminate/Http/Request), Object(Closure))
#41 D:/2.ANDROID/3.FlutterVSCode/projects/SHE Inspection System/backend/she-api/vendor/laravel/framework/src/Illuminate/Http/Middleware/HandleCors.php(62): Illuminate/Pipeline/Pipeline->Illuminate/Pipeline/{closure}(Object(Illuminate/Http/Request))
#42 D:/2.ANDROID/3.FlutterVSCode/projects/SHE Inspection System/backend/she-api/vendor/laravel/framework/src/Illuminate/Pipeline/Pipeline.php(209): Illuminate/Http/Middleware/HandleCors->handle(Object(Illuminate/Http/Request), Object(Closure))
#43 D:/2.ANDROID/3.FlutterVSCode/projects/SHE Inspection System/backend/she-api/vendor/laravel/framework/src/Illuminate/Http/Middleware/TrustProxies.php(58): Illuminate/Pipeline/Pipeline->Illuminate/Pipeline/{closure}(Object(Illuminate/Http/Request))
#44 D:/2.ANDROID/3.FlutterVSCode/projects/SHE Inspection System/backend/she-api/vendor/laravel/framework/src/Illuminate/Pipeline/Pipeline.php(209): Illuminate/Http/Middleware/TrustProxies->handle(Object(Illuminate/Http/Request), Object(Closure))
#45 D:/2.ANDROID/3.FlutterVSCode/projects/SHE Inspection System/backend/she-api/vendor/laravel/framework/src/Illuminate/Foundation/Http/Middleware/InvokeDeferredCallbacks.php(22): Illuminate/Pipeline/Pipeline->Illuminate/Pipeline/{closure}(Object(Illuminate/Http/Request))
#46 D:/2.ANDROID/3.FlutterVSCode/projects/SHE Inspection System/backend/she-api/vendor/laravel/framework/src/Illuminate/Pipeline/Pipeline.php(209): Illuminate/Foundation/Http/Middleware/InvokeDeferredCallbacks->handle(Object(Illuminate/Http/Request), Object(Closure))
#47 D:/2.ANDROID/3.FlutterVSCode/projects/SHE Inspection System/backend/she-api/vendor/laravel/framework/src/Illuminate/Pipeline/Pipeline.php(127): Illuminate/Pipeline/Pipeline->Illuminate/Pipeline/{closure}(Object(Illuminate/Http/Request))
#48 D:/2.ANDROID/3.FlutterVSCode/projects/SHE Inspection System/backend/she-api/vendor/laravel/framework/src/Illuminate/Foundation/Http/Kernel.php(176): Illuminate/Pipeline/Pipeline->then(Object(Closure))
#49 D:/2.ANDROID/3.FlutterVSCode/projects/SHE Inspection System/backend/she-api/vendor/laravel/framework/src/Illuminate/Foundation/Http/Kernel.php(145): Illuminate/Foundation/Http/Kernel->sendRequestThroughRouter(Object(Illuminate/Http/Request))
#50 D:/2.ANDROID/3.FlutterVSCode/projects/SHE Inspection System/backend/she-api/vendor/laravel/framework/src/Illuminate/Foundation/Application.php(1220): Illuminate/Foundation/Http/Kernel->handle(Object(Illuminate/Http/Request))
#51 D:/2.ANDROID/3.FlutterVSCode/projects/SHE Inspection System/backend/she-api/public/index.php(20): Illuminate/Foundation/Application->handleRequest(Object(Illuminate/Http/Request))
#52 D:/2.ANDROID/3.FlutterVSCode/projects/SHE Inspection System/backend/she-api/vendor/laravel/framework/src/Illuminate/Foundation/resources/server.php(23): require_once('D://2.ANDROID//3....')
#53 {main}

[previous exception] [object] (PDOException(code: 42S22): SQLSTATE[42S22]: Column not found: 1054 Unknown column 'updated_at' in 'field list' at D:/2.ANDROID/3.FlutterVSCode/projects/SHE Inspection System/backend/she-api/vendor/laravel/framework/src/Illuminate/Database/MySqlConnection.php:47)
[stacktrace]
#0 D:/2.ANDROID/3.FlutterVSCode/projects/SHE Inspection System/backend/she-api/vendor/laravel/framework/src/Illuminate/Database/MySqlConnection.php(47): PDO->prepare('insert into `in...')
#1 D:/2.ANDROID/3.FlutterVSCode/projects/SHE Inspection System/backend/she-api/vendor/laravel/framework/src/Illuminate/Database/Connection.php(812): Illuminate/Database/MySqlConnection->Illuminate/Database/{closure}('insert into `in...', Array)
#2 D:/2.ANDROID/3.FlutterVSCode/projects/SHE Inspection System/backend/she-api/vendor/laravel/framework/src/Illuminate/Database/Connection.php(779): Illuminate/Database/Connection->runQueryCallback('insert into `in...', Array, Object(Closure))
#3 D:/2.ANDROID/3.FlutterVSCode/projects/SHE Inspection System/backend/she-api/vendor/laravel/framework/src/Illuminate/Database/MySqlConnection.php(42): Illuminate/Database/Connection->run('insert into `in...', Array, Object(Closure))
#4 D:/2.ANDROID/3.FlutterVSCode/projects/SHE Inspection System/backend/she-api/vendor/laravel/framework/src/Illuminate/Database/Query/Processors/MySqlProcessor.php(35): Illuminate/Database/MySqlConnection->insert('insert into `in...', Array, 'id')
#5 D:/2.ANDROID/3.FlutterVSCode/projects/SHE Inspection System/backend/she-api/vendor/laravel/framework/src/Illuminate/Database/Query/Builder.php(3766): Illuminate/Database/Query/Processors/MySqlProcessor->processInsertGetId(Object(Illuminate/Database/Query/Builder), 'insert into `in...', Array, 'id')
#6 D:/2.ANDROID/3.FlutterVSCode/projects/SHE Inspection System/backend/she-api/vendor/laravel/framework/src/Illuminate/Database/Eloquent/Builder.php(2120): Illuminate/Database/Query/Builder->insertGetId(Array, 'id')
#7 D:/2.ANDROID/3.FlutterVSCode/projects/SHE Inspection System/backend/she-api/vendor/laravel/framework/src/Illuminate/Database/Eloquent/Model.php(1359): Illuminate/Database/Eloquent/Builder->__call('insertGetId', Array)
#8 D:/2.ANDROID/3.FlutterVSCode/projects/SHE Inspection System/backend/she-api/vendor/laravel/framework/src/Illuminate/Database/Eloquent/Model.php(1324): Illuminate/Database/Eloquent/Model->insertAndSetId(Object(Illuminate/Database/Eloquent/Builder), Array)
#9 D:/2.ANDROID/3.FlutterVSCode/projects/SHE Inspection System/backend/she-api/vendor/laravel/framework/src/Illuminate/Database/Eloquent/Model.php(1163): Illuminate/Database/Eloquent/Model->performInsert(Object(Illuminate/Database/Eloquent/Builder))
#10 D:/2.ANDROID/3.FlutterVSCode/projects/SHE Inspection System/backend/she-api/vendor/laravel/framework/src/Illuminate/Database/Eloquent/Builder.php(1128): Illuminate/Database/Eloquent/Model->save()
#11 D:/2.ANDROID/3.FlutterVSCode/projects/SHE Inspection System/backend/she-api/vendor/laravel/framework/src/Illuminate/Support/helpers.php(399): Illuminate/Database/Eloquent/Builder->Illuminate/Database/Eloquent/{closure}(Object(App/Models/IncidentType))
#12 D:/2.ANDROID/3.FlutterVSCode/projects/SHE Inspection System/backend/she-api/vendor/laravel/framework/src/Illuminate/Database/Eloquent/Builder.php(1127): tap(Object(App/Models/IncidentType), Object(Closure))
#13 D:/2.ANDROID/3.FlutterVSCode/projects/SHE Inspection System/backend/she-api/vendor/laravel/framework/src/Illuminate/Support/Traits/ForwardsCalls.php(23): Illuminate/Database/Eloquent/Builder->create(Array)
#14 D:/2.ANDROID/3.FlutterVSCode/projects/SHE Inspection System/backend/she-api/vendor/laravel/framework/src/Illuminate/Database/Eloquent/Model.php(2372): Illuminate/Database/Eloquent/Model->forwardCallTo(Object(Illuminate/Database/Eloquent/Builder), 'create', Array)
#15 D:/2.ANDROID/3.FlutterVSCode/projects/SHE Inspection System/backend/she-api/vendor/laravel/framework/src/Illuminate/Database/Eloquent/Model.php(2384): Illuminate/Database/Eloquent/Model->__call('create', Array)
#16 D:/2.ANDROID/3.FlutterVSCode/projects/SHE Inspection System/backend/she-api/app/Http/Controllers/Api/IncidentTypeController.php(29): Illuminate/Database/Eloquent/Model::__callStatic('create', Array)
#17 D:/2.ANDROID/3.FlutterVSCode/projects/SHE Inspection System/backend/she-api/vendor/laravel/framework/src/Illuminate/Routing/ControllerDispatcher.php(47): App/Http/Controllers/Api/IncidentTypeController->store(Object(Illuminate/Http/Request))
#18 D:/2.ANDROID/3.FlutterVSCode/projects/SHE Inspection System/backend/she-api/vendor/laravel/framework/src/Illuminate/Routing/Route.php(266): Illuminate/Routing/ControllerDispatcher->dispatch(Object(Illuminate/Routing/Route), Object(App/Http/Controllers/Api/IncidentTypeController), 'store')
#19 D:/2.ANDROID/3.FlutterVSCode/projects/SHE Inspection System/backend/she-api/vendor/laravel/framework/src/Illuminate/Routing/Route.php(212): Illuminate/Routing/Route->runController()
#20 D:/2.ANDROID/3.FlutterVSCode/projects/SHE Inspection System/backend/she-api/vendor/laravel/framework/src/Illuminate/Routing/Router.php(808): Illuminate/Routing/Route->run()
#21 D:/2.ANDROID/3.FlutterVSCode/projects/SHE Inspection System/backend/she-api/vendor/laravel/framework/src/Illuminate/Pipeline/Pipeline.php(170): Illuminate/Routing/Router->Illuminate/Routing/{closure}(Object(Illuminate/Http/Request))
#22 D:/2.ANDROID/3.FlutterVSCode/projects/SHE Inspection System/backend/she-api/vendor/laravel/framework/src/Illuminate/Routing/Middleware/SubstituteBindings.php(51): Illuminate/Pipeline/Pipeline->Illuminate/Pipeline/{closure}(Object(Illuminate/Http/Request))
#23 D:/2.ANDROID/3.FlutterVSCode/projects/SHE Inspection System/backend/she-api/vendor/laravel/framework/src/Illuminate/Pipeline/Pipeline.php(209): Illuminate/Routing/Middleware/SubstituteBindings->handle(Object(Illuminate/Http/Request), Object(Closure))
#24 D:/2.ANDROID/3.FlutterVSCode/projects/SHE Inspection System/backend/she-api/vendor/laravel/framework/src/Illuminate/Auth/Middleware/Authenticate.php(64): Illuminate/Pipeline/Pipeline->Illuminate/Pipeline/{closure}(Object(Illuminate/Http/Request))
#25 D:/2.ANDROID/3.FlutterVSCode/projects/SHE Inspection System/backend/she-api/vendor/laravel/framework/src/Illuminate/Pipeline/Pipeline.php(209): Illuminate/Auth/Middleware/Authenticate->handle(Object(Illuminate/Http/Request), Object(Closure), 'sanctum')
#26 D:/2.ANDROID/3.FlutterVSCode/projects/SHE Inspection System/backend/she-api/vendor/laravel/framework/src/Illuminate/Pipeline/Pipeline.php(127): Illuminate/Pipeline/Pipeline->Illuminate/Pipeline/{closure}(Object(Illuminate/Http/Request))
#27 D:/2.ANDROID/3.FlutterVSCode/projects/SHE Inspection System/backend/she-api/vendor/laravel/framework/src/Illuminate/Routing/Router.php(807): Illuminate/Pipeline/Pipeline->then(Object(Closure))
#28 D:/2.ANDROID/3.FlutterVSCode/projects/SHE Inspection System/backend/she-api/vendor/laravel/framework/src/Illuminate/Routing/Router.php(786): Illuminate/Routing/Router->runRouteWithinStack(Object(Illuminate/Routing/Route), Object(Illuminate/Http/Request))
#29 D:/2.ANDROID/3.FlutterVSCode/projects/SHE Inspection System/backend/she-api/vendor/laravel/framework/src/Illuminate/Routing/Router.php(750): Illuminate/Routing/Router->runRoute(Object(Illuminate/Http/Request), Object(Illuminate/Routing/Route))
#30 D:/2.ANDROID/3.FlutterVSCode/projects/SHE Inspection System/backend/she-api/vendor/laravel/framework/src/Illuminate/Routing/Router.php(739): Illuminate/Routing/Router->dispatchToRoute(Object(Illuminate/Http/Request))
#31 D:/2.ANDROID/3.FlutterVSCode/projects/SHE Inspection System/backend/she-api/vendor/laravel/framework/src/Illuminate/Foundation/Http/Kernel.php(201): Illuminate/Routing/Router->dispatch(Object(Illuminate/Http/Request))
#32 D:/2.ANDROID/3.FlutterVSCode/projects/SHE Inspection System/backend/she-api/vendor/laravel/framework/src/Illuminate/Pipeline/Pipeline.php(170): Illuminate/Foundation/Http/Kernel->Illuminate/Foundation/Http/{closure}(Object(Illuminate/Http/Request))
#33 D:/2.ANDROID/3.FlutterVSCode/projects/SHE Inspection System/backend/she-api/vendor/laravel/framework/src/Illuminate/Foundation/Http/Middleware/TransformsRequest.php(21): Illuminate/Pipeline/Pipeline->Illuminate/Pipeline/{closure}(Object(Illuminate/Http/Request))
#34 D:/2.ANDROID/3.FlutterVSCode/projects/SHE Inspection System/backend/she-api/vendor/laravel/framework/src/Illuminate/Foundation/Http/Middleware/ConvertEmptyStringsToNull.php(31): Illuminate/Foundation/Http/Middleware/TransformsRequest->handle(Object(Illuminate/Http/Request), Object(Closure))
#35 D:/2.ANDROID/3.FlutterVSCode/projects/SHE Inspection System/backend/she-api/vendor/laravel/framework/src/Illuminate/Pipeline/Pipeline.php(209): Illuminate/Foundation/Http/Middleware/ConvertEmptyStringsToNull->handle(Object(Illuminate/Http/Request), Object(Closure))
#36 D:/2.ANDROID/3.FlutterVSCode/projects/SHE Inspection System/backend/she-api/vendor/laravel/framework/src/Illuminate/Foundation/Http/Middleware/TransformsRequest.php(21): Illuminate/Pipeline/Pipeline->Illuminate/Pipeline/{closure}(Object(Illuminate/Http/Request))
#37 D:/2.ANDROID/3.FlutterVSCode/projects/SHE Inspection System/backend/she-api/vendor/laravel/framework/src/Illuminate/Foundation/Http/Middleware/TrimStrings.php(51): Illuminate/Foundation/Http/Middleware/TransformsRequest->handle(Object(Illuminate/Http/Request), Object(Closure))
#38 D:/2.ANDROID/3.FlutterVSCode/projects/SHE Inspection System/backend/she-api/vendor/laravel/framework/src/Illuminate/Pipeline/Pipeline.php(209): Illuminate/Foundation/Http/Middleware/TrimStrings->handle(Object(Illuminate/Http/Request), Object(Closure))
#39 D:/2.ANDROID/3.FlutterVSCode/projects/SHE Inspection System/backend/she-api/vendor/laravel/framework/src/Illuminate/Http/Middleware/ValidatePostSize.php(27): Illuminate/Pipeline/Pipeline->Illuminate/Pipeline/{closure}(Object(Illuminate/Http/Request))
#40 D:/2.ANDROID/3.FlutterVSCode/projects/SHE Inspection System/backend/she-api/vendor/laravel/framework/src/Illuminate/Pipeline/Pipeline.php(209): Illuminate/Http/Middleware/ValidatePostSize->handle(Object(Illuminate/Http/Request), Object(Closure))
#41 D:/2.ANDROID/3.FlutterVSCode/projects/SHE Inspection System/backend/she-api/vendor/laravel/framework/src/Illuminate/Foundation/Http/Middleware/PreventRequestsDuringMaintenance.php(110): Illuminate/Pipeline/Pipeline->Illuminate/Pipeline/{closure}(Object(Illuminate/Http/Request))
#42 D:/2.ANDROID/3.FlutterVSCode/projects/SHE Inspection System/backend/she-api/vendor/laravel/framework/src/Illuminate/Pipeline/Pipeline.php(209): Illuminate/Foundation/Http/Middleware/PreventRequestsDuringMaintenance->handle(Object(Illuminate/Http/Request), Object(Closure))
#43 D:/2.ANDROID/3.FlutterVSCode/projects/SHE Inspection System/backend/she-api/vendor/laravel/framework/src/Illuminate/Http/Middleware/HandleCors.php(62): Illuminate/Pipeline/Pipeline->Illuminate/Pipeline/{closure}(Object(Illuminate/Http/Request))
#44 D:/2.ANDROID/3.FlutterVSCode/projects/SHE Inspection System/backend/she-api/vendor/laravel/framework/src/Illuminate/Pipeline/Pipeline.php(209): Illuminate/Http/Middleware/HandleCors->handle(Object(Illuminate/Http/Request), Object(Closure))
#45 D:/2.ANDROID/3.FlutterVSCode/projects/SHE Inspection System/backend/she-api/vendor/laravel/framework/src/Illuminate/Http/Middleware/TrustProxies.php(58): Illuminate/Pipeline/Pipeline->Illuminate/Pipeline/{closure}(Object(Illuminate/Http/Request))
#46 D:/2.ANDROID/3.FlutterVSCode/projects/SHE Inspection System/backend/she-api/vendor/laravel/framework/src/Illuminate/Pipeline/Pipeline.php(209): Illuminate/Http/Middleware/TrustProxies->handle(Object(Illuminate/Http/Request), Object(Closure))
#47 D:/2.ANDROID/3.FlutterVSCode/projects/SHE Inspection System/backend/she-api/vendor/laravel/framework/src/Illuminate/Foundation/Http/Middleware/InvokeDeferredCallbacks.php(22): Illuminate/Pipeline/Pipeline->Illuminate/Pipeline/{closure}(Object(Illuminate/Http/Request))
#48 D:/2.ANDROID/3.FlutterVSCode/projects/SHE Inspection System/backend/she-api/vendor/laravel/framework/src/Illuminate/Pipeline/Pipeline.php(209): Illuminate/Foundation/Http/Middleware/InvokeDeferredCallbacks->handle(Object(Illuminate/Http/Request), Object(Closure))
#49 D:/2.ANDROID/3.FlutterVSCode/projects/SHE Inspection System/backend/she-api/vendor/laravel/framework/src/Illuminate/Pipeline/Pipeline.php(127): Illuminate/Pipeline/Pipeline->Illuminate/Pipeline/{closure}(Object(Illuminate/Http/Request))
#50 D:/2.ANDROID/3.FlutterVSCode/projects/SHE Inspection System/backend/she-api/vendor/laravel/framework/src/Illuminate/Foundation/Http/Kernel.php(176): Illuminate/Pipeline/Pipeline->then(Object(Closure))
#51 D:/2.ANDROID/3.FlutterVSCode/projects/SHE Inspection System/backend/she-api/vendor/laravel/framework/src/Illuminate/Foundation/Http/Kernel.php(145): Illuminate/Foundation/Http/Kernel->sendRequestThroughRouter(Object(Illuminate/Http/Request))
#52 D:/2.ANDROID/3.FlutterVSCode/projects/SHE Inspection System/backend/she-api/vendor/laravel/framework/src/Illuminate/Foundation/Application.php(1220): Illuminate/Foundation/Http/Kernel->handle(Object(Illuminate/Http/Request))
#53 D:/2.ANDROID/3.FlutterVSCode/projects/SHE Inspection System/backend/she-api/public/index.php(20): Illuminate/Foundation/Application->handleRequest(Object(Illuminate/Http/Request))
#54 D:/2.ANDROID/3.FlutterVSCode/projects/SHE Inspection System/backend/she-api/vendor/laravel/framework/src/Illuminate/Foundation/resources/server.php(23): require_once('D://2.ANDROID//3....')
#55 {main}
"} 
[2026-07-01 14:26:33] local.ERROR: Call to undefined method App\Models\IncidentType::orderByAsc() {"userId":1,"exception":"[object] (BadMethodCallException(code: 0): Call to undefined method App\\Models\\IncidentType::orderByAsc() at D:/2.ANDROID/3.FlutterVSCode/projects/SHE Inspection System/backend/she-api/vendor/laravel/framework/src/Illuminate/Support/Traits/ForwardsCalls.php:67)
[stacktrace]
#0 D:/2.ANDROID/3.FlutterVSCode/projects/SHE Inspection System/backend/she-api/vendor/laravel/framework/src/Illuminate/Support/Traits/ForwardsCalls.php(36): Illuminate/Database/Eloquent/Model::throwBadMethodCallException('orderByAsc')
#1 D:/2.ANDROID/3.FlutterVSCode/projects/SHE Inspection System/backend/she-api/vendor/laravel/framework/src/Illuminate/Database/Eloquent/Model.php(2372): Illuminate/Database/Eloquent/Model->forwardCallTo(Object(Illuminate/Database/Eloquent/Builder), 'orderByAsc', Array)
#2 D:/2.ANDROID/3.FlutterVSCode/projects/SHE Inspection System/backend/she-api/vendor/laravel/framework/src/Illuminate/Database/Eloquent/Model.php(2384): Illuminate/Database/Eloquent/Model->__call('orderByAsc', Array)
#3 D:/2.ANDROID/3.FlutterVSCode/projects/SHE Inspection System/backend/she-api/app/Http/Controllers/Api/IncidentTypeController.php(14): Illuminate/Database/Eloquent/Model::__callStatic('orderByAsc', Array)
#4 D:/2.ANDROID/3.FlutterVSCode/projects/SHE Inspection System/backend/she-api/vendor/laravel/framework/src/Illuminate/Routing/ControllerDispatcher.php(47): App/Http/Controllers/Api/IncidentTypeController->index(Object(Illuminate/Http/Request))
#5 D:/2.ANDROID/3.FlutterVSCode/projects/SHE Inspection System/backend/she-api/vendor/laravel/framework/src/Illuminate/Routing/Route.php(266): Illuminate/Routing/ControllerDispatcher->dispatch(Object(Illuminate/Routing/Route), Object(App/Http/Controllers/Api/IncidentTypeController), 'index')
#6 D:/2.ANDROID/3.FlutterVSCode/projects/SHE Inspection System/backend/she-api/vendor/laravel/framework/src/Illuminate/Routing/Route.php(212): Illuminate/Routing/Route->runController()
#7 D:/2.ANDROID/3.FlutterVSCode/projects/SHE Inspection System/backend/she-api/vendor/laravel/framework/src/Illuminate/Routing/Router.php(808): Illuminate/Routing/Route->run()
#8 D:/2.ANDROID/3.FlutterVSCode/projects/SHE Inspection System/backend/she-api/vendor/laravel/framework/src/Illuminate/Pipeline/Pipeline.php(170): Illuminate/Routing/Router->Illuminate/Routing/{closure}(Object(Illuminate/Http/Request))
#9 D:/2.ANDROID/3.FlutterVSCode/projects/SHE Inspection System/backend/she-api/vendor/laravel/framework/src/Illuminate/Routing/Middleware/SubstituteBindings.php(51): Illuminate/Pipeline/Pipeline->Illuminate/Pipeline/{closure}(Object(Illuminate/Http/Request))
#10 D:/2.ANDROID/3.FlutterVSCode/projects/SHE Inspection System/backend/she-api/vendor/laravel/framework/src/Illuminate/Pipeline/Pipeline.php(209): Illuminate/Routing/Middleware/SubstituteBindings->handle(Object(Illuminate/Http/Request), Object(Closure))
#11 D:/2.ANDROID/3.FlutterVSCode/projects/SHE Inspection System/backend/she-api/vendor/laravel/framework/src/Illuminate/Auth/Middleware/Authenticate.php(64): Illuminate/Pipeline/Pipeline->Illuminate/Pipeline/{closure}(Object(Illuminate/Http/Request))
#12 D:/2.ANDROID/3.FlutterVSCode/projects/SHE Inspection System/backend/she-api/vendor/laravel/framework/src/Illuminate/Pipeline/Pipeline.php(209): Illuminate/Auth/Middleware/Authenticate->handle(Object(Illuminate/Http/Request), Object(Closure), 'sanctum')
#13 D:/2.ANDROID/3.FlutterVSCode/projects/SHE Inspection System/backend/she-api/vendor/laravel/framework/src/Illuminate/Pipeline/Pipeline.php(127): Illuminate/Pipeline/Pipeline->Illuminate/Pipeline/{closure}(Object(Illuminate/Http/Request))
#14 D:/2.ANDROID/3.FlutterVSCode/projects/SHE Inspection System/backend/she-api/vendor/laravel/framework/src/Illuminate/Routing/Router.php(807): Illuminate/Pipeline/Pipeline->then(Object(Closure))
#15 D:/2.ANDROID/3.FlutterVSCode/projects/SHE Inspection System/backend/she-api/vendor/laravel/framework/src/Illuminate/Routing/Router.php(786): Illuminate/Routing/Router->runRouteWithinStack(Object(Illuminate/Routing/Route), Object(Illuminate/Http/Request))
#16 D:/2.ANDROID/3.FlutterVSCode/projects/SHE Inspection System/backend/she-api/vendor/laravel/framework/src/Illuminate/Routing/Router.php(750): Illuminate/Routing/Router->runRoute(Object(Illuminate/Http/Request), Object(Illuminate/Routing/Route))
#17 D:/2.ANDROID/3.FlutterVSCode/projects/SHE Inspection System/backend/she-api/vendor/laravel/framework/src/Illuminate/Routing/Router.php(739): Illuminate/Routing/Router->dispatchToRoute(Object(Illuminate/Http/Request))
#18 D:/2.ANDROID/3.FlutterVSCode/projects/SHE Inspection System/backend/she-api/vendor/laravel/framework/src/Illuminate/Foundation/Http/Kernel.php(201): Illuminate/Routing/Router->dispatch(Object(Illuminate/Http/Request))
#19 D:/2.ANDROID/3.FlutterVSCode/projects/SHE Inspection System/backend/she-api/vendor/laravel/framework/src/Illuminate/Pipeline/Pipeline.php(170): Illuminate/Foundation/Http/Kernel->Illuminate/Foundation/Http/{closure}(Object(Illuminate/Http/Request))
#20 D:/2.ANDROID/3.FlutterVSCode/projects/SHE Inspection System/backend/she-api/vendor/laravel/framework/src/Illuminate/Foundation/Http/Middleware/TransformsRequest.php(21): Illuminate/Pipeline/Pipeline->Illuminate/Pipeline/{closure}(Object(Illuminate/Http/Request))
#21 D:/2.ANDROID/3.FlutterVSCode/projects/SHE Inspection System/backend/she-api/vendor/laravel/framework/src/Illuminate/Foundation/Http/Middleware/ConvertEmptyStringsToNull.php(31): Illuminate/Foundation/Http/Middleware/TransformsRequest->handle(Object(Illuminate/Http/Request), Object(Closure))
#22 D:/2.ANDROID/3.FlutterVSCode/projects/SHE Inspection System/backend/she-api/vendor/laravel/framework/src/Illuminate/Pipeline/Pipeline.php(209): Illuminate/Foundation/Http/Middleware/ConvertEmptyStringsToNull->handle(Object(Illuminate/Http/Request), Object(Closure))
#23 D:/2.ANDROID/3.FlutterVSCode/projects/SHE Inspection System/backend/she-api/vendor/laravel/framework/src/Illuminate/Foundation/Http/Middleware/TransformsRequest.php(21): Illuminate/Pipeline/Pipeline->Illuminate/Pipeline/{closure}(Object(Illuminate/Http/Request))
#24 D:/2.ANDROID/3.FlutterVSCode/projects/SHE Inspection System/backend/she-api/vendor/laravel/framework/src/Illuminate/Foundation/Http/Middleware/TrimStrings.php(51): Illuminate/Foundation/Http/Middleware/TransformsRequest->handle(Object(Illuminate/Http/Request), Object(Closure))
#25 D:/2.ANDROID/3.FlutterVSCode/projects/SHE Inspection System/backend/she-api/vendor/laravel/framework/src/Illuminate/Pipeline/Pipeline.php(209): Illuminate/Foundation/Http/Middleware/TrimStrings->handle(Object(Illuminate/Http/Request), Object(Closure))
#26 D:/2.ANDROID/3.FlutterVSCode/projects/SHE Inspection System/backend/she-api/vendor/laravel/framework/src/Illuminate/Http/Middleware/ValidatePostSize.php(27): Illuminate/Pipeline/Pipeline->Illuminate/Pipeline/{closure}(Object(Illuminate/Http/Request))
#27 D:/2.ANDROID/3.FlutterVSCode/projects/SHE Inspection System/backend/she-api/vendor/laravel/framework/src/Illuminate/Pipeline/Pipeline.php(209): Illuminate/Http/Middleware/ValidatePostSize->handle(Object(Illuminate/Http/Request), Object(Closure))
#28 D:/2.ANDROID/3.FlutterVSCode/projects/SHE Inspection System/backend/she-api/vendor/laravel/framework/src/Illuminate/Foundation/Http/Middleware/PreventRequestsDuringMaintenance.php(110): Illuminate/Pipeline/Pipeline->Illuminate/Pipeline/{closure}(Object(Illuminate/Http/Request))
#29 D:/2.ANDROID/3.FlutterVSCode/projects/SHE Inspection System/backend/she-api/vendor/laravel/framework/src/Illuminate/Pipeline/Pipeline.php(209): Illuminate/Foundation/Http/Middleware/PreventRequestsDuringMaintenance->handle(Object(Illuminate/Http/Request), Object(Closure))
#30 D:/2.ANDROID/3.FlutterVSCode/projects/SHE Inspection System/backend/she-api/vendor/laravel/framework/src/Illuminate/Http/Middleware/HandleCors.php(62): Illuminate/Pipeline/Pipeline->Illuminate/Pipeline/{closure}(Object(Illuminate/Http/Request))
#31 D:/2.ANDROID/3.FlutterVSCode/projects/SHE Inspection System/backend/she-api/vendor/laravel/framework/src/Illuminate/Pipeline/Pipeline.php(209): Illuminate/Http/Middleware/HandleCors->handle(Object(Illuminate/Http/Request), Object(Closure))
#32 D:/2.ANDROID/3.FlutterVSCode/projects/SHE Inspection System/backend/she-api/vendor/laravel/framework/src/Illuminate/Http/Middleware/TrustProxies.php(58): Illuminate/Pipeline/Pipeline->Illuminate/Pipeline/{closure}(Object(Illuminate/Http/Request))
#33 D:/2.ANDROID/3.FlutterVSCode/projects/SHE Inspection System/backend/she-api/vendor/laravel/framework/src/Illuminate/Pipeline/Pipeline.php(209): Illuminate/Http/Middleware/TrustProxies->handle(Object(Illuminate/Http/Request), Object(Closure))
#34 D:/2.ANDROID/3.FlutterVSCode/projects/SHE Inspection System/backend/she-api/vendor/laravel/framework/src/Illuminate/Foundation/Http/Middleware/InvokeDeferredCallbacks.php(22): Illuminate/Pipeline/Pipeline->Illuminate/Pipeline/{closure}(Object(Illuminate/Http/Request))
#35 D:/2.ANDROID/3.FlutterVSCode/projects/SHE Inspection System/backend/she-api/vendor/laravel/framework/src/Illuminate/Pipeline/Pipeline.php(209): Illuminate/Foundation/Http/Middleware/InvokeDeferredCallbacks->handle(Object(Illuminate/Http/Request), Object(Closure))
#36 D:/2.ANDROID/3.FlutterVSCode/projects/SHE Inspection System/backend/she-api/vendor/laravel/framework/src/Illuminate/Pipeline/Pipeline.php(127): Illuminate/Pipeline/Pipeline->Illuminate/Pipeline/{closure}(Object(Illuminate/Http/Request))
#37 D:/2.ANDROID/3.FlutterVSCode/projects/SHE Inspection System/backend/she-api/vendor/laravel/framework/src/Illuminate/Foundation/Http/Kernel.php(176): Illuminate/Pipeline/Pipeline->then(Object(Closure))
#38 D:/2.ANDROID/3.FlutterVSCode/projects/SHE Inspection System/backend/she-api/vendor/laravel/framework/src/Illuminate/Foundation/Http/Kernel.php(145): Illuminate/Foundation/Http/Kernel->sendRequestThroughRouter(Object(Illuminate/Http/Request))
#39 D:/2.ANDROID/3.FlutterVSCode/projects/SHE Inspection System/backend/she-api/vendor/laravel/framework/src/Illuminate/Foundation/Application.php(1220): Illuminate/Foundation/Http/Kernel->handle(Object(Illuminate/Http/Request))
#40 D:/2.ANDROID/3.FlutterVSCode/projects/SHE Inspection System/backend/she-api/public/index.php(20): Illuminate/Foundation/Application->handleRequest(Object(Illuminate/Http/Request))
#41 D:/2.ANDROID/3.FlutterVSCode/projects/SHE Inspection System/backend/she-api/vendor/laravel/framework/src/Illuminate/Foundation/resources/server.php(23): require_once('D://2.ANDROID//3....')
#42 {main}
"} 
[2026-07-01 15:57:38] local.ERROR: SQLSTATE[42S02]: Base table or view not found: 1146 Table 'she_inspection.locations' doesn't exist (Connection: mysql, SQL: select * from `locations` order by `created_at` desc) {"userId":1,"exception":"[object] (Illuminate\\Database\\QueryException(code: 42S02): SQLSTATE[42S02]: Base table or view not found: 1146 Table 'she_inspection.locations' doesn't exist (Connection: mysql, SQL: select * from `locations` order by `created_at` desc) at D:/2.ANDROID/3.FlutterVSCode/projects/SHE Inspection System/backend/she-api/vendor/laravel/framework/src/Illuminate/Database/Connection.php:825)
[stacktrace]
#0 D:/2.ANDROID/3.FlutterVSCode/projects/SHE Inspection System/backend/she-api/vendor/laravel/framework/src/Illuminate/Database/Connection.php(779): Illuminate/Database/Connection->runQueryCallback('select * from `...', Array, Object(Closure))
#1 D:/2.ANDROID/3.FlutterVSCode/projects/SHE Inspection System/backend/she-api/vendor/laravel/framework/src/Illuminate/Database/Connection.php(398): Illuminate/Database/Connection->run('select * from `...', Array, Object(Closure))
#2 D:/2.ANDROID/3.FlutterVSCode/projects/SHE Inspection System/backend/she-api/vendor/laravel/framework/src/Illuminate/Database/Query/Builder.php(3106): Illuminate/Database/Connection->select('select * from `...', Array, true)
#3 D:/2.ANDROID/3.FlutterVSCode/projects/SHE Inspection System/backend/she-api/vendor/laravel/framework/src/Illuminate/Database/Query/Builder.php(3091): Illuminate/Database/Query/Builder->runSelect()
#4 D:/2.ANDROID/3.FlutterVSCode/projects/SHE Inspection System/backend/she-api/vendor/laravel/framework/src/Illuminate/Database/Query/Builder.php(3676): Illuminate/Database/Query/Builder->Illuminate/Database/Query/{closure}()
#5 D:/2.ANDROID/3.FlutterVSCode/projects/SHE Inspection System/backend/she-api/vendor/laravel/framework/src/Illuminate/Database/Query/Builder.php(3090): Illuminate/Database/Query/Builder->onceWithColumns(Array, Object(Closure))
#6 D:/2.ANDROID/3.FlutterVSCode/projects/SHE Inspection System/backend/she-api/vendor/laravel/framework/src/Illuminate/Database/Eloquent/Builder.php(811): Illuminate/Database/Query/Builder->get(Array)
#7 D:/2.ANDROID/3.FlutterVSCode/projects/SHE Inspection System/backend/she-api/vendor/laravel/framework/src/Illuminate/Database/Eloquent/Builder.php(793): Illuminate/Database/Eloquent/Builder->getModels(Array)
#8 D:/2.ANDROID/3.FlutterVSCode/projects/SHE Inspection System/backend/she-api/app/Http/Controllers/Api/LocationController.php(16): Illuminate/Database/Eloquent/Builder->get()
#9 D:/2.ANDROID/3.FlutterVSCode/projects/SHE Inspection System/backend/she-api/vendor/laravel/framework/src/Illuminate/Routing/ControllerDispatcher.php(47): App/Http/Controllers/Api/LocationController->index(Object(Illuminate/Http/Request))
#10 D:/2.ANDROID/3.FlutterVSCode/projects/SHE Inspection System/backend/she-api/vendor/laravel/framework/src/Illuminate/Routing/Route.php(266): Illuminate/Routing/ControllerDispatcher->dispatch(Object(Illuminate/Routing/Route), Object(App/Http/Controllers/Api/LocationController), 'index')
#11 D:/2.ANDROID/3.FlutterVSCode/projects/SHE Inspection System/backend/she-api/vendor/laravel/framework/src/Illuminate/Routing/Route.php(212): Illuminate/Routing/Route->runController()
#12 D:/2.ANDROID/3.FlutterVSCode/projects/SHE Inspection System/backend/she-api/vendor/laravel/framework/src/Illuminate/Routing/Router.php(808): Illuminate/Routing/Route->run()
#13 D:/2.ANDROID/3.FlutterVSCode/projects/SHE Inspection System/backend/she-api/vendor/laravel/framework/src/Illuminate/Pipeline/Pipeline.php(170): Illuminate/Routing/Router->Illuminate/Routing/{closure}(Object(Illuminate/Http/Request))
#14 D:/2.ANDROID/3.FlutterVSCode/projects/SHE Inspection System/backend/she-api/vendor/laravel/framework/src/Illuminate/Routing/Middleware/SubstituteBindings.php(51): Illuminate/Pipeline/Pipeline->Illuminate/Pipeline/{closure}(Object(Illuminate/Http/Request))
#15 D:/2.ANDROID/3.FlutterVSCode/projects/SHE Inspection System/backend/she-api/vendor/laravel/framework/src/Illuminate/Pipeline/Pipeline.php(209): Illuminate/Routing/Middleware/SubstituteBindings->handle(Object(Illuminate/Http/Request), Object(Closure))
#16 D:/2.ANDROID/3.FlutterVSCode/projects/SHE Inspection System/backend/she-api/vendor/laravel/framework/src/Illuminate/Auth/Middleware/Authenticate.php(64): Illuminate/Pipeline/Pipeline->Illuminate/Pipeline/{closure}(Object(Illuminate/Http/Request))
#17 D:/2.ANDROID/3.FlutterVSCode/projects/SHE Inspection System/backend/she-api/vendor/laravel/framework/src/Illuminate/Pipeline/Pipeline.php(209): Illuminate/Auth/Middleware/Authenticate->handle(Object(Illuminate/Http/Request), Object(Closure), 'sanctum')
#18 D:/2.ANDROID/3.FlutterVSCode/projects/SHE Inspection System/backend/she-api/vendor/laravel/framework/src/Illuminate/Pipeline/Pipeline.php(127): Illuminate/Pipeline/Pipeline->Illuminate/Pipeline/{closure}(Object(Illuminate/Http/Request))
#19 D:/2.ANDROID/3.FlutterVSCode/projects/SHE Inspection System/backend/she-api/vendor/laravel/framework/src/Illuminate/Routing/Router.php(807): Illuminate/Pipeline/Pipeline->then(Object(Closure))
#20 D:/2.ANDROID/3.FlutterVSCode/projects/SHE Inspection System/backend/she-api/vendor/laravel/framework/src/Illuminate/Routing/Router.php(786): Illuminate/Routing/Router->runRouteWithinStack(Object(Illuminate/Routing/Route), Object(Illuminate/Http/Request))
#21 D:/2.ANDROID/3.FlutterVSCode/projects/SHE Inspection System/backend/she-api/vendor/laravel/framework/src/Illuminate/Routing/Router.php(750): Illuminate/Routing/Router->runRoute(Object(Illuminate/Http/Request), Object(Illuminate/Routing/Route))
#22 D:/2.ANDROID/3.FlutterVSCode/projects/SHE Inspection System/backend/she-api/vendor/laravel/framework/src/Illuminate/Routing/Router.php(739): Illuminate/Routing/Router->dispatchToRoute(Object(Illuminate/Http/Request))
#23 D:/2.ANDROID/3.FlutterVSCode/projects/SHE Inspection System/backend/she-api/vendor/laravel/framework/src/Illuminate/Foundation/Http/Kernel.php(201): Illuminate/Routing/Router->dispatch(Object(Illuminate/Http/Request))
#24 D:/2.ANDROID/3.FlutterVSCode/projects/SHE Inspection System/backend/she-api/vendor/laravel/framework/src/Illuminate/Pipeline/Pipeline.php(170): Illuminate/Foundation/Http/Kernel->Illuminate/Foundation/Http/{closure}(Object(Illuminate/Http/Request))
#25 D:/2.ANDROID/3.FlutterVSCode/projects/SHE Inspection System/backend/she-api/vendor/laravel/framework/src/Illuminate/Foundation/Http/Middleware/TransformsRequest.php(21): Illuminate/Pipeline/Pipeline->Illuminate/Pipeline/{closure}(Object(Illuminate/Http/Request))
#26 D:/2.ANDROID/3.FlutterVSCode/projects/SHE Inspection System/backend/she-api/vendor/laravel/framework/src/Illuminate/Foundation/Http/Middleware/ConvertEmptyStringsToNull.php(31): Illuminate/Foundation/Http/Middleware/TransformsRequest->handle(Object(Illuminate/Http/Request), Object(Closure))
#27 D:/2.ANDROID/3.FlutterVSCode/projects/SHE Inspection System/backend/she-api/vendor/laravel/framework/src/Illuminate/Pipeline/Pipeline.php(209): Illuminate/Foundation/Http/Middleware/ConvertEmptyStringsToNull->handle(Object(Illuminate/Http/Request), Object(Closure))
#28 D:/2.ANDROID/3.FlutterVSCode/projects/SHE Inspection System/backend/she-api/vendor/laravel/framework/src/Illuminate/Foundation/Http/Middleware/TransformsRequest.php(21): Illuminate/Pipeline/Pipeline->Illuminate/Pipeline/{closure}(Object(Illuminate/Http/Request))
#29 D:/2.ANDROID/3.FlutterVSCode/projects/SHE Inspection System/backend/she-api/vendor/laravel/framework/src/Illuminate/Foundation/Http/Middleware/TrimStrings.php(51): Illuminate/Foundation/Http/Middleware/TransformsRequest->handle(Object(Illuminate/Http/Request), Object(Closure))
#30 D:/2.ANDROID/3.FlutterVSCode/projects/SHE Inspection System/backend/she-api/vendor/laravel/framework/src/Illuminate/Pipeline/Pipeline.php(209): Illuminate/Foundation/Http/Middleware/TrimStrings->handle(Object(Illuminate/Http/Request), Object(Closure))
#31 D:/2.ANDROID/3.FlutterVSCode/projects/SHE Inspection System/backend/she-api/vendor/laravel/framework/src/Illuminate/Http/Middleware/ValidatePostSize.php(27): Illuminate/Pipeline/Pipeline->Illuminate/Pipeline/{closure}(Object(Illuminate/Http/Request))
#32 D:/2.ANDROID/3.FlutterVSCode/projects/SHE Inspection System/backend/she-api/vendor/laravel/framework/src/Illuminate/Pipeline/Pipeline.php(209): Illuminate/Http/Middleware/ValidatePostSize->handle(Object(Illuminate/Http/Request), Object(Closure))
#33 D:/2.ANDROID/3.FlutterVSCode/projects/SHE Inspection System/backend/she-api/vendor/laravel/framework/src/Illuminate/Foundation/Http/Middleware/PreventRequestsDuringMaintenance.php(110): Illuminate/Pipeline/Pipeline->Illuminate/Pipeline/{closure}(Object(Illuminate/Http/Request))
#34 D:/2.ANDROID/3.FlutterVSCode/projects/SHE Inspection System/backend/she-api/vendor/laravel/framework/src/Illuminate/Pipeline/Pipeline.php(209): Illuminate/Foundation/Http/Middleware/PreventRequestsDuringMaintenance->handle(Object(Illuminate/Http/Request), Object(Closure))
#35 D:/2.ANDROID/3.FlutterVSCode/projects/SHE Inspection System/backend/she-api/vendor/laravel/framework/src/Illuminate/Http/Middleware/HandleCors.php(62): Illuminate/Pipeline/Pipeline->Illuminate/Pipeline/{closure}(Object(Illuminate/Http/Request))
#36 D:/2.ANDROID/3.FlutterVSCode/projects/SHE Inspection System/backend/she-api/vendor/laravel/framework/src/Illuminate/Pipeline/Pipeline.php(209): Illuminate/Http/Middleware/HandleCors->handle(Object(Illuminate/Http/Request), Object(Closure))
#37 D:/2.ANDROID/3.FlutterVSCode/projects/SHE Inspection System/backend/she-api/vendor/laravel/framework/src/Illuminate/Http/Middleware/TrustProxies.php(58): Illuminate/Pipeline/Pipeline->Illuminate/Pipeline/{closure}(Object(Illuminate/Http/Request))
#38 D:/2.ANDROID/3.FlutterVSCode/projects/SHE Inspection System/backend/she-api/vendor/laravel/framework/src/Illuminate/Pipeline/Pipeline.php(209): Illuminate/Http/Middleware/TrustProxies->handle(Object(Illuminate/Http/Request), Object(Closure))
#39 D:/2.ANDROID/3.FlutterVSCode/projects/SHE Inspection System/backend/she-api/vendor/laravel/framework/src/Illuminate/Foundation/Http/Middleware/InvokeDeferredCallbacks.php(22): Illuminate/Pipeline/Pipeline->Illuminate/Pipeline/{closure}(Object(Illuminate/Http/Request))
#40 D:/2.ANDROID/3.FlutterVSCode/projects/SHE Inspection System/backend/she-api/vendor/laravel/framework/src/Illuminate/Pipeline/Pipeline.php(209): Illuminate/Foundation/Http/Middleware/InvokeDeferredCallbacks->handle(Object(Illuminate/Http/Request), Object(Closure))
#41 D:/2.ANDROID/3.FlutterVSCode/projects/SHE Inspection System/backend/she-api/vendor/laravel/framework/src/Illuminate/Pipeline/Pipeline.php(127): Illuminate/Pipeline/Pipeline->Illuminate/Pipeline/{closure}(Object(Illuminate/Http/Request))
#42 D:/2.ANDROID/3.FlutterVSCode/projects/SHE Inspection System/backend/she-api/vendor/laravel/framework/src/Illuminate/Foundation/Http/Kernel.php(176): Illuminate/Pipeline/Pipeline->then(Object(Closure))
#43 D:/2.ANDROID/3.FlutterVSCode/projects/SHE Inspection System/backend/she-api/vendor/laravel/framework/src/Illuminate/Foundation/Http/Kernel.php(145): Illuminate/Foundation/Http/Kernel->sendRequestThroughRouter(Object(Illuminate/Http/Request))
#44 D:/2.ANDROID/3.FlutterVSCode/projects/SHE Inspection System/backend/she-api/vendor/laravel/framework/src/Illuminate/Foundation/Application.php(1220): Illuminate/Foundation/Http/Kernel->handle(Object(Illuminate/Http/Request))
#45 D:/2.ANDROID/3.FlutterVSCode/projects/SHE Inspection System/backend/she-api/public/index.php(20): Illuminate/Foundation/Application->handleRequest(Object(Illuminate/Http/Request))
#46 D:/2.ANDROID/3.FlutterVSCode/projects/SHE Inspection System/backend/she-api/vendor/laravel/framework/src/Illuminate/Foundation/resources/server.php(23): require_once('D://2.ANDROID//3....')
#47 {main}

[previous exception] [object] (PDOException(code: 42S02): SQLSTATE[42S02]: Base table or view not found: 1146 Table 'she_inspection.locations' doesn't exist at D:/2.ANDROID/3.FlutterVSCode/projects/SHE Inspection System/backend/she-api/vendor/laravel/framework/src/Illuminate/Database/Connection.php:407)
[stacktrace]
#0 D:/2.ANDROID/3.FlutterVSCode/projects/SHE Inspection System/backend/she-api/vendor/laravel/framework/src/Illuminate/Database/Connection.php(407): PDO->prepare('select * from `...')
#1 D:/2.ANDROID/3.FlutterVSCode/projects/SHE Inspection System/backend/she-api/vendor/laravel/framework/src/Illuminate/Database/Connection.php(812): Illuminate/Database/Connection->Illuminate/Database/{closure}('select * from `...', Array)
#2 D:/2.ANDROID/3.FlutterVSCode/projects/SHE Inspection System/backend/she-api/vendor/laravel/framework/src/Illuminate/Database/Connection.php(779): Illuminate/Database/Connection->runQueryCallback('select * from `...', Array, Object(Closure))
#3 D:/2.ANDROID/3.FlutterVSCode/projects/SHE Inspection System/backend/she-api/vendor/laravel/framework/src/Illuminate/Database/Connection.php(398): Illuminate/Database/Connection->run('select * from `...', Array, Object(Closure))
#4 D:/2.ANDROID/3.FlutterVSCode/projects/SHE Inspection System/backend/she-api/vendor/laravel/framework/src/Illuminate/Database/Query/Builder.php(3106): Illuminate/Database/Connection->select('select * from `...', Array, true)
#5 D:/2.ANDROID/3.FlutterVSCode/projects/SHE Inspection System/backend/she-api/vendor/laravel/framework/src/Illuminate/Database/Query/Builder.php(3091): Illuminate/Database/Query/Builder->runSelect()
#6 D:/2.ANDROID/3.FlutterVSCode/projects/SHE Inspection System/backend/she-api/vendor/laravel/framework/src/Illuminate/Database/Query/Builder.php(3676): Illuminate/Database/Query/Builder->Illuminate/Database/Query/{closure}()
#7 D:/2.ANDROID/3.FlutterVSCode/projects/SHE Inspection System/backend/she-api/vendor/laravel/framework/src/Illuminate/Database/Query/Builder.php(3090): Illuminate/Database/Query/Builder->onceWithColumns(Array, Object(Closure))
#8 D:/2.ANDROID/3.FlutterVSCode/projects/SHE Inspection System/backend/she-api/vendor/laravel/framework/src/Illuminate/Database/Eloquent/Builder.php(811): Illuminate/Database/Query/Builder->get(Array)
#9 D:/2.ANDROID/3.FlutterVSCode/projects/SHE Inspection System/backend/she-api/vendor/laravel/framework/src/Illuminate/Database/Eloquent/Builder.php(793): Illuminate/Database/Eloquent/Builder->getModels(Array)
#10 D:/2.ANDROID/3.FlutterVSCode/projects/SHE Inspection System/backend/she-api/app/Http/Controllers/Api/LocationController.php(16): Illuminate/Database/Eloquent/Builder->get()
#11 D:/2.ANDROID/3.FlutterVSCode/projects/SHE Inspection System/backend/she-api/vendor/laravel/framework/src/Illuminate/Routing/ControllerDispatcher.php(47): App/Http/Controllers/Api/LocationController->index(Object(Illuminate/Http/Request))
#12 D:/2.ANDROID/3.FlutterVSCode/projects/SHE Inspection System/backend/she-api/vendor/laravel/framework/src/Illuminate/Routing/Route.php(266): Illuminate/Routing/ControllerDispatcher->dispatch(Object(Illuminate/Routing/Route), Object(App/Http/Controllers/Api/LocationController), 'index')
#13 D:/2.ANDROID/3.FlutterVSCode/projects/SHE Inspection System/backend/she-api/vendor/laravel/framework/src/Illuminate/Routing/Route.php(212): Illuminate/Routing/Route->runController()
#14 D:/2.ANDROID/3.FlutterVSCode/projects/SHE Inspection System/backend/she-api/vendor/laravel/framework/src/Illuminate/Routing/Router.php(808): Illuminate/Routing/Route->run()
#15 D:/2.ANDROID/3.FlutterVSCode/projects/SHE Inspection System/backend/she-api/vendor/laravel/framework/src/Illuminate/Pipeline/Pipeline.php(170): Illuminate/Routing/Router->Illuminate/Routing/{closure}(Object(Illuminate/Http/Request))
#16 D:/2.ANDROID/3.FlutterVSCode/projects/SHE Inspection System/backend/she-api/vendor/laravel/framework/src/Illuminate/Routing/Middleware/SubstituteBindings.php(51): Illuminate/Pipeline/Pipeline->Illuminate/Pipeline/{closure}(Object(Illuminate/Http/Request))
#17 D:/2.ANDROID/3.FlutterVSCode/projects/SHE Inspection System/backend/she-api/vendor/laravel/framework/src/Illuminate/Pipeline/Pipeline.php(209): Illuminate/Routing/Middleware/SubstituteBindings->handle(Object(Illuminate/Http/Request), Object(Closure))
#18 D:/2.ANDROID/3.FlutterVSCode/projects/SHE Inspection System/backend/she-api/vendor/laravel/framework/src/Illuminate/Auth/Middleware/Authenticate.php(64): Illuminate/Pipeline/Pipeline->Illuminate/Pipeline/{closure}(Object(Illuminate/Http/Request))
#19 D:/2.ANDROID/3.FlutterVSCode/projects/SHE Inspection System/backend/she-api/vendor/laravel/framework/src/Illuminate/Pipeline/Pipeline.php(209): Illuminate/Auth/Middleware/Authenticate->handle(Object(Illuminate/Http/Request), Object(Closure), 'sanctum')
#20 D:/2.ANDROID/3.FlutterVSCode/projects/SHE Inspection System/backend/she-api/vendor/laravel/framework/src/Illuminate/Pipeline/Pipeline.php(127): Illuminate/Pipeline/Pipeline->Illuminate/Pipeline/{closure}(Object(Illuminate/Http/Request))
#21 D:/2.ANDROID/3.FlutterVSCode/projects/SHE Inspection System/backend/she-api/vendor/laravel/framework/src/Illuminate/Routing/Router.php(807): Illuminate/Pipeline/Pipeline->then(Object(Closure))
#22 D:/2.ANDROID/3.FlutterVSCode/projects/SHE Inspection System/backend/she-api/vendor/laravel/framework/src/Illuminate/Routing/Router.php(786): Illuminate/Routing/Router->runRouteWithinStack(Object(Illuminate/Routing/Route), Object(Illuminate/Http/Request))
#23 D:/2.ANDROID/3.FlutterVSCode/projects/SHE Inspection System/backend/she-api/vendor/laravel/framework/src/Illuminate/Routing/Router.php(750): Illuminate/Routing/Router->runRoute(Object(Illuminate/Http/Request), Object(Illuminate/Routing/Route))
#24 D:/2.ANDROID/3.FlutterVSCode/projects/SHE Inspection System/backend/she-api/vendor/laravel/framework/src/Illuminate/Routing/Router.php(739): Illuminate/Routing/Router->dispatchToRoute(Object(Illuminate/Http/Request))
#25 D:/2.ANDROID/3.FlutterVSCode/projects/SHE Inspection System/backend/she-api/vendor/laravel/framework/src/Illuminate/Foundation/Http/Kernel.php(201): Illuminate/Routing/Router->dispatch(Object(Illuminate/Http/Request))
#26 D:/2.ANDROID/3.FlutterVSCode/projects/SHE Inspection System/backend/she-api/vendor/laravel/framework/src/Illuminate/Pipeline/Pipeline.php(170): Illuminate/Foundation/Http/Kernel->Illuminate/Foundation/Http/{closure}(Object(Illuminate/Http/Request))
#27 D:/2.ANDROID/3.FlutterVSCode/projects/SHE Inspection System/backend/she-api/vendor/laravel/framework/src/Illuminate/Foundation/Http/Middleware/TransformsRequest.php(21): Illuminate/Pipeline/Pipeline->Illuminate/Pipeline/{closure}(Object(Illuminate/Http/Request))
#28 D:/2.ANDROID/3.FlutterVSCode/projects/SHE Inspection System/backend/she-api/vendor/laravel/framework/src/Illuminate/Foundation/Http/Middleware/ConvertEmptyStringsToNull.php(31): Illuminate/Foundation/Http/Middleware/TransformsRequest->handle(Object(Illuminate/Http/Request), Object(Closure))
#29 D:/2.ANDROID/3.FlutterVSCode/projects/SHE Inspection System/backend/she-api/vendor/laravel/framework/src/Illuminate/Pipeline/Pipeline.php(209): Illuminate/Foundation/Http/Middleware/ConvertEmptyStringsToNull->handle(Object(Illuminate/Http/Request), Object(Closure))
#30 D:/2.ANDROID/3.FlutterVSCode/projects/SHE Inspection System/backend/she-api/vendor/laravel/framework/src/Illuminate/Foundation/Http/Middleware/TransformsRequest.php(21): Illuminate/Pipeline/Pipeline->Illuminate/Pipeline/{closure}(Object(Illuminate/Http/Request))
#31 D:/2.ANDROID/3.FlutterVSCode/projects/SHE Inspection System/backend/she-api/vendor/laravel/framework/src/Illuminate/Foundation/Http/Middleware/TrimStrings.php(51): Illuminate/Foundation/Http/Middleware/TransformsRequest->handle(Object(Illuminate/Http/Request), Object(Closure))
#32 D:/2.ANDROID/3.FlutterVSCode/projects/SHE Inspection System/backend/she-api/vendor/laravel/framework/src/Illuminate/Pipeline/Pipeline.php(209): Illuminate/Foundation/Http/Middleware/TrimStrings->handle(Object(Illuminate/Http/Request), Object(Closure))
#33 D:/2.ANDROID/3.FlutterVSCode/projects/SHE Inspection System/backend/she-api/vendor/laravel/framework/src/Illuminate/Http/Middleware/ValidatePostSize.php(27): Illuminate/Pipeline/Pipeline->Illuminate/Pipeline/{closure}(Object(Illuminate/Http/Request))
#34 D:/2.ANDROID/3.FlutterVSCode/projects/SHE Inspection System/backend/she-api/vendor/laravel/framework/src/Illuminate/Pipeline/Pipeline.php(209): Illuminate/Http/Middleware/ValidatePostSize->handle(Object(Illuminate/Http/Request), Object(Closure))
#35 D:/2.ANDROID/3.FlutterVSCode/projects/SHE Inspection System/backend/she-api/vendor/laravel/framework/src/Illuminate/Foundation/Http/Middleware/PreventRequestsDuringMaintenance.php(110): Illuminate/Pipeline/Pipeline->Illuminate/Pipeline/{closure}(Object(Illuminate/Http/Request))
#36 D:/2.ANDROID/3.FlutterVSCode/projects/SHE Inspection System/backend/she-api/vendor/laravel/framework/src/Illuminate/Pipeline/Pipeline.php(209): Illuminate/Foundation/Http/Middleware/PreventRequestsDuringMaintenance->handle(Object(Illuminate/Http/Request), Object(Closure))
#37 D:/2.ANDROID/3.FlutterVSCode/projects/SHE Inspection System/backend/she-api/vendor/laravel/framework/src/Illuminate/Http/Middleware/HandleCors.php(62): Illuminate/Pipeline/Pipeline->Illuminate/Pipeline/{closure}(Object(Illuminate/Http/Request))
#38 D:/2.ANDROID/3.FlutterVSCode/projects/SHE Inspection System/backend/she-api/vendor/laravel/framework/src/Illuminate/Pipeline/Pipeline.php(209): Illuminate/Http/Middleware/HandleCors->handle(Object(Illuminate/Http/Request), Object(Closure))
#39 D:/2.ANDROID/3.FlutterVSCode/projects/SHE Inspection System/backend/she-api/vendor/laravel/framework/src/Illuminate/Http/Middleware/TrustProxies.php(58): Illuminate/Pipeline/Pipeline->Illuminate/Pipeline/{closure}(Object(Illuminate/Http/Request))
#40 D:/2.ANDROID/3.FlutterVSCode/projects/SHE Inspection System/backend/she-api/vendor/laravel/framework/src/Illuminate/Pipeline/Pipeline.php(209): Illuminate/Http/Middleware/TrustProxies->handle(Object(Illuminate/Http/Request), Object(Closure))
#41 D:/2.ANDROID/3.FlutterVSCode/projects/SHE Inspection System/backend/she-api/vendor/laravel/framework/src/Illuminate/Foundation/Http/Middleware/InvokeDeferredCallbacks.php(22): Illuminate/Pipeline/Pipeline->Illuminate/Pipeline/{closure}(Object(Illuminate/Http/Request))
#42 D:/2.ANDROID/3.FlutterVSCode/projects/SHE Inspection System/backend/she-api/vendor/laravel/framework/src/Illuminate/Pipeline/Pipeline.php(209): Illuminate/Foundation/Http/Middleware/InvokeDeferredCallbacks->handle(Object(Illuminate/Http/Request), Object(Closure))
#43 D:/2.ANDROID/3.FlutterVSCode/projects/SHE Inspection System/backend/she-api/vendor/laravel/framework/src/Illuminate/Pipeline/Pipeline.php(127): Illuminate/Pipeline/Pipeline->Illuminate/Pipeline/{closure}(Object(Illuminate/Http/Request))
#44 D:/2.ANDROID/3.FlutterVSCode/projects/SHE Inspection System/backend/she-api/vendor/laravel/framework/src/Illuminate/Foundation/Http/Kernel.php(176): Illuminate/Pipeline/Pipeline->then(Object(Closure))
#45 D:/2.ANDROID/3.FlutterVSCode/projects/SHE Inspection System/backend/she-api/vendor/laravel/framework/src/Illuminate/Foundation/Http/Kernel.php(145): Illuminate/Foundation/Http/Kernel->sendRequestThroughRouter(Object(Illuminate/Http/Request))
#46 D:/2.ANDROID/3.FlutterVSCode/projects/SHE Inspection System/backend/she-api/vendor/laravel/framework/src/Illuminate/Foundation/Application.php(1220): Illuminate/Foundation/Http/Kernel->handle(Object(Illuminate/Http/Request))
#47 D:/2.ANDROID/3.FlutterVSCode/projects/SHE Inspection System/backend/she-api/public/index.php(20): Illuminate/Foundation/Application->handleRequest(Object(Illuminate/Http/Request))
#48 D:/2.ANDROID/3.FlutterVSCode/projects/SHE Inspection System/backend/she-api/vendor/laravel/framework/src/Illuminate/Foundation/resources/server.php(23): require_once('D://2.ANDROID//3....')
#49 {main}
"} 
[2026-07-01 16:14:25] local.ERROR: SQLSTATE[42S02]: Base table or view not found: 1146 Table 'she_inspection.locations' doesn't exist (Connection: mysql, SQL: alter table `locations` add `keterangan1` text null after `address`) {"exception":"[object] (Illuminate\\Database\\QueryException(code: 42S02): SQLSTATE[42S02]: Base table or view not found: 1146 Table 'she_inspection.locations' doesn't exist (Connection: mysql, SQL: alter table `locations` add `keterangan1` text null after `address`) at D:/2.ANDROID/3.FlutterVSCode/projects/SHE Inspection System/backend/she-api/vendor/laravel/framework/src/Illuminate/Database/Connection.php:825)
[stacktrace]
#0 D:/2.ANDROID/3.FlutterVSCode/projects/SHE Inspection System/backend/she-api/vendor/laravel/framework/src/Illuminate/Database/Connection.php(779): Illuminate/Database/Connection->runQueryCallback('alter table `lo...', Array, Object(Closure))
#1 D:/2.ANDROID/3.FlutterVSCode/projects/SHE Inspection System/backend/she-api/vendor/laravel/framework/src/Illuminate/Database/Connection.php(560): Illuminate/Database/Connection->run('alter table `lo...', Array, Object(Closure))
#2 D:/2.ANDROID/3.FlutterVSCode/projects/SHE Inspection System/backend/she-api/vendor/laravel/framework/src/Illuminate/Database/Schema/Blueprint.php(118): Illuminate/Database/Connection->statement('alter table `lo...')
#3 D:/2.ANDROID/3.FlutterVSCode/projects/SHE Inspection System/backend/she-api/vendor/laravel/framework/src/Illuminate/Database/Schema/Builder.php(564): Illuminate/Database/Schema/Blueprint->build(Object(Illuminate/Database/MySqlConnection), Object(Illuminate/Database/Schema/Grammars/MySqlGrammar))
#4 D:/2.ANDROID/3.FlutterVSCode/projects/SHE Inspection System/backend/she-api/vendor/laravel/framework/src/Illuminate/Database/Schema/Builder.php(406): Illuminate/Database/Schema/Builder->build(Object(Illuminate/Database/Schema/Blueprint))
#5 D:/2.ANDROID/3.FlutterVSCode/projects/SHE Inspection System/backend/she-api/vendor/laravel/framework/src/Illuminate/Support/Facades/Facade.php(361): Illuminate/Database/Schema/Builder->table('locations', Object(Closure))
#6 D:/2.ANDROID/3.FlutterVSCode/projects/SHE Inspection System/backend/she-api/database/migrations/2026_07_01_161107_add_extended_fields_to_locations_table.php(14): Illuminate/Support/Facades/Facade::__callStatic('table', Array)
#7 D:/2.ANDROID/3.FlutterVSCode/projects/SHE Inspection System/backend/she-api/vendor/laravel/framework/src/Illuminate/Database/Migrations/Migrator.php(507): Illuminate/Database/Migrations/Migration@anonymous->up()
#8 D:/2.ANDROID/3.FlutterVSCode/projects/SHE Inspection System/backend/she-api/vendor/laravel/framework/src/Illuminate/Database/Migrations/Migrator.php(432): Illuminate/Database/Migrations/Migrator->runMethod(Object(Illuminate/Database/MySqlConnection), Object(Illuminate/Database/Migrations/Migration@anonymous), 'up')
#9 D:/2.ANDROID/3.FlutterVSCode/projects/SHE Inspection System/backend/she-api/vendor/laravel/framework/src/Illuminate/Database/Migrations/Migrator.php(441): Illuminate/Database/Migrations/Migrator->Illuminate/Database/Migrations/{closure}()
#10 D:/2.ANDROID/3.FlutterVSCode/projects/SHE Inspection System/backend/she-api/vendor/laravel/framework/src/Illuminate/Database/Migrations/Migrator.php(244): Illuminate/Database/Migrations/Migrator->runMigration(Object(Illuminate/Database/Migrations/Migration@anonymous), 'up')
#11 D:/2.ANDROID/3.FlutterVSCode/projects/SHE Inspection System/backend/she-api/vendor/laravel/framework/src/Illuminate/Console/View/Components/Task.php(40): Illuminate/Database/Migrations/Migrator->Illuminate/Database/Migrations/{closure}()
#12 D:/2.ANDROID/3.FlutterVSCode/projects/SHE Inspection System/backend/she-api/vendor/laravel/framework/src/Illuminate/Database/Migrations/Migrator.php(798): Illuminate/Console/View/Components/Task->render('2026_07_01_1611...', Object(Closure))
#13 D:/2.ANDROID/3.FlutterVSCode/projects/SHE Inspection System/backend/she-api/vendor/laravel/framework/src/Illuminate/Database/Migrations/Migrator.php(244): Illuminate/Database/Migrations/Migrator->write('Illuminate//Cons...', '2026_07_01_1611...', Object(Closure))
#14 D:/2.ANDROID/3.FlutterVSCode/projects/SHE Inspection System/backend/she-api/vendor/laravel/framework/src/Illuminate/Database/Migrations/Migrator.php(211): Illuminate/Database/Migrations/Migrator->runUp('D://2.ANDROID//3....', 3, false)
#15 D:/2.ANDROID/3.FlutterVSCode/projects/SHE Inspection System/backend/she-api/vendor/laravel/framework/src/Illuminate/Database/Migrations/Migrator.php(138): Illuminate/Database/Migrations/Migrator->runPending(Array, Array)
#16 D:/2.ANDROID/3.FlutterVSCode/projects/SHE Inspection System/backend/she-api/vendor/laravel/framework/src/Illuminate/Database/Console/Migrations/MigrateCommand.php(117): Illuminate/Database/Migrations/Migrator->run(Array, Array)
#17 D:/2.ANDROID/3.FlutterVSCode/projects/SHE Inspection System/backend/she-api/vendor/laravel/framework/src/Illuminate/Database/Migrations/Migrator.php(658): Illuminate/Database/Console/Migrations/MigrateCommand->Illuminate/Database/Console/Migrations/{closure}()
#18 D:/2.ANDROID/3.FlutterVSCode/projects/SHE Inspection System/backend/she-api/vendor/laravel/framework/src/Illuminate/Database/Console/Migrations/MigrateCommand.php(110): Illuminate/Database/Migrations/Migrator->usingConnection(NULL, Object(Closure))
#19 D:/2.ANDROID/3.FlutterVSCode/projects/SHE Inspection System/backend/she-api/vendor/laravel/framework/src/Illuminate/Database/Console/Migrations/MigrateCommand.php(89): Illuminate/Database/Console/Migrations/MigrateCommand->runMigrations()
#20 D:/2.ANDROID/3.FlutterVSCode/projects/SHE Inspection System/backend/she-api/vendor/laravel/framework/src/Illuminate/Container/BoundMethod.php(36): Illuminate/Database/Console/Migrations/MigrateCommand->handle()
#21 D:/2.ANDROID/3.FlutterVSCode/projects/SHE Inspection System/backend/she-api/vendor/laravel/framework/src/Illuminate/Container/Util.php(43): Illuminate/Container/BoundMethod::Illuminate/Container/{closure}()
#22 D:/2.ANDROID/3.FlutterVSCode/projects/SHE Inspection System/backend/she-api/vendor/laravel/framework/src/Illuminate/Container/BoundMethod.php(95): Illuminate/Container/Util::unwrapIfClosure(Object(Closure))
#23 D:/2.ANDROID/3.FlutterVSCode/projects/SHE Inspection System/backend/she-api/vendor/laravel/framework/src/Illuminate/Container/BoundMethod.php(35): Illuminate/Container/BoundMethod::callBoundMethod(Object(Illuminate/Foundation/Application), Array, Object(Closure))
#24 D:/2.ANDROID/3.FlutterVSCode/projects/SHE Inspection System/backend/she-api/vendor/laravel/framework/src/Illuminate/Container/Container.php(696): Illuminate/Container/BoundMethod::call(Object(Illuminate/Foundation/Application), Array, Array, NULL)
#25 D:/2.ANDROID/3.FlutterVSCode/projects/SHE Inspection System/backend/she-api/vendor/laravel/framework/src/Illuminate/Console/Command.php(213): Illuminate/Container/Container->call(Array)
#26 D:/2.ANDROID/3.FlutterVSCode/projects/SHE Inspection System/backend/she-api/vendor/symfony/console/Command/Command.php(341): Illuminate/Console/Command->execute(Object(Symfony/Component/Console/Input/ArgvInput), Object(Illuminate/Console/OutputStyle))
#27 D:/2.ANDROID/3.FlutterVSCode/projects/SHE Inspection System/backend/she-api/vendor/laravel/framework/src/Illuminate/Console/Command.php(182): Symfony/Component/Console/Command/Command->run(Object(Symfony/Component/Console/Input/ArgvInput), Object(Illuminate/Console/OutputStyle))
#28 D:/2.ANDROID/3.FlutterVSCode/projects/SHE Inspection System/backend/she-api/vendor/symfony/console/Application.php(1117): Illuminate/Console/Command->run(Object(Symfony/Component/Console/Input/ArgvInput), Object(Symfony/Component/Console/Output/ConsoleOutput))
#29 D:/2.ANDROID/3.FlutterVSCode/projects/SHE Inspection System/backend/she-api/vendor/symfony/console/Application.php(356): Symfony/Component/Console/Application->doRunCommand(Object(Illuminate/Database/Console/Migrations/MigrateCommand), Object(Symfony/Component/Console/Input/ArgvInput), Object(Symfony/Component/Console/Output/ConsoleOutput))
#30 D:/2.ANDROID/3.FlutterVSCode/projects/SHE Inspection System/backend/she-api/vendor/symfony/console/Application.php(195): Symfony/Component/Console/Application->doRun(Object(Symfony/Component/Console/Input/ArgvInput), Object(Symfony/Component/Console/Output/ConsoleOutput))
#31 D:/2.ANDROID/3.FlutterVSCode/projects/SHE Inspection System/backend/she-api/vendor/laravel/framework/src/Illuminate/Foundation/Console/Kernel.php(198): Symfony/Component/Console/Application->run(Object(Symfony/Component/Console/Input/ArgvInput), Object(Symfony/Component/Console/Output/ConsoleOutput))
#32 D:/2.ANDROID/3.FlutterVSCode/projects/SHE Inspection System/backend/she-api/artisan(11): Illuminate/Foundation/Console/Kernel->handle(Object(Symfony/Component/Console/Input/ArgvInput), Object(Symfony/Component/Console/Output/ConsoleOutput))
#33 {main}

[previous exception] [object] (PDOException(code: 42S02): SQLSTATE[42S02]: Base table or view not found: 1146 Table 'she_inspection.locations' doesn't exist at D:/2.ANDROID/3.FlutterVSCode/projects/SHE Inspection System/backend/she-api/vendor/laravel/framework/src/Illuminate/Database/Connection.php:571)
[stacktrace]
#0 D:/2.ANDROID/3.FlutterVSCode/projects/SHE Inspection System/backend/she-api/vendor/laravel/framework/src/Illuminate/Database/Connection.php(571): PDOStatement->execute()
#1 D:/2.ANDROID/3.FlutterVSCode/projects/SHE Inspection System/backend/she-api/vendor/laravel/framework/src/Illuminate/Database/Connection.php(812): Illuminate/Database/Connection->Illuminate/Database/{closure}('alter table `lo...', Array)
#2 D:/2.ANDROID/3.FlutterVSCode/projects/SHE Inspection System/backend/she-api/vendor/laravel/framework/src/Illuminate/Database/Connection.php(779): Illuminate/Database/Connection->runQueryCallback('alter table `lo...', Array, Object(Closure))
#3 D:/2.ANDROID/3.FlutterVSCode/projects/SHE Inspection System/backend/she-api/vendor/laravel/framework/src/Illuminate/Database/Connection.php(560): Illuminate/Database/Connection->run('alter table `lo...', Array, Object(Closure))
#4 D:/2.ANDROID/3.FlutterVSCode/projects/SHE Inspection System/backend/she-api/vendor/laravel/framework/src/Illuminate/Database/Schema/Blueprint.php(118): Illuminate/Database/Connection->statement('alter table `lo...')
#5 D:/2.ANDROID/3.FlutterVSCode/projects/SHE Inspection System/backend/she-api/vendor/laravel/framework/src/Illuminate/Database/Schema/Builder.php(564): Illuminate/Database/Schema/Blueprint->build(Object(Illuminate/Database/MySqlConnection), Object(Illuminate/Database/Schema/Grammars/MySqlGrammar))
#6 D:/2.ANDROID/3.FlutterVSCode/projects/SHE Inspection System/backend/she-api/vendor/laravel/framework/src/Illuminate/Database/Schema/Builder.php(406): Illuminate/Database/Schema/Builder->build(Object(Illuminate/Database/Schema/Blueprint))
#7 D:/2.ANDROID/3.FlutterVSCode/projects/SHE Inspection System/backend/she-api/vendor/laravel/framework/src/Illuminate/Support/Facades/Facade.php(361): Illuminate/Database/Schema/Builder->table('locations', Object(Closure))
#8 D:/2.ANDROID/3.FlutterVSCode/projects/SHE Inspection System/backend/she-api/database/migrations/2026_07_01_161107_add_extended_fields_to_locations_table.php(14): Illuminate/Support/Facades/Facade::__callStatic('table', Array)
#9 D:/2.ANDROID/3.FlutterVSCode/projects/SHE Inspection System/backend/she-api/vendor/laravel/framework/src/Illuminate/Database/Migrations/Migrator.php(507): Illuminate/Database/Migrations/Migration@anonymous->up()
#10 D:/2.ANDROID/3.FlutterVSCode/projects/SHE Inspection System/backend/she-api/vendor/laravel/framework/src/Illuminate/Database/Migrations/Migrator.php(432): Illuminate/Database/Migrations/Migrator->runMethod(Object(Illuminate/Database/MySqlConnection), Object(Illuminate/Database/Migrations/Migration@anonymous), 'up')
#11 D:/2.ANDROID/3.FlutterVSCode/projects/SHE Inspection System/backend/she-api/vendor/laravel/framework/src/Illuminate/Database/Migrations/Migrator.php(441): Illuminate/Database/Migrations/Migrator->Illuminate/Database/Migrations/{closure}()
#12 D:/2.ANDROID/3.FlutterVSCode/projects/SHE Inspection System/backend/she-api/vendor/laravel/framework/src/Illuminate/Database/Migrations/Migrator.php(244): Illuminate/Database/Migrations/Migrator->runMigration(Object(Illuminate/Database/Migrations/Migration@anonymous), 'up')
#13 D:/2.ANDROID/3.FlutterVSCode/projects/SHE Inspection System/backend/she-api/vendor/laravel/framework/src/Illuminate/Console/View/Components/Task.php(40): Illuminate/Database/Migrations/Migrator->Illuminate/Database/Migrations/{closure}()
#14 D:/2.ANDROID/3.FlutterVSCode/projects/SHE Inspection System/backend/she-api/vendor/laravel/framework/src/Illuminate/Database/Migrations/Migrator.php(798): Illuminate/Console/View/Components/Task->render('2026_07_01_1611...', Object(Closure))
#15 D:/2.ANDROID/3.FlutterVSCode/projects/SHE Inspection System/backend/she-api/vendor/laravel/framework/src/Illuminate/Database/Migrations/Migrator.php(244): Illuminate/Database/Migrations/Migrator->write('Illuminate//Cons...', '2026_07_01_1611...', Object(Closure))
#16 D:/2.ANDROID/3.FlutterVSCode/projects/SHE Inspection System/backend/she-api/vendor/laravel/framework/src/Illuminate/Database/Migrations/Migrator.php(211): Illuminate/Database/Migrations/Migrator->runUp('D://2.ANDROID//3....', 3, false)
#17 D:/2.ANDROID/3.FlutterVSCode/projects/SHE Inspection System/backend/she-api/vendor/laravel/framework/src/Illuminate/Database/Migrations/Migrator.php(138): Illuminate/Database/Migrations/Migrator->runPending(Array, Array)
#18 D:/2.ANDROID/3.FlutterVSCode/projects/SHE Inspection System/backend/she-api/vendor/laravel/framework/src/Illuminate/Database/Console/Migrations/MigrateCommand.php(117): Illuminate/Database/Migrations/Migrator->run(Array, Array)
#19 D:/2.ANDROID/3.FlutterVSCode/projects/SHE Inspection System/backend/she-api/vendor/laravel/framework/src/Illuminate/Database/Migrations/Migrator.php(658): Illuminate/Database/Console/Migrations/MigrateCommand->Illuminate/Database/Console/Migrations/{closure}()
#20 D:/2.ANDROID/3.FlutterVSCode/projects/SHE Inspection System/backend/she-api/vendor/laravel/framework/src/Illuminate/Database/Console/Migrations/MigrateCommand.php(110): Illuminate/Database/Migrations/Migrator->usingConnection(NULL, Object(Closure))
#21 D:/2.ANDROID/3.FlutterVSCode/projects/SHE Inspection System/backend/she-api/vendor/laravel/framework/src/Illuminate/Database/Console/Migrations/MigrateCommand.php(89): Illuminate/Database/Console/Migrations/MigrateCommand->runMigrations()
#22 D:/2.ANDROID/3.FlutterVSCode/projects/SHE Inspection System/backend/she-api/vendor/laravel/framework/src/Illuminate/Container/BoundMethod.php(36): Illuminate/Database/Console/Migrations/MigrateCommand->handle()
#23 D:/2.ANDROID/3.FlutterVSCode/projects/SHE Inspection System/backend/she-api/vendor/laravel/framework/src/Illuminate/Container/Util.php(43): Illuminate/Container/BoundMethod::Illuminate/Container/{closure}()
#24 D:/2.ANDROID/3.FlutterVSCode/projects/SHE Inspection System/backend/she-api/vendor/laravel/framework/src/Illuminate/Container/BoundMethod.php(95): Illuminate/Container/Util::unwrapIfClosure(Object(Closure))
#25 D:/2.ANDROID/3.FlutterVSCode/projects/SHE Inspection System/backend/she-api/vendor/laravel/framework/src/Illuminate/Container/BoundMethod.php(35): Illuminate/Container/BoundMethod::callBoundMethod(Object(Illuminate/Foundation/Application), Array, Object(Closure))
#26 D:/2.ANDROID/3.FlutterVSCode/projects/SHE Inspection System/backend/she-api/vendor/laravel/framework/src/Illuminate/Container/Container.php(696): Illuminate/Container/BoundMethod::call(Object(Illuminate/Foundation/Application), Array, Array, NULL)
#27 D:/2.ANDROID/3.FlutterVSCode/projects/SHE Inspection System/backend/she-api/vendor/laravel/framework/src/Illuminate/Console/Command.php(213): Illuminate/Container/Container->call(Array)
#28 D:/2.ANDROID/3.FlutterVSCode/projects/SHE Inspection System/backend/she-api/vendor/symfony/console/Command/Command.php(341): Illuminate/Console/Command->execute(Object(Symfony/Component/Console/Input/ArgvInput), Object(Illuminate/Console/OutputStyle))
#29 D:/2.ANDROID/3.FlutterVSCode/projects/SHE Inspection System/backend/she-api/vendor/laravel/framework/src/Illuminate/Console/Command.php(182): Symfony/Component/Console/Command/Command->run(Object(Symfony/Component/Console/Input/ArgvInput), Object(Illuminate/Console/OutputStyle))
#30 D:/2.ANDROID/3.FlutterVSCode/projects/SHE Inspection System/backend/she-api/vendor/symfony/console/Application.php(1117): Illuminate/Console/Command->run(Object(Symfony/Component/Console/Input/ArgvInput), Object(Symfony/Component/Console/Output/ConsoleOutput))
#31 D:/2.ANDROID/3.FlutterVSCode/projects/SHE Inspection System/backend/she-api/vendor/symfony/console/Application.php(356): Symfony/Component/Console/Application->doRunCommand(Object(Illuminate/Database/Console/Migrations/MigrateCommand), Object(Symfony/Component/Console/Input/ArgvInput), Object(Symfony/Component/Console/Output/ConsoleOutput))
#32 D:/2.ANDROID/3.FlutterVSCode/projects/SHE Inspection System/backend/she-api/vendor/symfony/console/Application.php(195): Symfony/Component/Console/Application->doRun(Object(Symfony/Component/Console/Input/ArgvInput), Object(Symfony/Component/Console/Output/ConsoleOutput))
#33 D:/2.ANDROID/3.FlutterVSCode/projects/SHE Inspection System/backend/she-api/vendor/laravel/framework/src/Illuminate/Foundation/Console/Kernel.php(198): Symfony/Component/Console/Application->run(Object(Symfony/Component/Console/Input/ArgvInput), Object(Symfony/Component/Console/Output/ConsoleOutput))
#34 D:/2.ANDROID/3.FlutterVSCode/projects/SHE Inspection System/backend/she-api/artisan(11): Illuminate/Foundation/Console/Kernel->handle(Object(Symfony/Component/Console/Input/ArgvInput), Object(Symfony/Component/Console/Output/ConsoleOutput))
#35 {main}
"} 
[2026-07-02 03:44:05] local.ERROR: Class "App\Models\Division" not found {"userId":1,"exception":"[object] (Error(code: 0): Class \"App\\Models\\Division\" not found at D:/2.ANDROID/3.FlutterVSCode/projects/SHE Inspection System/backend/she-api/vendor/laravel/framework/src/Illuminate/Database/Eloquent/Concerns/HasRelationships.php:859)
[stacktrace]
#0 D:/2.ANDROID/3.FlutterVSCode/projects/SHE Inspection System/backend/she-api/vendor/laravel/framework/src/Illuminate/Database/Eloquent/Concerns/HasRelationships.php(244): Illuminate/Database/Eloquent/Model->newRelatedInstance('App//Models//Divi...')
#1 D:/2.ANDROID/3.FlutterVSCode/projects/SHE Inspection System/backend/she-api/app/Models/User.php(53): Illuminate/Database/Eloquent/Model->belongsTo('App//Models//Divi...')
#2 D:/2.ANDROID/3.FlutterVSCode/projects/SHE Inspection System/backend/she-api/vendor/laravel/framework/src/Illuminate/Database/Eloquent/Builder.php(876): App/Models/User->division()
#3 D:/2.ANDROID/3.FlutterVSCode/projects/SHE Inspection System/backend/she-api/vendor/laravel/framework/src/Illuminate/Database/Eloquent/Relations/Relation.php(120): Illuminate/Database/Eloquent/Builder->Illuminate/Database/Eloquent/{closure}()
#4 D:/2.ANDROID/3.FlutterVSCode/projects/SHE Inspection System/backend/she-api/vendor/laravel/framework/src/Illuminate/Database/Eloquent/Builder.php(874): Illuminate/Database/Eloquent/Relations/Relation::noConstraints(Object(Closure))
#5 D:/2.ANDROID/3.FlutterVSCode/projects/SHE Inspection System/backend/she-api/vendor/laravel/framework/src/Illuminate/Database/Eloquent/Builder.php(848): Illuminate/Database/Eloquent/Builder->getRelation('division')
#6 D:/2.ANDROID/3.FlutterVSCode/projects/SHE Inspection System/backend/she-api/vendor/laravel/framework/src/Illuminate/Database/Eloquent/Builder.php(828): Illuminate/Database/Eloquent/Builder->eagerLoadRelation(Array, 'division', Object(Closure))
#7 D:/2.ANDROID/3.FlutterVSCode/projects/SHE Inspection System/backend/she-api/vendor/laravel/framework/src/Illuminate/Database/Eloquent/Builder.php(794): Illuminate/Database/Eloquent/Builder->eagerLoadRelations(Array)
#8 D:/2.ANDROID/3.FlutterVSCode/projects/SHE Inspection System/backend/she-api/app/Http/Controllers/Api/UserController.php(17): Illuminate/Database/Eloquent/Builder->get()
#9 D:/2.ANDROID/3.FlutterVSCode/projects/SHE Inspection System/backend/she-api/vendor/laravel/framework/src/Illuminate/Routing/ControllerDispatcher.php(47): App/Http/Controllers/Api/UserController->index(Object(Illuminate/Http/Request))
#10 D:/2.ANDROID/3.FlutterVSCode/projects/SHE Inspection System/backend/she-api/vendor/laravel/framework/src/Illuminate/Routing/Route.php(266): Illuminate/Routing/ControllerDispatcher->dispatch(Object(Illuminate/Routing/Route), Object(App/Http/Controllers/Api/UserController), 'index')
#11 D:/2.ANDROID/3.FlutterVSCode/projects/SHE Inspection System/backend/she-api/vendor/laravel/framework/src/Illuminate/Routing/Route.php(212): Illuminate/Routing/Route->runController()
#12 D:/2.ANDROID/3.FlutterVSCode/projects/SHE Inspection System/backend/she-api/vendor/laravel/framework/src/Illuminate/Routing/Router.php(808): Illuminate/Routing/Route->run()
#13 D:/2.ANDROID/3.FlutterVSCode/projects/SHE Inspection System/backend/she-api/vendor/laravel/framework/src/Illuminate/Pipeline/Pipeline.php(170): Illuminate/Routing/Router->Illuminate/Routing/{closure}(Object(Illuminate/Http/Request))
#14 D:/2.ANDROID/3.FlutterVSCode/projects/SHE Inspection System/backend/she-api/vendor/laravel/framework/src/Illuminate/Routing/Middleware/SubstituteBindings.php(51): Illuminate/Pipeline/Pipeline->Illuminate/Pipeline/{closure}(Object(Illuminate/Http/Request))
#15 D:/2.ANDROID/3.FlutterVSCode/projects/SHE Inspection System/backend/she-api/vendor/laravel/framework/src/Illuminate/Pipeline/Pipeline.php(209): Illuminate/Routing/Middleware/SubstituteBindings->handle(Object(Illuminate/Http/Request), Object(Closure))
#16 D:/2.ANDROID/3.FlutterVSCode/projects/SHE Inspection System/backend/she-api/vendor/laravel/framework/src/Illuminate/Auth/Middleware/Authenticate.php(64): Illuminate/Pipeline/Pipeline->Illuminate/Pipeline/{closure}(Object(Illuminate/Http/Request))
#17 D:/2.ANDROID/3.FlutterVSCode/projects/SHE Inspection System/backend/she-api/vendor/laravel/framework/src/Illuminate/Pipeline/Pipeline.php(209): Illuminate/Auth/Middleware/Authenticate->handle(Object(Illuminate/Http/Request), Object(Closure), 'sanctum')
#18 D:/2.ANDROID/3.FlutterVSCode/projects/SHE Inspection System/backend/she-api/vendor/laravel/framework/src/Illuminate/Pipeline/Pipeline.php(127): Illuminate/Pipeline/Pipeline->Illuminate/Pipeline/{closure}(Object(Illuminate/Http/Request))
#19 D:/2.ANDROID/3.FlutterVSCode/projects/SHE Inspection System/backend/she-api/vendor/laravel/framework/src/Illuminate/Routing/Router.php(807): Illuminate/Pipeline/Pipeline->then(Object(Closure))
#20 D:/2.ANDROID/3.FlutterVSCode/projects/SHE Inspection System/backend/she-api/vendor/laravel/framework/src/Illuminate/Routing/Router.php(786): Illuminate/Routing/Router->runRouteWithinStack(Object(Illuminate/Routing/Route), Object(Illuminate/Http/Request))
#21 D:/2.ANDROID/3.FlutterVSCode/projects/SHE Inspection System/backend/she-api/vendor/laravel/framework/src/Illuminate/Routing/Router.php(750): Illuminate/Routing/Router->runRoute(Object(Illuminate/Http/Request), Object(Illuminate/Routing/Route))
#22 D:/2.ANDROID/3.FlutterVSCode/projects/SHE Inspection System/backend/she-api/vendor/laravel/framework/src/Illuminate/Routing/Router.php(739): Illuminate/Routing/Router->dispatchToRoute(Object(Illuminate/Http/Request))
#23 D:/2.ANDROID/3.FlutterVSCode/projects/SHE Inspection System/backend/she-api/vendor/laravel/framework/src/Illuminate/Foundation/Http/Kernel.php(201): Illuminate/Routing/Router->dispatch(Object(Illuminate/Http/Request))
#24 D:/2.ANDROID/3.FlutterVSCode/projects/SHE Inspection System/backend/she-api/vendor/laravel/framework/src/Illuminate/Pipeline/Pipeline.php(170): Illuminate/Foundation/Http/Kernel->Illuminate/Foundation/Http/{closure}(Object(Illuminate/Http/Request))
#25 D:/2.ANDROID/3.FlutterVSCode/projects/SHE Inspection System/backend/she-api/vendor/laravel/framework/src/Illuminate/Foundation/Http/Middleware/TransformsRequest.php(21): Illuminate/Pipeline/Pipeline->Illuminate/Pipeline/{closure}(Object(Illuminate/Http/Request))
#26 D:/2.ANDROID/3.FlutterVSCode/projects/SHE Inspection System/backend/she-api/vendor/laravel/framework/src/Illuminate/Foundation/Http/Middleware/ConvertEmptyStringsToNull.php(31): Illuminate/Foundation/Http/Middleware/TransformsRequest->handle(Object(Illuminate/Http/Request), Object(Closure))
#27 D:/2.ANDROID/3.FlutterVSCode/projects/SHE Inspection System/backend/she-api/vendor/laravel/framework/src/Illuminate/Pipeline/Pipeline.php(209): Illuminate/Foundation/Http/Middleware/ConvertEmptyStringsToNull->handle(Object(Illuminate/Http/Request), Object(Closure))
#28 D:/2.ANDROID/3.FlutterVSCode/projects/SHE Inspection System/backend/she-api/vendor/laravel/framework/src/Illuminate/Foundation/Http/Middleware/TransformsRequest.php(21): Illuminate/Pipeline/Pipeline->Illuminate/Pipeline/{closure}(Object(Illuminate/Http/Request))
#29 D:/2.ANDROID/3.FlutterVSCode/projects/SHE Inspection System/backend/she-api/vendor/laravel/framework/src/Illuminate/Foundation/Http/Middleware/TrimStrings.php(51): Illuminate/Foundation/Http/Middleware/TransformsRequest->handle(Object(Illuminate/Http/Request), Object(Closure))
#30 D:/2.ANDROID/3.FlutterVSCode/projects/SHE Inspection System/backend/she-api/vendor/laravel/framework/src/Illuminate/Pipeline/Pipeline.php(209): Illuminate/Foundation/Http/Middleware/TrimStrings->handle(Object(Illuminate/Http/Request), Object(Closure))
#31 D:/2.ANDROID/3.FlutterVSCode/projects/SHE Inspection System/backend/she-api/vendor/laravel/framework/src/Illuminate/Http/Middleware/ValidatePostSize.php(27): Illuminate/Pipeline/Pipeline->Illuminate/Pipeline/{closure}(Object(Illuminate/Http/Request))
#32 D:/2.ANDROID/3.FlutterVSCode/projects/SHE Inspection System/backend/she-api/vendor/laravel/framework/src/Illuminate/Pipeline/Pipeline.php(209): Illuminate/Http/Middleware/ValidatePostSize->handle(Object(Illuminate/Http/Request), Object(Closure))
#33 D:/2.ANDROID/3.FlutterVSCode/projects/SHE Inspection System/backend/she-api/vendor/laravel/framework/src/Illuminate/Foundation/Http/Middleware/PreventRequestsDuringMaintenance.php(110): Illuminate/Pipeline/Pipeline->Illuminate/Pipeline/{closure}(Object(Illuminate/Http/Request))
#34 D:/2.ANDROID/3.FlutterVSCode/projects/SHE Inspection System/backend/she-api/vendor/laravel/framework/src/Illuminate/Pipeline/Pipeline.php(209): Illuminate/Foundation/Http/Middleware/PreventRequestsDuringMaintenance->handle(Object(Illuminate/Http/Request), Object(Closure))
#35 D:/2.ANDROID/3.FlutterVSCode/projects/SHE Inspection System/backend/she-api/vendor/laravel/framework/src/Illuminate/Http/Middleware/HandleCors.php(62): Illuminate/Pipeline/Pipeline->Illuminate/Pipeline/{closure}(Object(Illuminate/Http/Request))
#36 D:/2.ANDROID/3.FlutterVSCode/projects/SHE Inspection System/backend/she-api/vendor/laravel/framework/src/Illuminate/Pipeline/Pipeline.php(209): Illuminate/Http/Middleware/HandleCors->handle(Object(Illuminate/Http/Request), Object(Closure))
#37 D:/2.ANDROID/3.FlutterVSCode/projects/SHE Inspection System/backend/she-api/vendor/laravel/framework/src/Illuminate/Http/Middleware/TrustProxies.php(58): Illuminate/Pipeline/Pipeline->Illuminate/Pipeline/{closure}(Object(Illuminate/Http/Request))
#38 D:/2.ANDROID/3.FlutterVSCode/projects/SHE Inspection System/backend/she-api/vendor/laravel/framework/src/Illuminate/Pipeline/Pipeline.php(209): Illuminate/Http/Middleware/TrustProxies->handle(Object(Illuminate/Http/Request), Object(Closure))
#39 D:/2.ANDROID/3.FlutterVSCode/projects/SHE Inspection System/backend/she-api/vendor/laravel/framework/src/Illuminate/Foundation/Http/Middleware/InvokeDeferredCallbacks.php(22): Illuminate/Pipeline/Pipeline->Illuminate/Pipeline/{closure}(Object(Illuminate/Http/Request))
#40 D:/2.ANDROID/3.FlutterVSCode/projects/SHE Inspection System/backend/she-api/vendor/laravel/framework/src/Illuminate/Pipeline/Pipeline.php(209): Illuminate/Foundation/Http/Middleware/InvokeDeferredCallbacks->handle(Object(Illuminate/Http/Request), Object(Closure))
#41 D:/2.ANDROID/3.FlutterVSCode/projects/SHE Inspection System/backend/she-api/vendor/laravel/framework/src/Illuminate/Pipeline/Pipeline.php(127): Illuminate/Pipeline/Pipeline->Illuminate/Pipeline/{closure}(Object(Illuminate/Http/Request))
#42 D:/2.ANDROID/3.FlutterVSCode/projects/SHE Inspection System/backend/she-api/vendor/laravel/framework/src/Illuminate/Foundation/Http/Kernel.php(176): Illuminate/Pipeline/Pipeline->then(Object(Closure))
#43 D:/2.ANDROID/3.FlutterVSCode/projects/SHE Inspection System/backend/she-api/vendor/laravel/framework/src/Illuminate/Foundation/Http/Kernel.php(145): Illuminate/Foundation/Http/Kernel->sendRequestThroughRouter(Object(Illuminate/Http/Request))
#44 D:/2.ANDROID/3.FlutterVSCode/projects/SHE Inspection System/backend/she-api/vendor/laravel/framework/src/Illuminate/Foundation/Application.php(1220): Illuminate/Foundation/Http/Kernel->handle(Object(Illuminate/Http/Request))
#45 D:/2.ANDROID/3.FlutterVSCode/projects/SHE Inspection System/backend/she-api/public/index.php(20): Illuminate/Foundation/Application->handleRequest(Object(Illuminate/Http/Request))
#46 D:/2.ANDROID/3.FlutterVSCode/projects/SHE Inspection System/backend/she-api/vendor/laravel/framework/src/Illuminate/Foundation/resources/server.php(23): require_once('D://2.ANDROID//3....')
#47 {main}
"} 
[2026-07-02 03:50:41] local.ERROR: Class "App\Models\Division" not found {"userId":1,"exception":"[object] (Error(code: 0): Class \"App\\Models\\Division\" not found at D:/2.ANDROID/3.FlutterVSCode/projects/SHE Inspection System/backend/she-api/vendor/laravel/framework/src/Illuminate/Database/Eloquent/Concerns/HasRelationships.php:859)
[stacktrace]
#0 D:/2.ANDROID/3.FlutterVSCode/projects/SHE Inspection System/backend/she-api/vendor/laravel/framework/src/Illuminate/Database/Eloquent/Concerns/HasRelationships.php(244): Illuminate/Database/Eloquent/Model->newRelatedInstance('App//Models//Divi...')
#1 D:/2.ANDROID/3.FlutterVSCode/projects/SHE Inspection System/backend/she-api/app/Models/User.php(53): Illuminate/Database/Eloquent/Model->belongsTo('App//Models//Divi...')
#2 D:/2.ANDROID/3.FlutterVSCode/projects/SHE Inspection System/backend/she-api/vendor/laravel/framework/src/Illuminate/Database/Eloquent/Builder.php(876): App/Models/User->division()
#3 D:/2.ANDROID/3.FlutterVSCode/projects/SHE Inspection System/backend/she-api/vendor/laravel/framework/src/Illuminate/Database/Eloquent/Relations/Relation.php(120): Illuminate/Database/Eloquent/Builder->Illuminate/Database/Eloquent/{closure}()
#4 D:/2.ANDROID/3.FlutterVSCode/projects/SHE Inspection System/backend/she-api/vendor/laravel/framework/src/Illuminate/Database/Eloquent/Builder.php(874): Illuminate/Database/Eloquent/Relations/Relation::noConstraints(Object(Closure))
#5 D:/2.ANDROID/3.FlutterVSCode/projects/SHE Inspection System/backend/she-api/vendor/laravel/framework/src/Illuminate/Database/Eloquent/Builder.php(848): Illuminate/Database/Eloquent/Builder->getRelation('division')
#6 D:/2.ANDROID/3.FlutterVSCode/projects/SHE Inspection System/backend/she-api/vendor/laravel/framework/src/Illuminate/Database/Eloquent/Builder.php(828): Illuminate/Database/Eloquent/Builder->eagerLoadRelation(Array, 'division', Object(Closure))
#7 D:/2.ANDROID/3.FlutterVSCode/projects/SHE Inspection System/backend/she-api/vendor/laravel/framework/src/Illuminate/Database/Eloquent/Builder.php(794): Illuminate/Database/Eloquent/Builder->eagerLoadRelations(Array)
#8 D:/2.ANDROID/3.FlutterVSCode/projects/SHE Inspection System/backend/she-api/app/Http/Controllers/Api/UserController.php(17): Illuminate/Database/Eloquent/Builder->get()
#9 D:/2.ANDROID/3.FlutterVSCode/projects/SHE Inspection System/backend/she-api/vendor/laravel/framework/src/Illuminate/Routing/ControllerDispatcher.php(47): App/Http/Controllers/Api/UserController->index(Object(Illuminate/Http/Request))
#10 D:/2.ANDROID/3.FlutterVSCode/projects/SHE Inspection System/backend/she-api/vendor/laravel/framework/src/Illuminate/Routing/Route.php(266): Illuminate/Routing/ControllerDispatcher->dispatch(Object(Illuminate/Routing/Route), Object(App/Http/Controllers/Api/UserController), 'index')
#11 D:/2.ANDROID/3.FlutterVSCode/projects/SHE Inspection System/backend/she-api/vendor/laravel/framework/src/Illuminate/Routing/Route.php(212): Illuminate/Routing/Route->runController()
#12 D:/2.ANDROID/3.FlutterVSCode/projects/SHE Inspection System/backend/she-api/vendor/laravel/framework/src/Illuminate/Routing/Router.php(808): Illuminate/Routing/Route->run()
#13 D:/2.ANDROID/3.FlutterVSCode/projects/SHE Inspection System/backend/she-api/vendor/laravel/framework/src/Illuminate/Pipeline/Pipeline.php(170): Illuminate/Routing/Router->Illuminate/Routing/{closure}(Object(Illuminate/Http/Request))
#14 D:/2.ANDROID/3.FlutterVSCode/projects/SHE Inspection System/backend/she-api/vendor/laravel/framework/src/Illuminate/Routing/Middleware/SubstituteBindings.php(51): Illuminate/Pipeline/Pipeline->Illuminate/Pipeline/{closure}(Object(Illuminate/Http/Request))
#15 D:/2.ANDROID/3.FlutterVSCode/projects/SHE Inspection System/backend/she-api/vendor/laravel/framework/src/Illuminate/Pipeline/Pipeline.php(209): Illuminate/Routing/Middleware/SubstituteBindings->handle(Object(Illuminate/Http/Request), Object(Closure))
#16 D:/2.ANDROID/3.FlutterVSCode/projects/SHE Inspection System/backend/she-api/vendor/laravel/framework/src/Illuminate/Auth/Middleware/Authenticate.php(64): Illuminate/Pipeline/Pipeline->Illuminate/Pipeline/{closure}(Object(Illuminate/Http/Request))
#17 D:/2.ANDROID/3.FlutterVSCode/projects/SHE Inspection System/backend/she-api/vendor/laravel/framework/src/Illuminate/Pipeline/Pipeline.php(209): Illuminate/Auth/Middleware/Authenticate->handle(Object(Illuminate/Http/Request), Object(Closure), 'sanctum')
#18 D:/2.ANDROID/3.FlutterVSCode/projects/SHE Inspection System/backend/she-api/vendor/laravel/framework/src/Illuminate/Pipeline/Pipeline.php(127): Illuminate/Pipeline/Pipeline->Illuminate/Pipeline/{closure}(Object(Illuminate/Http/Request))
#19 D:/2.ANDROID/3.FlutterVSCode/projects/SHE Inspection System/backend/she-api/vendor/laravel/framework/src/Illuminate/Routing/Router.php(807): Illuminate/Pipeline/Pipeline->then(Object(Closure))
#20 D:/2.ANDROID/3.FlutterVSCode/projects/SHE Inspection System/backend/she-api/vendor/laravel/framework/src/Illuminate/Routing/Router.php(786): Illuminate/Routing/Router->runRouteWithinStack(Object(Illuminate/Routing/Route), Object(Illuminate/Http/Request))
#21 D:/2.ANDROID/3.FlutterVSCode/projects/SHE Inspection System/backend/she-api/vendor/laravel/framework/src/Illuminate/Routing/Router.php(750): Illuminate/Routing/Router->runRoute(Object(Illuminate/Http/Request), Object(Illuminate/Routing/Route))
#22 D:/2.ANDROID/3.FlutterVSCode/projects/SHE Inspection System/backend/she-api/vendor/laravel/framework/src/Illuminate/Routing/Router.php(739): Illuminate/Routing/Router->dispatchToRoute(Object(Illuminate/Http/Request))
#23 D:/2.ANDROID/3.FlutterVSCode/projects/SHE Inspection System/backend/she-api/vendor/laravel/framework/src/Illuminate/Foundation/Http/Kernel.php(201): Illuminate/Routing/Router->dispatch(Object(Illuminate/Http/Request))
#24 D:/2.ANDROID/3.FlutterVSCode/projects/SHE Inspection System/backend/she-api/vendor/laravel/framework/src/Illuminate/Pipeline/Pipeline.php(170): Illuminate/Foundation/Http/Kernel->Illuminate/Foundation/Http/{closure}(Object(Illuminate/Http/Request))
#25 D:/2.ANDROID/3.FlutterVSCode/projects/SHE Inspection System/backend/she-api/vendor/laravel/framework/src/Illuminate/Foundation/Http/Middleware/TransformsRequest.php(21): Illuminate/Pipeline/Pipeline->Illuminate/Pipeline/{closure}(Object(Illuminate/Http/Request))
#26 D:/2.ANDROID/3.FlutterVSCode/projects/SHE Inspection System/backend/she-api/vendor/laravel/framework/src/Illuminate/Foundation/Http/Middleware/ConvertEmptyStringsToNull.php(31): Illuminate/Foundation/Http/Middleware/TransformsRequest->handle(Object(Illuminate/Http/Request), Object(Closure))
#27 D:/2.ANDROID/3.FlutterVSCode/projects/SHE Inspection System/backend/she-api/vendor/laravel/framework/src/Illuminate/Pipeline/Pipeline.php(209): Illuminate/Foundation/Http/Middleware/ConvertEmptyStringsToNull->handle(Object(Illuminate/Http/Request), Object(Closure))
#28 D:/2.ANDROID/3.FlutterVSCode/projects/SHE Inspection System/backend/she-api/vendor/laravel/framework/src/Illuminate/Foundation/Http/Middleware/TransformsRequest.php(21): Illuminate/Pipeline/Pipeline->Illuminate/Pipeline/{closure}(Object(Illuminate/Http/Request))
#29 D:/2.ANDROID/3.FlutterVSCode/projects/SHE Inspection System/backend/she-api/vendor/laravel/framework/src/Illuminate/Foundation/Http/Middleware/TrimStrings.php(51): Illuminate/Foundation/Http/Middleware/TransformsRequest->handle(Object(Illuminate/Http/Request), Object(Closure))
#30 D:/2.ANDROID/3.FlutterVSCode/projects/SHE Inspection System/backend/she-api/vendor/laravel/framework/src/Illuminate/Pipeline/Pipeline.php(209): Illuminate/Foundation/Http/Middleware/TrimStrings->handle(Object(Illuminate/Http/Request), Object(Closure))
#31 D:/2.ANDROID/3.FlutterVSCode/projects/SHE Inspection System/backend/she-api/vendor/laravel/framework/src/Illuminate/Http/Middleware/ValidatePostSize.php(27): Illuminate/Pipeline/Pipeline->Illuminate/Pipeline/{closure}(Object(Illuminate/Http/Request))
#32 D:/2.ANDROID/3.FlutterVSCode/projects/SHE Inspection System/backend/she-api/vendor/laravel/framework/src/Illuminate/Pipeline/Pipeline.php(209): Illuminate/Http/Middleware/ValidatePostSize->handle(Object(Illuminate/Http/Request), Object(Closure))
#33 D:/2.ANDROID/3.FlutterVSCode/projects/SHE Inspection System/backend/she-api/vendor/laravel/framework/src/Illuminate/Foundation/Http/Middleware/PreventRequestsDuringMaintenance.php(110): Illuminate/Pipeline/Pipeline->Illuminate/Pipeline/{closure}(Object(Illuminate/Http/Request))
#34 D:/2.ANDROID/3.FlutterVSCode/projects/SHE Inspection System/backend/she-api/vendor/laravel/framework/src/Illuminate/Pipeline/Pipeline.php(209): Illuminate/Foundation/Http/Middleware/PreventRequestsDuringMaintenance->handle(Object(Illuminate/Http/Request), Object(Closure))
#35 D:/2.ANDROID/3.FlutterVSCode/projects/SHE Inspection System/backend/she-api/vendor/laravel/framework/src/Illuminate/Http/Middleware/HandleCors.php(62): Illuminate/Pipeline/Pipeline->Illuminate/Pipeline/{closure}(Object(Illuminate/Http/Request))
#36 D:/2.ANDROID/3.FlutterVSCode/projects/SHE Inspection System/backend/she-api/vendor/laravel/framework/src/Illuminate/Pipeline/Pipeline.php(209): Illuminate/Http/Middleware/HandleCors->handle(Object(Illuminate/Http/Request), Object(Closure))
#37 D:/2.ANDROID/3.FlutterVSCode/projects/SHE Inspection System/backend/she-api/vendor/laravel/framework/src/Illuminate/Http/Middleware/TrustProxies.php(58): Illuminate/Pipeline/Pipeline->Illuminate/Pipeline/{closure}(Object(Illuminate/Http/Request))
#38 D:/2.ANDROID/3.FlutterVSCode/projects/SHE Inspection System/backend/she-api/vendor/laravel/framework/src/Illuminate/Pipeline/Pipeline.php(209): Illuminate/Http/Middleware/TrustProxies->handle(Object(Illuminate/Http/Request), Object(Closure))
#39 D:/2.ANDROID/3.FlutterVSCode/projects/SHE Inspection System/backend/she-api/vendor/laravel/framework/src/Illuminate/Foundation/Http/Middleware/InvokeDeferredCallbacks.php(22): Illuminate/Pipeline/Pipeline->Illuminate/Pipeline/{closure}(Object(Illuminate/Http/Request))
#40 D:/2.ANDROID/3.FlutterVSCode/projects/SHE Inspection System/backend/she-api/vendor/laravel/framework/src/Illuminate/Pipeline/Pipeline.php(209): Illuminate/Foundation/Http/Middleware/InvokeDeferredCallbacks->handle(Object(Illuminate/Http/Request), Object(Closure))
#41 D:/2.ANDROID/3.FlutterVSCode/projects/SHE Inspection System/backend/she-api/vendor/laravel/framework/src/Illuminate/Pipeline/Pipeline.php(127): Illuminate/Pipeline/Pipeline->Illuminate/Pipeline/{closure}(Object(Illuminate/Http/Request))
#42 D:/2.ANDROID/3.FlutterVSCode/projects/SHE Inspection System/backend/she-api/vendor/laravel/framework/src/Illuminate/Foundation/Http/Kernel.php(176): Illuminate/Pipeline/Pipeline->then(Object(Closure))
#43 D:/2.ANDROID/3.FlutterVSCode/projects/SHE Inspection System/backend/she-api/vendor/laravel/framework/src/Illuminate/Foundation/Http/Kernel.php(145): Illuminate/Foundation/Http/Kernel->sendRequestThroughRouter(Object(Illuminate/Http/Request))
#44 D:/2.ANDROID/3.FlutterVSCode/projects/SHE Inspection System/backend/she-api/vendor/laravel/framework/src/Illuminate/Foundation/Application.php(1220): Illuminate/Foundation/Http/Kernel->handle(Object(Illuminate/Http/Request))
#45 D:/2.ANDROID/3.FlutterVSCode/projects/SHE Inspection System/backend/she-api/public/index.php(20): Illuminate/Foundation/Application->handleRequest(Object(Illuminate/Http/Request))
#46 D:/2.ANDROID/3.FlutterVSCode/projects/SHE Inspection System/backend/she-api/vendor/laravel/framework/src/Illuminate/Foundation/resources/server.php(23): require_once('D://2.ANDROID//3....')
#47 {main}
"} 
[2026-07-02 03:53:26] local.ERROR: Class "App\Models\Division" not found {"userId":1,"exception":"[object] (Error(code: 0): Class \"App\\Models\\Division\" not found at D:/2.ANDROID/3.FlutterVSCode/projects/SHE Inspection System/backend/she-api/vendor/laravel/framework/src/Illuminate/Database/Eloquent/Concerns/HasRelationships.php:859)
[stacktrace]
#0 D:/2.ANDROID/3.FlutterVSCode/projects/SHE Inspection System/backend/she-api/vendor/laravel/framework/src/Illuminate/Database/Eloquent/Concerns/HasRelationships.php(244): Illuminate/Database/Eloquent/Model->newRelatedInstance('App//Models//Divi...')
#1 D:/2.ANDROID/3.FlutterVSCode/projects/SHE Inspection System/backend/she-api/app/Models/User.php(53): Illuminate/Database/Eloquent/Model->belongsTo('App//Models//Divi...')
#2 D:/2.ANDROID/3.FlutterVSCode/projects/SHE Inspection System/backend/she-api/vendor/laravel/framework/src/Illuminate/Database/Eloquent/Builder.php(876): App/Models/User->division()
#3 D:/2.ANDROID/3.FlutterVSCode/projects/SHE Inspection System/backend/she-api/vendor/laravel/framework/src/Illuminate/Database/Eloquent/Relations/Relation.php(120): Illuminate/Database/Eloquent/Builder->Illuminate/Database/Eloquent/{closure}()
#4 D:/2.ANDROID/3.FlutterVSCode/projects/SHE Inspection System/backend/she-api/vendor/laravel/framework/src/Illuminate/Database/Eloquent/Builder.php(874): Illuminate/Database/Eloquent/Relations/Relation::noConstraints(Object(Closure))
#5 D:/2.ANDROID/3.FlutterVSCode/projects/SHE Inspection System/backend/she-api/vendor/laravel/framework/src/Illuminate/Database/Eloquent/Builder.php(848): Illuminate/Database/Eloquent/Builder->getRelation('division')
#6 D:/2.ANDROID/3.FlutterVSCode/projects/SHE Inspection System/backend/she-api/vendor/laravel/framework/src/Illuminate/Database/Eloquent/Builder.php(828): Illuminate/Database/Eloquent/Builder->eagerLoadRelation(Array, 'division', Object(Closure))
#7 D:/2.ANDROID/3.FlutterVSCode/projects/SHE Inspection System/backend/she-api/vendor/laravel/framework/src/Illuminate/Database/Eloquent/Builder.php(794): Illuminate/Database/Eloquent/Builder->eagerLoadRelations(Array)
#8 D:/2.ANDROID/3.FlutterVSCode/projects/SHE Inspection System/backend/she-api/app/Http/Controllers/Api/UserController.php(17): Illuminate/Database/Eloquent/Builder->get()
#9 D:/2.ANDROID/3.FlutterVSCode/projects/SHE Inspection System/backend/she-api/vendor/laravel/framework/src/Illuminate/Routing/ControllerDispatcher.php(47): App/Http/Controllers/Api/UserController->index(Object(Illuminate/Http/Request))
#10 D:/2.ANDROID/3.FlutterVSCode/projects/SHE Inspection System/backend/she-api/vendor/laravel/framework/src/Illuminate/Routing/Route.php(266): Illuminate/Routing/ControllerDispatcher->dispatch(Object(Illuminate/Routing/Route), Object(App/Http/Controllers/Api/UserController), 'index')
#11 D:/2.ANDROID/3.FlutterVSCode/projects/SHE Inspection System/backend/she-api/vendor/laravel/framework/src/Illuminate/Routing/Route.php(212): Illuminate/Routing/Route->runController()
#12 D:/2.ANDROID/3.FlutterVSCode/projects/SHE Inspection System/backend/she-api/vendor/laravel/framework/src/Illuminate/Routing/Router.php(808): Illuminate/Routing/Route->run()
#13 D:/2.ANDROID/3.FlutterVSCode/projects/SHE Inspection System/backend/she-api/vendor/laravel/framework/src/Illuminate/Pipeline/Pipeline.php(170): Illuminate/Routing/Router->Illuminate/Routing/{closure}(Object(Illuminate/Http/Request))
#14 D:/2.ANDROID/3.FlutterVSCode/projects/SHE Inspection System/backend/she-api/vendor/laravel/framework/src/Illuminate/Routing/Middleware/SubstituteBindings.php(51): Illuminate/Pipeline/Pipeline->Illuminate/Pipeline/{closure}(Object(Illuminate/Http/Request))
#15 D:/2.ANDROID/3.FlutterVSCode/projects/SHE Inspection System/backend/she-api/vendor/laravel/framework/src/Illuminate/Pipeline/Pipeline.php(209): Illuminate/Routing/Middleware/SubstituteBindings->handle(Object(Illuminate/Http/Request), Object(Closure))
#16 D:/2.ANDROID/3.FlutterVSCode/projects/SHE Inspection System/backend/she-api/vendor/laravel/framework/src/Illuminate/Auth/Middleware/Authenticate.php(64): Illuminate/Pipeline/Pipeline->Illuminate/Pipeline/{closure}(Object(Illuminate/Http/Request))
#17 D:/2.ANDROID/3.FlutterVSCode/projects/SHE Inspection System/backend/she-api/vendor/laravel/framework/src/Illuminate/Pipeline/Pipeline.php(209): Illuminate/Auth/Middleware/Authenticate->handle(Object(Illuminate/Http/Request), Object(Closure), 'sanctum')
#18 D:/2.ANDROID/3.FlutterVSCode/projects/SHE Inspection System/backend/she-api/vendor/laravel/framework/src/Illuminate/Pipeline/Pipeline.php(127): Illuminate/Pipeline/Pipeline->Illuminate/Pipeline/{closure}(Object(Illuminate/Http/Request))
#19 D:/2.ANDROID/3.FlutterVSCode/projects/SHE Inspection System/backend/she-api/vendor/laravel/framework/src/Illuminate/Routing/Router.php(807): Illuminate/Pipeline/Pipeline->then(Object(Closure))
#20 D:/2.ANDROID/3.FlutterVSCode/projects/SHE Inspection System/backend/she-api/vendor/laravel/framework/src/Illuminate/Routing/Router.php(786): Illuminate/Routing/Router->runRouteWithinStack(Object(Illuminate/Routing/Route), Object(Illuminate/Http/Request))
#21 D:/2.ANDROID/3.FlutterVSCode/projects/SHE Inspection System/backend/she-api/vendor/laravel/framework/src/Illuminate/Routing/Router.php(750): Illuminate/Routing/Router->runRoute(Object(Illuminate/Http/Request), Object(Illuminate/Routing/Route))
#22 D:/2.ANDROID/3.FlutterVSCode/projects/SHE Inspection System/backend/she-api/vendor/laravel/framework/src/Illuminate/Routing/Router.php(739): Illuminate/Routing/Router->dispatchToRoute(Object(Illuminate/Http/Request))
#23 D:/2.ANDROID/3.FlutterVSCode/projects/SHE Inspection System/backend/she-api/vendor/laravel/framework/src/Illuminate/Foundation/Http/Kernel.php(201): Illuminate/Routing/Router->dispatch(Object(Illuminate/Http/Request))
#24 D:/2.ANDROID/3.FlutterVSCode/projects/SHE Inspection System/backend/she-api/vendor/laravel/framework/src/Illuminate/Pipeline/Pipeline.php(170): Illuminate/Foundation/Http/Kernel->Illuminate/Foundation/Http/{closure}(Object(Illuminate/Http/Request))
#25 D:/2.ANDROID/3.FlutterVSCode/projects/SHE Inspection System/backend/she-api/vendor/laravel/framework/src/Illuminate/Foundation/Http/Middleware/TransformsRequest.php(21): Illuminate/Pipeline/Pipeline->Illuminate/Pipeline/{closure}(Object(Illuminate/Http/Request))
#26 D:/2.ANDROID/3.FlutterVSCode/projects/SHE Inspection System/backend/she-api/vendor/laravel/framework/src/Illuminate/Foundation/Http/Middleware/ConvertEmptyStringsToNull.php(31): Illuminate/Foundation/Http/Middleware/TransformsRequest->handle(Object(Illuminate/Http/Request), Object(Closure))
#27 D:/2.ANDROID/3.FlutterVSCode/projects/SHE Inspection System/backend/she-api/vendor/laravel/framework/src/Illuminate/Pipeline/Pipeline.php(209): Illuminate/Foundation/Http/Middleware/ConvertEmptyStringsToNull->handle(Object(Illuminate/Http/Request), Object(Closure))
#28 D:/2.ANDROID/3.FlutterVSCode/projects/SHE Inspection System/backend/she-api/vendor/laravel/framework/src/Illuminate/Foundation/Http/Middleware/TransformsRequest.php(21): Illuminate/Pipeline/Pipeline->Illuminate/Pipeline/{closure}(Object(Illuminate/Http/Request))
#29 D:/2.ANDROID/3.FlutterVSCode/projects/SHE Inspection System/backend/she-api/vendor/laravel/framework/src/Illuminate/Foundation/Http/Middleware/TrimStrings.php(51): Illuminate/Foundation/Http/Middleware/TransformsRequest->handle(Object(Illuminate/Http/Request), Object(Closure))
#30 D:/2.ANDROID/3.FlutterVSCode/projects/SHE Inspection System/backend/she-api/vendor/laravel/framework/src/Illuminate/Pipeline/Pipeline.php(209): Illuminate/Foundation/Http/Middleware/TrimStrings->handle(Object(Illuminate/Http/Request), Object(Closure))
#31 D:/2.ANDROID/3.FlutterVSCode/projects/SHE Inspection System/backend/she-api/vendor/laravel/framework/src/Illuminate/Http/Middleware/ValidatePostSize.php(27): Illuminate/Pipeline/Pipeline->Illuminate/Pipeline/{closure}(Object(Illuminate/Http/Request))
#32 D:/2.ANDROID/3.FlutterVSCode/projects/SHE Inspection System/backend/she-api/vendor/laravel/framework/src/Illuminate/Pipeline/Pipeline.php(209): Illuminate/Http/Middleware/ValidatePostSize->handle(Object(Illuminate/Http/Request), Object(Closure))
#33 D:/2.ANDROID/3.FlutterVSCode/projects/SHE Inspection System/backend/she-api/vendor/laravel/framework/src/Illuminate/Foundation/Http/Middleware/PreventRequestsDuringMaintenance.php(110): Illuminate/Pipeline/Pipeline->Illuminate/Pipeline/{closure}(Object(Illuminate/Http/Request))
#34 D:/2.ANDROID/3.FlutterVSCode/projects/SHE Inspection System/backend/she-api/vendor/laravel/framework/src/Illuminate/Pipeline/Pipeline.php(209): Illuminate/Foundation/Http/Middleware/PreventRequestsDuringMaintenance->handle(Object(Illuminate/Http/Request), Object(Closure))
#35 D:/2.ANDROID/3.FlutterVSCode/projects/SHE Inspection System/backend/she-api/vendor/laravel/framework/src/Illuminate/Http/Middleware/HandleCors.php(62): Illuminate/Pipeline/Pipeline->Illuminate/Pipeline/{closure}(Object(Illuminate/Http/Request))
#36 D:/2.ANDROID/3.FlutterVSCode/projects/SHE Inspection System/backend/she-api/vendor/laravel/framework/src/Illuminate/Pipeline/Pipeline.php(209): Illuminate/Http/Middleware/HandleCors->handle(Object(Illuminate/Http/Request), Object(Closure))
#37 D:/2.ANDROID/3.FlutterVSCode/projects/SHE Inspection System/backend/she-api/vendor/laravel/framework/src/Illuminate/Http/Middleware/TrustProxies.php(58): Illuminate/Pipeline/Pipeline->Illuminate/Pipeline/{closure}(Object(Illuminate/Http/Request))
#38 D:/2.ANDROID/3.FlutterVSCode/projects/SHE Inspection System/backend/she-api/vendor/laravel/framework/src/Illuminate/Pipeline/Pipeline.php(209): Illuminate/Http/Middleware/TrustProxies->handle(Object(Illuminate/Http/Request), Object(Closure))
#39 D:/2.ANDROID/3.FlutterVSCode/projects/SHE Inspection System/backend/she-api/vendor/laravel/framework/src/Illuminate/Foundation/Http/Middleware/InvokeDeferredCallbacks.php(22): Illuminate/Pipeline/Pipeline->Illuminate/Pipeline/{closure}(Object(Illuminate/Http/Request))
#40 D:/2.ANDROID/3.FlutterVSCode/projects/SHE Inspection System/backend/she-api/vendor/laravel/framework/src/Illuminate/Pipeline/Pipeline.php(209): Illuminate/Foundation/Http/Middleware/InvokeDeferredCallbacks->handle(Object(Illuminate/Http/Request), Object(Closure))
#41 D:/2.ANDROID/3.FlutterVSCode/projects/SHE Inspection System/backend/she-api/vendor/laravel/framework/src/Illuminate/Pipeline/Pipeline.php(127): Illuminate/Pipeline/Pipeline->Illuminate/Pipeline/{closure}(Object(Illuminate/Http/Request))
#42 D:/2.ANDROID/3.FlutterVSCode/projects/SHE Inspection System/backend/she-api/vendor/laravel/framework/src/Illuminate/Foundation/Http/Kernel.php(176): Illuminate/Pipeline/Pipeline->then(Object(Closure))
#43 D:/2.ANDROID/3.FlutterVSCode/projects/SHE Inspection System/backend/she-api/vendor/laravel/framework/src/Illuminate/Foundation/Http/Kernel.php(145): Illuminate/Foundation/Http/Kernel->sendRequestThroughRouter(Object(Illuminate/Http/Request))
#44 D:/2.ANDROID/3.FlutterVSCode/projects/SHE Inspection System/backend/she-api/vendor/laravel/framework/src/Illuminate/Foundation/Application.php(1220): Illuminate/Foundation/Http/Kernel->handle(Object(Illuminate/Http/Request))
#45 D:/2.ANDROID/3.FlutterVSCode/projects/SHE Inspection System/backend/she-api/public/index.php(20): Illuminate/Foundation/Application->handleRequest(Object(Illuminate/Http/Request))
#46 D:/2.ANDROID/3.FlutterVSCode/projects/SHE Inspection System/backend/she-api/vendor/laravel/framework/src/Illuminate/Foundation/resources/server.php(23): require_once('D://2.ANDROID//3....')
#47 {main}
"} 
[2026-07-02 03:55:28] local.ERROR: Class "App\Models\Division" not found {"userId":1,"exception":"[object] (Error(code: 0): Class \"App\\Models\\Division\" not found at D:/2.ANDROID/3.FlutterVSCode/projects/SHE Inspection System/backend/she-api/vendor/laravel/framework/src/Illuminate/Database/Eloquent/Concerns/HasRelationships.php:859)
[stacktrace]
#0 D:/2.ANDROID/3.FlutterVSCode/projects/SHE Inspection System/backend/she-api/vendor/laravel/framework/src/Illuminate/Database/Eloquent/Concerns/HasRelationships.php(244): Illuminate/Database/Eloquent/Model->newRelatedInstance('App//Models//Divi...')
#1 D:/2.ANDROID/3.FlutterVSCode/projects/SHE Inspection System/backend/she-api/app/Models/User.php(53): Illuminate/Database/Eloquent/Model->belongsTo('App//Models//Divi...')
#2 D:/2.ANDROID/3.FlutterVSCode/projects/SHE Inspection System/backend/she-api/vendor/laravel/framework/src/Illuminate/Database/Eloquent/Builder.php(876): App/Models/User->division()
#3 D:/2.ANDROID/3.FlutterVSCode/projects/SHE Inspection System/backend/she-api/vendor/laravel/framework/src/Illuminate/Database/Eloquent/Relations/Relation.php(120): Illuminate/Database/Eloquent/Builder->Illuminate/Database/Eloquent/{closure}()
#4 D:/2.ANDROID/3.FlutterVSCode/projects/SHE Inspection System/backend/she-api/vendor/laravel/framework/src/Illuminate/Database/Eloquent/Builder.php(874): Illuminate/Database/Eloquent/Relations/Relation::noConstraints(Object(Closure))
#5 D:/2.ANDROID/3.FlutterVSCode/projects/SHE Inspection System/backend/she-api/vendor/laravel/framework/src/Illuminate/Database/Eloquent/Builder.php(848): Illuminate/Database/Eloquent/Builder->getRelation('division')
#6 D:/2.ANDROID/3.FlutterVSCode/projects/SHE Inspection System/backend/she-api/vendor/laravel/framework/src/Illuminate/Database/Eloquent/Builder.php(828): Illuminate/Database/Eloquent/Builder->eagerLoadRelation(Array, 'division', Object(Closure))
#7 D:/2.ANDROID/3.FlutterVSCode/projects/SHE Inspection System/backend/she-api/vendor/laravel/framework/src/Illuminate/Database/Eloquent/Builder.php(794): Illuminate/Database/Eloquent/Builder->eagerLoadRelations(Array)
#8 D:/2.ANDROID/3.FlutterVSCode/projects/SHE Inspection System/backend/she-api/app/Http/Controllers/Api/UserController.php(17): Illuminate/Database/Eloquent/Builder->get()
#9 D:/2.ANDROID/3.FlutterVSCode/projects/SHE Inspection System/backend/she-api/vendor/laravel/framework/src/Illuminate/Routing/ControllerDispatcher.php(47): App/Http/Controllers/Api/UserController->index(Object(Illuminate/Http/Request))
#10 D:/2.ANDROID/3.FlutterVSCode/projects/SHE Inspection System/backend/she-api/vendor/laravel/framework/src/Illuminate/Routing/Route.php(266): Illuminate/Routing/ControllerDispatcher->dispatch(Object(Illuminate/Routing/Route), Object(App/Http/Controllers/Api/UserController), 'index')
#11 D:/2.ANDROID/3.FlutterVSCode/projects/SHE Inspection System/backend/she-api/vendor/laravel/framework/src/Illuminate/Routing/Route.php(212): Illuminate/Routing/Route->runController()
#12 D:/2.ANDROID/3.FlutterVSCode/projects/SHE Inspection System/backend/she-api/vendor/laravel/framework/src/Illuminate/Routing/Router.php(808): Illuminate/Routing/Route->run()
#13 D:/2.ANDROID/3.FlutterVSCode/projects/SHE Inspection System/backend/she-api/vendor/laravel/framework/src/Illuminate/Pipeline/Pipeline.php(170): Illuminate/Routing/Router->Illuminate/Routing/{closure}(Object(Illuminate/Http/Request))
#14 D:/2.ANDROID/3.FlutterVSCode/projects/SHE Inspection System/backend/she-api/vendor/laravel/framework/src/Illuminate/Routing/Middleware/SubstituteBindings.php(51): Illuminate/Pipeline/Pipeline->Illuminate/Pipeline/{closure}(Object(Illuminate/Http/Request))
#15 D:/2.ANDROID/3.FlutterVSCode/projects/SHE Inspection System/backend/she-api/vendor/laravel/framework/src/Illuminate/Pipeline/Pipeline.php(209): Illuminate/Routing/Middleware/SubstituteBindings->handle(Object(Illuminate/Http/Request), Object(Closure))
#16 D:/2.ANDROID/3.FlutterVSCode/projects/SHE Inspection System/backend/she-api/vendor/laravel/framework/src/Illuminate/Auth/Middleware/Authenticate.php(64): Illuminate/Pipeline/Pipeline->Illuminate/Pipeline/{closure}(Object(Illuminate/Http/Request))
#17 D:/2.ANDROID/3.FlutterVSCode/projects/SHE Inspection System/backend/she-api/vendor/laravel/framework/src/Illuminate/Pipeline/Pipeline.php(209): Illuminate/Auth/Middleware/Authenticate->handle(Object(Illuminate/Http/Request), Object(Closure), 'sanctum')
#18 D:/2.ANDROID/3.FlutterVSCode/projects/SHE Inspection System/backend/she-api/vendor/laravel/framework/src/Illuminate/Pipeline/Pipeline.php(127): Illuminate/Pipeline/Pipeline->Illuminate/Pipeline/{closure}(Object(Illuminate/Http/Request))
#19 D:/2.ANDROID/3.FlutterVSCode/projects/SHE Inspection System/backend/she-api/vendor/laravel/framework/src/Illuminate/Routing/Router.php(807): Illuminate/Pipeline/Pipeline->then(Object(Closure))
#20 D:/2.ANDROID/3.FlutterVSCode/projects/SHE Inspection System/backend/she-api/vendor/laravel/framework/src/Illuminate/Routing/Router.php(786): Illuminate/Routing/Router->runRouteWithinStack(Object(Illuminate/Routing/Route), Object(Illuminate/Http/Request))
#21 D:/2.ANDROID/3.FlutterVSCode/projects/SHE Inspection System/backend/she-api/vendor/laravel/framework/src/Illuminate/Routing/Router.php(750): Illuminate/Routing/Router->runRoute(Object(Illuminate/Http/Request), Object(Illuminate/Routing/Route))
#22 D:/2.ANDROID/3.FlutterVSCode/projects/SHE Inspection System/backend/she-api/vendor/laravel/framework/src/Illuminate/Routing/Router.php(739): Illuminate/Routing/Router->dispatchToRoute(Object(Illuminate/Http/Request))
#23 D:/2.ANDROID/3.FlutterVSCode/projects/SHE Inspection System/backend/she-api/vendor/laravel/framework/src/Illuminate/Foundation/Http/Kernel.php(201): Illuminate/Routing/Router->dispatch(Object(Illuminate/Http/Request))
#24 D:/2.ANDROID/3.FlutterVSCode/projects/SHE Inspection System/backend/she-api/vendor/laravel/framework/src/Illuminate/Pipeline/Pipeline.php(170): Illuminate/Foundation/Http/Kernel->Illuminate/Foundation/Http/{closure}(Object(Illuminate/Http/Request))
#25 D:/2.ANDROID/3.FlutterVSCode/projects/SHE Inspection System/backend/she-api/vendor/laravel/framework/src/Illuminate/Foundation/Http/Middleware/TransformsRequest.php(21): Illuminate/Pipeline/Pipeline->Illuminate/Pipeline/{closure}(Object(Illuminate/Http/Request))
#26 D:/2.ANDROID/3.FlutterVSCode/projects/SHE Inspection System/backend/she-api/vendor/laravel/framework/src/Illuminate/Foundation/Http/Middleware/ConvertEmptyStringsToNull.php(31): Illuminate/Foundation/Http/Middleware/TransformsRequest->handle(Object(Illuminate/Http/Request), Object(Closure))
#27 D:/2.ANDROID/3.FlutterVSCode/projects/SHE Inspection System/backend/she-api/vendor/laravel/framework/src/Illuminate/Pipeline/Pipeline.php(209): Illuminate/Foundation/Http/Middleware/ConvertEmptyStringsToNull->handle(Object(Illuminate/Http/Request), Object(Closure))
#28 D:/2.ANDROID/3.FlutterVSCode/projects/SHE Inspection System/backend/she-api/vendor/laravel/framework/src/Illuminate/Foundation/Http/Middleware/TransformsRequest.php(21): Illuminate/Pipeline/Pipeline->Illuminate/Pipeline/{closure}(Object(Illuminate/Http/Request))
#29 D:/2.ANDROID/3.FlutterVSCode/projects/SHE Inspection System/backend/she-api/vendor/laravel/framework/src/Illuminate/Foundation/Http/Middleware/TrimStrings.php(51): Illuminate/Foundation/Http/Middleware/TransformsRequest->handle(Object(Illuminate/Http/Request), Object(Closure))
#30 D:/2.ANDROID/3.FlutterVSCode/projects/SHE Inspection System/backend/she-api/vendor/laravel/framework/src/Illuminate/Pipeline/Pipeline.php(209): Illuminate/Foundation/Http/Middleware/TrimStrings->handle(Object(Illuminate/Http/Request), Object(Closure))
#31 D:/2.ANDROID/3.FlutterVSCode/projects/SHE Inspection System/backend/she-api/vendor/laravel/framework/src/Illuminate/Http/Middleware/ValidatePostSize.php(27): Illuminate/Pipeline/Pipeline->Illuminate/Pipeline/{closure}(Object(Illuminate/Http/Request))
#32 D:/2.ANDROID/3.FlutterVSCode/projects/SHE Inspection System/backend/she-api/vendor/laravel/framework/src/Illuminate/Pipeline/Pipeline.php(209): Illuminate/Http/Middleware/ValidatePostSize->handle(Object(Illuminate/Http/Request), Object(Closure))
#33 D:/2.ANDROID/3.FlutterVSCode/projects/SHE Inspection System/backend/she-api/vendor/laravel/framework/src/Illuminate/Foundation/Http/Middleware/PreventRequestsDuringMaintenance.php(110): Illuminate/Pipeline/Pipeline->Illuminate/Pipeline/{closure}(Object(Illuminate/Http/Request))
#34 D:/2.ANDROID/3.FlutterVSCode/projects/SHE Inspection System/backend/she-api/vendor/laravel/framework/src/Illuminate/Pipeline/Pipeline.php(209): Illuminate/Foundation/Http/Middleware/PreventRequestsDuringMaintenance->handle(Object(Illuminate/Http/Request), Object(Closure))
#35 D:/2.ANDROID/3.FlutterVSCode/projects/SHE Inspection System/backend/she-api/vendor/laravel/framework/src/Illuminate/Http/Middleware/HandleCors.php(62): Illuminate/Pipeline/Pipeline->Illuminate/Pipeline/{closure}(Object(Illuminate/Http/Request))
#36 D:/2.ANDROID/3.FlutterVSCode/projects/SHE Inspection System/backend/she-api/vendor/laravel/framework/src/Illuminate/Pipeline/Pipeline.php(209): Illuminate/Http/Middleware/HandleCors->handle(Object(Illuminate/Http/Request), Object(Closure))
#37 D:/2.ANDROID/3.FlutterVSCode/projects/SHE Inspection System/backend/she-api/vendor/laravel/framework/src/Illuminate/Http/Middleware/TrustProxies.php(58): Illuminate/Pipeline/Pipeline->Illuminate/Pipeline/{closure}(Object(Illuminate/Http/Request))
#38 D:/2.ANDROID/3.FlutterVSCode/projects/SHE Inspection System/backend/she-api/vendor/laravel/framework/src/Illuminate/Pipeline/Pipeline.php(209): Illuminate/Http/Middleware/TrustProxies->handle(Object(Illuminate/Http/Request), Object(Closure))
#39 D:/2.ANDROID/3.FlutterVSCode/projects/SHE Inspection System/backend/she-api/vendor/laravel/framework/src/Illuminate/Foundation/Http/Middleware/InvokeDeferredCallbacks.php(22): Illuminate/Pipeline/Pipeline->Illuminate/Pipeline/{closure}(Object(Illuminate/Http/Request))
#40 D:/2.ANDROID/3.FlutterVSCode/projects/SHE Inspection System/backend/she-api/vendor/laravel/framework/src/Illuminate/Pipeline/Pipeline.php(209): Illuminate/Foundation/Http/Middleware/InvokeDeferredCallbacks->handle(Object(Illuminate/Http/Request), Object(Closure))
#41 D:/2.ANDROID/3.FlutterVSCode/projects/SHE Inspection System/backend/she-api/vendor/laravel/framework/src/Illuminate/Pipeline/Pipeline.php(127): Illuminate/Pipeline/Pipeline->Illuminate/Pipeline/{closure}(Object(Illuminate/Http/Request))
#42 D:/2.ANDROID/3.FlutterVSCode/projects/SHE Inspection System/backend/she-api/vendor/laravel/framework/src/Illuminate/Foundation/Http/Kernel.php(176): Illuminate/Pipeline/Pipeline->then(Object(Closure))
#43 D:/2.ANDROID/3.FlutterVSCode/projects/SHE Inspection System/backend/she-api/vendor/laravel/framework/src/Illuminate/Foundation/Http/Kernel.php(145): Illuminate/Foundation/Http/Kernel->sendRequestThroughRouter(Object(Illuminate/Http/Request))
#44 D:/2.ANDROID/3.FlutterVSCode/projects/SHE Inspection System/backend/she-api/vendor/laravel/framework/src/Illuminate/Foundation/Application.php(1220): Illuminate/Foundation/Http/Kernel->handle(Object(Illuminate/Http/Request))
#45 D:/2.ANDROID/3.FlutterVSCode/projects/SHE Inspection System/backend/she-api/public/index.php(20): Illuminate/Foundation/Application->handleRequest(Object(Illuminate/Http/Request))
#46 D:/2.ANDROID/3.FlutterVSCode/projects/SHE Inspection System/backend/she-api/vendor/laravel/framework/src/Illuminate/Foundation/resources/server.php(23): require_once('D://2.ANDROID//3....')
#47 {main}
"} 
[2026-07-02 04:04:08] local.ERROR: Class "App\Models\Division" not found {"userId":1,"exception":"[object] (Error(code: 0): Class \"App\\Models\\Division\" not found at D:/2.ANDROID/3.FlutterVSCode/projects/SHE Inspection System/backend/she-api/vendor/laravel/framework/src/Illuminate/Database/Eloquent/Concerns/HasRelationships.php:859)
[stacktrace]
#0 D:/2.ANDROID/3.FlutterVSCode/projects/SHE Inspection System/backend/she-api/vendor/laravel/framework/src/Illuminate/Database/Eloquent/Concerns/HasRelationships.php(244): Illuminate/Database/Eloquent/Model->newRelatedInstance('App//Models//Divi...')
#1 D:/2.ANDROID/3.FlutterVSCode/projects/SHE Inspection System/backend/she-api/app/Models/User.php(53): Illuminate/Database/Eloquent/Model->belongsTo('App//Models//Divi...')
#2 D:/2.ANDROID/3.FlutterVSCode/projects/SHE Inspection System/backend/she-api/vendor/laravel/framework/src/Illuminate/Database/Eloquent/Builder.php(876): App/Models/User->division()
#3 D:/2.ANDROID/3.FlutterVSCode/projects/SHE Inspection System/backend/she-api/vendor/laravel/framework/src/Illuminate/Database/Eloquent/Relations/Relation.php(120): Illuminate/Database/Eloquent/Builder->Illuminate/Database/Eloquent/{closure}()
#4 D:/2.ANDROID/3.FlutterVSCode/projects/SHE Inspection System/backend/she-api/vendor/laravel/framework/src/Illuminate/Database/Eloquent/Builder.php(874): Illuminate/Database/Eloquent/Relations/Relation::noConstraints(Object(Closure))
#5 D:/2.ANDROID/3.FlutterVSCode/projects/SHE Inspection System/backend/she-api/vendor/laravel/framework/src/Illuminate/Database/Eloquent/Builder.php(848): Illuminate/Database/Eloquent/Builder->getRelation('division')
#6 D:/2.ANDROID/3.FlutterVSCode/projects/SHE Inspection System/backend/she-api/vendor/laravel/framework/src/Illuminate/Database/Eloquent/Builder.php(828): Illuminate/Database/Eloquent/Builder->eagerLoadRelation(Array, 'division', Object(Closure))
#7 D:/2.ANDROID/3.FlutterVSCode/projects/SHE Inspection System/backend/she-api/vendor/laravel/framework/src/Illuminate/Database/Eloquent/Builder.php(794): Illuminate/Database/Eloquent/Builder->eagerLoadRelations(Array)
#8 D:/2.ANDROID/3.FlutterVSCode/projects/SHE Inspection System/backend/she-api/app/Http/Controllers/Api/UserController.php(17): Illuminate/Database/Eloquent/Builder->get()
#9 D:/2.ANDROID/3.FlutterVSCode/projects/SHE Inspection System/backend/she-api/vendor/laravel/framework/src/Illuminate/Routing/ControllerDispatcher.php(47): App/Http/Controllers/Api/UserController->index(Object(Illuminate/Http/Request))
#10 D:/2.ANDROID/3.FlutterVSCode/projects/SHE Inspection System/backend/she-api/vendor/laravel/framework/src/Illuminate/Routing/Route.php(266): Illuminate/Routing/ControllerDispatcher->dispatch(Object(Illuminate/Routing/Route), Object(App/Http/Controllers/Api/UserController), 'index')
#11 D:/2.ANDROID/3.FlutterVSCode/projects/SHE Inspection System/backend/she-api/vendor/laravel/framework/src/Illuminate/Routing/Route.php(212): Illuminate/Routing/Route->runController()
#12 D:/2.ANDROID/3.FlutterVSCode/projects/SHE Inspection System/backend/she-api/vendor/laravel/framework/src/Illuminate/Routing/Router.php(808): Illuminate/Routing/Route->run()
#13 D:/2.ANDROID/3.FlutterVSCode/projects/SHE Inspection System/backend/she-api/vendor/laravel/framework/src/Illuminate/Pipeline/Pipeline.php(170): Illuminate/Routing/Router->Illuminate/Routing/{closure}(Object(Illuminate/Http/Request))
#14 D:/2.ANDROID/3.FlutterVSCode/projects/SHE Inspection System/backend/she-api/vendor/laravel/framework/src/Illuminate/Routing/Middleware/SubstituteBindings.php(51): Illuminate/Pipeline/Pipeline->Illuminate/Pipeline/{closure}(Object(Illuminate/Http/Request))
#15 D:/2.ANDROID/3.FlutterVSCode/projects/SHE Inspection System/backend/she-api/vendor/laravel/framework/src/Illuminate/Pipeline/Pipeline.php(209): Illuminate/Routing/Middleware/SubstituteBindings->handle(Object(Illuminate/Http/Request), Object(Closure))
#16 D:/2.ANDROID/3.FlutterVSCode/projects/SHE Inspection System/backend/she-api/vendor/laravel/framework/src/Illuminate/Auth/Middleware/Authenticate.php(64): Illuminate/Pipeline/Pipeline->Illuminate/Pipeline/{closure}(Object(Illuminate/Http/Request))
#17 D:/2.ANDROID/3.FlutterVSCode/projects/SHE Inspection System/backend/she-api/vendor/laravel/framework/src/Illuminate/Pipeline/Pipeline.php(209): Illuminate/Auth/Middleware/Authenticate->handle(Object(Illuminate/Http/Request), Object(Closure), 'sanctum')
#18 D:/2.ANDROID/3.FlutterVSCode/projects/SHE Inspection System/backend/she-api/vendor/laravel/framework/src/Illuminate/Pipeline/Pipeline.php(127): Illuminate/Pipeline/Pipeline->Illuminate/Pipeline/{closure}(Object(Illuminate/Http/Request))
#19 D:/2.ANDROID/3.FlutterVSCode/projects/SHE Inspection System/backend/she-api/vendor/laravel/framework/src/Illuminate/Routing/Router.php(807): Illuminate/Pipeline/Pipeline->then(Object(Closure))
#20 D:/2.ANDROID/3.FlutterVSCode/projects/SHE Inspection System/backend/she-api/vendor/laravel/framework/src/Illuminate/Routing/Router.php(786): Illuminate/Routing/Router->runRouteWithinStack(Object(Illuminate/Routing/Route), Object(Illuminate/Http/Request))
#21 D:/2.ANDROID/3.FlutterVSCode/projects/SHE Inspection System/backend/she-api/vendor/laravel/framework/src/Illuminate/Routing/Router.php(750): Illuminate/Routing/Router->runRoute(Object(Illuminate/Http/Request), Object(Illuminate/Routing/Route))
#22 D:/2.ANDROID/3.FlutterVSCode/projects/SHE Inspection System/backend/she-api/vendor/laravel/framework/src/Illuminate/Routing/Router.php(739): Illuminate/Routing/Router->dispatchToRoute(Object(Illuminate/Http/Request))
#23 D:/2.ANDROID/3.FlutterVSCode/projects/SHE Inspection System/backend/she-api/vendor/laravel/framework/src/Illuminate/Foundation/Http/Kernel.php(201): Illuminate/Routing/Router->dispatch(Object(Illuminate/Http/Request))
#24 D:/2.ANDROID/3.FlutterVSCode/projects/SHE Inspection System/backend/she-api/vendor/laravel/framework/src/Illuminate/Pipeline/Pipeline.php(170): Illuminate/Foundation/Http/Kernel->Illuminate/Foundation/Http/{closure}(Object(Illuminate/Http/Request))
#25 D:/2.ANDROID/3.FlutterVSCode/projects/SHE Inspection System/backend/she-api/vendor/laravel/framework/src/Illuminate/Foundation/Http/Middleware/TransformsRequest.php(21): Illuminate/Pipeline/Pipeline->Illuminate/Pipeline/{closure}(Object(Illuminate/Http/Request))
#26 D:/2.ANDROID/3.FlutterVSCode/projects/SHE Inspection System/backend/she-api/vendor/laravel/framework/src/Illuminate/Foundation/Http/Middleware/ConvertEmptyStringsToNull.php(31): Illuminate/Foundation/Http/Middleware/TransformsRequest->handle(Object(Illuminate/Http/Request), Object(Closure))
#27 D:/2.ANDROID/3.FlutterVSCode/projects/SHE Inspection System/backend/she-api/vendor/laravel/framework/src/Illuminate/Pipeline/Pipeline.php(209): Illuminate/Foundation/Http/Middleware/ConvertEmptyStringsToNull->handle(Object(Illuminate/Http/Request), Object(Closure))
#28 D:/2.ANDROID/3.FlutterVSCode/projects/SHE Inspection System/backend/she-api/vendor/laravel/framework/src/Illuminate/Foundation/Http/Middleware/TransformsRequest.php(21): Illuminate/Pipeline/Pipeline->Illuminate/Pipeline/{closure}(Object(Illuminate/Http/Request))
#29 D:/2.ANDROID/3.FlutterVSCode/projects/SHE Inspection System/backend/she-api/vendor/laravel/framework/src/Illuminate/Foundation/Http/Middleware/TrimStrings.php(51): Illuminate/Foundation/Http/Middleware/TransformsRequest->handle(Object(Illuminate/Http/Request), Object(Closure))
#30 D:/2.ANDROID/3.FlutterVSCode/projects/SHE Inspection System/backend/she-api/vendor/laravel/framework/src/Illuminate/Pipeline/Pipeline.php(209): Illuminate/Foundation/Http/Middleware/TrimStrings->handle(Object(Illuminate/Http/Request), Object(Closure))
#31 D:/2.ANDROID/3.FlutterVSCode/projects/SHE Inspection System/backend/she-api/vendor/laravel/framework/src/Illuminate/Http/Middleware/ValidatePostSize.php(27): Illuminate/Pipeline/Pipeline->Illuminate/Pipeline/{closure}(Object(Illuminate/Http/Request))
#32 D:/2.ANDROID/3.FlutterVSCode/projects/SHE Inspection System/backend/she-api/vendor/laravel/framework/src/Illuminate/Pipeline/Pipeline.php(209): Illuminate/Http/Middleware/ValidatePostSize->handle(Object(Illuminate/Http/Request), Object(Closure))
#33 D:/2.ANDROID/3.FlutterVSCode/projects/SHE Inspection System/backend/she-api/vendor/laravel/framework/src/Illuminate/Foundation/Http/Middleware/PreventRequestsDuringMaintenance.php(110): Illuminate/Pipeline/Pipeline->Illuminate/Pipeline/{closure}(Object(Illuminate/Http/Request))
#34 D:/2.ANDROID/3.FlutterVSCode/projects/SHE Inspection System/backend/she-api/vendor/laravel/framework/src/Illuminate/Pipeline/Pipeline.php(209): Illuminate/Foundation/Http/Middleware/PreventRequestsDuringMaintenance->handle(Object(Illuminate/Http/Request), Object(Closure))
#35 D:/2.ANDROID/3.FlutterVSCode/projects/SHE Inspection System/backend/she-api/vendor/laravel/framework/src/Illuminate/Http/Middleware/HandleCors.php(62): Illuminate/Pipeline/Pipeline->Illuminate/Pipeline/{closure}(Object(Illuminate/Http/Request))
#36 D:/2.ANDROID/3.FlutterVSCode/projects/SHE Inspection System/backend/she-api/vendor/laravel/framework/src/Illuminate/Pipeline/Pipeline.php(209): Illuminate/Http/Middleware/HandleCors->handle(Object(Illuminate/Http/Request), Object(Closure))
#37 D:/2.ANDROID/3.FlutterVSCode/projects/SHE Inspection System/backend/she-api/vendor/laravel/framework/src/Illuminate/Http/Middleware/TrustProxies.php(58): Illuminate/Pipeline/Pipeline->Illuminate/Pipeline/{closure}(Object(Illuminate/Http/Request))
#38 D:/2.ANDROID/3.FlutterVSCode/projects/SHE Inspection System/backend/she-api/vendor/laravel/framework/src/Illuminate/Pipeline/Pipeline.php(209): Illuminate/Http/Middleware/TrustProxies->handle(Object(Illuminate/Http/Request), Object(Closure))
#39 D:/2.ANDROID/3.FlutterVSCode/projects/SHE Inspection System/backend/she-api/vendor/laravel/framework/src/Illuminate/Foundation/Http/Middleware/InvokeDeferredCallbacks.php(22): Illuminate/Pipeline/Pipeline->Illuminate/Pipeline/{closure}(Object(Illuminate/Http/Request))
#40 D:/2.ANDROID/3.FlutterVSCode/projects/SHE Inspection System/backend/she-api/vendor/laravel/framework/src/Illuminate/Pipeline/Pipeline.php(209): Illuminate/Foundation/Http/Middleware/InvokeDeferredCallbacks->handle(Object(Illuminate/Http/Request), Object(Closure))
#41 D:/2.ANDROID/3.FlutterVSCode/projects/SHE Inspection System/backend/she-api/vendor/laravel/framework/src/Illuminate/Pipeline/Pipeline.php(127): Illuminate/Pipeline/Pipeline->Illuminate/Pipeline/{closure}(Object(Illuminate/Http/Request))
#42 D:/2.ANDROID/3.FlutterVSCode/projects/SHE Inspection System/backend/she-api/vendor/laravel/framework/src/Illuminate/Foundation/Http/Kernel.php(176): Illuminate/Pipeline/Pipeline->then(Object(Closure))
#43 D:/2.ANDROID/3.FlutterVSCode/projects/SHE Inspection System/backend/she-api/vendor/laravel/framework/src/Illuminate/Foundation/Http/Kernel.php(145): Illuminate/Foundation/Http/Kernel->sendRequestThroughRouter(Object(Illuminate/Http/Request))
#44 D:/2.ANDROID/3.FlutterVSCode/projects/SHE Inspection System/backend/she-api/vendor/laravel/framework/src/Illuminate/Foundation/Application.php(1220): Illuminate/Foundation/Http/Kernel->handle(Object(Illuminate/Http/Request))
#45 D:/2.ANDROID/3.FlutterVSCode/projects/SHE Inspection System/backend/she-api/public/index.php(20): Illuminate/Foundation/Application->handleRequest(Object(Illuminate/Http/Request))
#46 D:/2.ANDROID/3.FlutterVSCode/projects/SHE Inspection System/backend/she-api/vendor/laravel/framework/src/Illuminate/Foundation/resources/server.php(23): require_once('D://2.ANDROID//3....')
#47 {main}
"} 
[2026-07-02 04:04:44] local.ERROR: Class "App\Models\Division" not found {"userId":1,"exception":"[object] (Error(code: 0): Class \"App\\Models\\Division\" not found at D:/2.ANDROID/3.FlutterVSCode/projects/SHE Inspection System/backend/she-api/vendor/laravel/framework/src/Illuminate/Database/Eloquent/Concerns/HasRelationships.php:859)
[stacktrace]
#0 D:/2.ANDROID/3.FlutterVSCode/projects/SHE Inspection System/backend/she-api/vendor/laravel/framework/src/Illuminate/Database/Eloquent/Concerns/HasRelationships.php(244): Illuminate/Database/Eloquent/Model->newRelatedInstance('App//Models//Divi...')
#1 D:/2.ANDROID/3.FlutterVSCode/projects/SHE Inspection System/backend/she-api/app/Models/User.php(53): Illuminate/Database/Eloquent/Model->belongsTo('App//Models//Divi...')
#2 D:/2.ANDROID/3.FlutterVSCode/projects/SHE Inspection System/backend/she-api/vendor/laravel/framework/src/Illuminate/Database/Eloquent/Builder.php(876): App/Models/User->division()
#3 D:/2.ANDROID/3.FlutterVSCode/projects/SHE Inspection System/backend/she-api/vendor/laravel/framework/src/Illuminate/Database/Eloquent/Relations/Relation.php(120): Illuminate/Database/Eloquent/Builder->Illuminate/Database/Eloquent/{closure}()
#4 D:/2.ANDROID/3.FlutterVSCode/projects/SHE Inspection System/backend/she-api/vendor/laravel/framework/src/Illuminate/Database/Eloquent/Builder.php(874): Illuminate/Database/Eloquent/Relations/Relation::noConstraints(Object(Closure))
#5 D:/2.ANDROID/3.FlutterVSCode/projects/SHE Inspection System/backend/she-api/vendor/laravel/framework/src/Illuminate/Database/Eloquent/Builder.php(848): Illuminate/Database/Eloquent/Builder->getRelation('division')
#6 D:/2.ANDROID/3.FlutterVSCode/projects/SHE Inspection System/backend/she-api/vendor/laravel/framework/src/Illuminate/Database/Eloquent/Builder.php(828): Illuminate/Database/Eloquent/Builder->eagerLoadRelation(Array, 'division', Object(Closure))
#7 D:/2.ANDROID/3.FlutterVSCode/projects/SHE Inspection System/backend/she-api/vendor/laravel/framework/src/Illuminate/Database/Eloquent/Builder.php(794): Illuminate/Database/Eloquent/Builder->eagerLoadRelations(Array)
#8 D:/2.ANDROID/3.FlutterVSCode/projects/SHE Inspection System/backend/she-api/app/Http/Controllers/Api/UserController.php(17): Illuminate/Database/Eloquent/Builder->get()
#9 D:/2.ANDROID/3.FlutterVSCode/projects/SHE Inspection System/backend/she-api/vendor/laravel/framework/src/Illuminate/Routing/ControllerDispatcher.php(47): App/Http/Controllers/Api/UserController->index(Object(Illuminate/Http/Request))
#10 D:/2.ANDROID/3.FlutterVSCode/projects/SHE Inspection System/backend/she-api/vendor/laravel/framework/src/Illuminate/Routing/Route.php(266): Illuminate/Routing/ControllerDispatcher->dispatch(Object(Illuminate/Routing/Route), Object(App/Http/Controllers/Api/UserController), 'index')
#11 D:/2.ANDROID/3.FlutterVSCode/projects/SHE Inspection System/backend/she-api/vendor/laravel/framework/src/Illuminate/Routing/Route.php(212): Illuminate/Routing/Route->runController()
#12 D:/2.ANDROID/3.FlutterVSCode/projects/SHE Inspection System/backend/she-api/vendor/laravel/framework/src/Illuminate/Routing/Router.php(808): Illuminate/Routing/Route->run()
#13 D:/2.ANDROID/3.FlutterVSCode/projects/SHE Inspection System/backend/she-api/vendor/laravel/framework/src/Illuminate/Pipeline/Pipeline.php(170): Illuminate/Routing/Router->Illuminate/Routing/{closure}(Object(Illuminate/Http/Request))
#14 D:/2.ANDROID/3.FlutterVSCode/projects/SHE Inspection System/backend/she-api/vendor/laravel/framework/src/Illuminate/Routing/Middleware/SubstituteBindings.php(51): Illuminate/Pipeline/Pipeline->Illuminate/Pipeline/{closure}(Object(Illuminate/Http/Request))
#15 D:/2.ANDROID/3.FlutterVSCode/projects/SHE Inspection System/backend/she-api/vendor/laravel/framework/src/Illuminate/Pipeline/Pipeline.php(209): Illuminate/Routing/Middleware/SubstituteBindings->handle(Object(Illuminate/Http/Request), Object(Closure))
#16 D:/2.ANDROID/3.FlutterVSCode/projects/SHE Inspection System/backend/she-api/vendor/laravel/framework/src/Illuminate/Auth/Middleware/Authenticate.php(64): Illuminate/Pipeline/Pipeline->Illuminate/Pipeline/{closure}(Object(Illuminate/Http/Request))
#17 D:/2.ANDROID/3.FlutterVSCode/projects/SHE Inspection System/backend/she-api/vendor/laravel/framework/src/Illuminate/Pipeline/Pipeline.php(209): Illuminate/Auth/Middleware/Authenticate->handle(Object(Illuminate/Http/Request), Object(Closure), 'sanctum')
#18 D:/2.ANDROID/3.FlutterVSCode/projects/SHE Inspection System/backend/she-api/vendor/laravel/framework/src/Illuminate/Pipeline/Pipeline.php(127): Illuminate/Pipeline/Pipeline->Illuminate/Pipeline/{closure}(Object(Illuminate/Http/Request))
#19 D:/2.ANDROID/3.FlutterVSCode/projects/SHE Inspection System/backend/she-api/vendor/laravel/framework/src/Illuminate/Routing/Router.php(807): Illuminate/Pipeline/Pipeline->then(Object(Closure))
#20 D:/2.ANDROID/3.FlutterVSCode/projects/SHE Inspection System/backend/she-api/vendor/laravel/framework/src/Illuminate/Routing/Router.php(786): Illuminate/Routing/Router->runRouteWithinStack(Object(Illuminate/Routing/Route), Object(Illuminate/Http/Request))
#21 D:/2.ANDROID/3.FlutterVSCode/projects/SHE Inspection System/backend/she-api/vendor/laravel/framework/src/Illuminate/Routing/Router.php(750): Illuminate/Routing/Router->runRoute(Object(Illuminate/Http/Request), Object(Illuminate/Routing/Route))
#22 D:/2.ANDROID/3.FlutterVSCode/projects/SHE Inspection System/backend/she-api/vendor/laravel/framework/src/Illuminate/Routing/Router.php(739): Illuminate/Routing/Router->dispatchToRoute(Object(Illuminate/Http/Request))
#23 D:/2.ANDROID/3.FlutterVSCode/projects/SHE Inspection System/backend/she-api/vendor/laravel/framework/src/Illuminate/Foundation/Http/Kernel.php(201): Illuminate/Routing/Router->dispatch(Object(Illuminate/Http/Request))
#24 D:/2.ANDROID/3.FlutterVSCode/projects/SHE Inspection System/backend/she-api/vendor/laravel/framework/src/Illuminate/Pipeline/Pipeline.php(170): Illuminate/Foundation/Http/Kernel->Illuminate/Foundation/Http/{closure}(Object(Illuminate/Http/Request))
#25 D:/2.ANDROID/3.FlutterVSCode/projects/SHE Inspection System/backend/she-api/vendor/laravel/framework/src/Illuminate/Foundation/Http/Middleware/TransformsRequest.php(21): Illuminate/Pipeline/Pipeline->Illuminate/Pipeline/{closure}(Object(Illuminate/Http/Request))
#26 D:/2.ANDROID/3.FlutterVSCode/projects/SHE Inspection System/backend/she-api/vendor/laravel/framework/src/Illuminate/Foundation/Http/Middleware/ConvertEmptyStringsToNull.php(31): Illuminate/Foundation/Http/Middleware/TransformsRequest->handle(Object(Illuminate/Http/Request), Object(Closure))
#27 D:/2.ANDROID/3.FlutterVSCode/projects/SHE Inspection System/backend/she-api/vendor/laravel/framework/src/Illuminate/Pipeline/Pipeline.php(209): Illuminate/Foundation/Http/Middleware/ConvertEmptyStringsToNull->handle(Object(Illuminate/Http/Request), Object(Closure))
#28 D:/2.ANDROID/3.FlutterVSCode/projects/SHE Inspection System/backend/she-api/vendor/laravel/framework/src/Illuminate/Foundation/Http/Middleware/TransformsRequest.php(21): Illuminate/Pipeline/Pipeline->Illuminate/Pipeline/{closure}(Object(Illuminate/Http/Request))
#29 D:/2.ANDROID/3.FlutterVSCode/projects/SHE Inspection System/backend/she-api/vendor/laravel/framework/src/Illuminate/Foundation/Http/Middleware/TrimStrings.php(51): Illuminate/Foundation/Http/Middleware/TransformsRequest->handle(Object(Illuminate/Http/Request), Object(Closure))
#30 D:/2.ANDROID/3.FlutterVSCode/projects/SHE Inspection System/backend/she-api/vendor/laravel/framework/src/Illuminate/Pipeline/Pipeline.php(209): Illuminate/Foundation/Http/Middleware/TrimStrings->handle(Object(Illuminate/Http/Request), Object(Closure))
#31 D:/2.ANDROID/3.FlutterVSCode/projects/SHE Inspection System/backend/she-api/vendor/laravel/framework/src/Illuminate/Http/Middleware/ValidatePostSize.php(27): Illuminate/Pipeline/Pipeline->Illuminate/Pipeline/{closure}(Object(Illuminate/Http/Request))
#32 D:/2.ANDROID/3.FlutterVSCode/projects/SHE Inspection System/backend/she-api/vendor/laravel/framework/src/Illuminate/Pipeline/Pipeline.php(209): Illuminate/Http/Middleware/ValidatePostSize->handle(Object(Illuminate/Http/Request), Object(Closure))
#33 D:/2.ANDROID/3.FlutterVSCode/projects/SHE Inspection System/backend/she-api/vendor/laravel/framework/src/Illuminate/Foundation/Http/Middleware/PreventRequestsDuringMaintenance.php(110): Illuminate/Pipeline/Pipeline->Illuminate/Pipeline/{closure}(Object(Illuminate/Http/Request))
#34 D:/2.ANDROID/3.FlutterVSCode/projects/SHE Inspection System/backend/she-api/vendor/laravel/framework/src/Illuminate/Pipeline/Pipeline.php(209): Illuminate/Foundation/Http/Middleware/PreventRequestsDuringMaintenance->handle(Object(Illuminate/Http/Request), Object(Closure))
#35 D:/2.ANDROID/3.FlutterVSCode/projects/SHE Inspection System/backend/she-api/vendor/laravel/framework/src/Illuminate/Http/Middleware/HandleCors.php(62): Illuminate/Pipeline/Pipeline->Illuminate/Pipeline/{closure}(Object(Illuminate/Http/Request))
#36 D:/2.ANDROID/3.FlutterVSCode/projects/SHE Inspection System/backend/she-api/vendor/laravel/framework/src/Illuminate/Pipeline/Pipeline.php(209): Illuminate/Http/Middleware/HandleCors->handle(Object(Illuminate/Http/Request), Object(Closure))
#37 D:/2.ANDROID/3.FlutterVSCode/projects/SHE Inspection System/backend/she-api/vendor/laravel/framework/src/Illuminate/Http/Middleware/TrustProxies.php(58): Illuminate/Pipeline/Pipeline->Illuminate/Pipeline/{closure}(Object(Illuminate/Http/Request))
#38 D:/2.ANDROID/3.FlutterVSCode/projects/SHE Inspection System/backend/she-api/vendor/laravel/framework/src/Illuminate/Pipeline/Pipeline.php(209): Illuminate/Http/Middleware/TrustProxies->handle(Object(Illuminate/Http/Request), Object(Closure))
#39 D:/2.ANDROID/3.FlutterVSCode/projects/SHE Inspection System/backend/she-api/vendor/laravel/framework/src/Illuminate/Foundation/Http/Middleware/InvokeDeferredCallbacks.php(22): Illuminate/Pipeline/Pipeline->Illuminate/Pipeline/{closure}(Object(Illuminate/Http/Request))
#40 D:/2.ANDROID/3.FlutterVSCode/projects/SHE Inspection System/backend/she-api/vendor/laravel/framework/src/Illuminate/Pipeline/Pipeline.php(209): Illuminate/Foundation/Http/Middleware/InvokeDeferredCallbacks->handle(Object(Illuminate/Http/Request), Object(Closure))
#41 D:/2.ANDROID/3.FlutterVSCode/projects/SHE Inspection System/backend/she-api/vendor/laravel/framework/src/Illuminate/Pipeline/Pipeline.php(127): Illuminate/Pipeline/Pipeline->Illuminate/Pipeline/{closure}(Object(Illuminate/Http/Request))
#42 D:/2.ANDROID/3.FlutterVSCode/projects/SHE Inspection System/backend/she-api/vendor/laravel/framework/src/Illuminate/Foundation/Http/Kernel.php(176): Illuminate/Pipeline/Pipeline->then(Object(Closure))
#43 D:/2.ANDROID/3.FlutterVSCode/projects/SHE Inspection System/backend/she-api/vendor/laravel/framework/src/Illuminate/Foundation/Http/Kernel.php(145): Illuminate/Foundation/Http/Kernel->sendRequestThroughRouter(Object(Illuminate/Http/Request))
#44 D:/2.ANDROID/3.FlutterVSCode/projects/SHE Inspection System/backend/she-api/vendor/laravel/framework/src/Illuminate/Foundation/Application.php(1220): Illuminate/Foundation/Http/Kernel->handle(Object(Illuminate/Http/Request))
#45 D:/2.ANDROID/3.FlutterVSCode/projects/SHE Inspection System/backend/she-api/public/index.php(20): Illuminate/Foundation/Application->handleRequest(Object(Illuminate/Http/Request))
#46 D:/2.ANDROID/3.FlutterVSCode/projects/SHE Inspection System/backend/she-api/vendor/laravel/framework/src/Illuminate/Foundation/resources/server.php(23): require_once('D://2.ANDROID//3....')
#47 {main}
"} 
[2026-07-02 09:05:32] local.ERROR: Class "App\Models\Division" not found {"userId":1,"exception":"[object] (Error(code: 0): Class \"App\\Models\\Division\" not found at D:/2.ANDROID/3.FlutterVSCode/projects/SHE Inspection System/backend/she-api/vendor/laravel/framework/src/Illuminate/Database/Eloquent/Concerns/HasRelationships.php:859)
[stacktrace]
#0 D:/2.ANDROID/3.FlutterVSCode/projects/SHE Inspection System/backend/she-api/vendor/laravel/framework/src/Illuminate/Database/Eloquent/Concerns/HasRelationships.php(244): Illuminate/Database/Eloquent/Model->newRelatedInstance('App//Models//Divi...')
#1 D:/2.ANDROID/3.FlutterVSCode/projects/SHE Inspection System/backend/she-api/app/Models/User.php(53): Illuminate/Database/Eloquent/Model->belongsTo('App//Models//Divi...')
#2 D:/2.ANDROID/3.FlutterVSCode/projects/SHE Inspection System/backend/she-api/vendor/laravel/framework/src/Illuminate/Database/Eloquent/Builder.php(876): App/Models/User->division()
#3 D:/2.ANDROID/3.FlutterVSCode/projects/SHE Inspection System/backend/she-api/vendor/laravel/framework/src/Illuminate/Database/Eloquent/Relations/Relation.php(120): Illuminate/Database/Eloquent/Builder->Illuminate/Database/Eloquent/{closure}()
#4 D:/2.ANDROID/3.FlutterVSCode/projects/SHE Inspection System/backend/she-api/vendor/laravel/framework/src/Illuminate/Database/Eloquent/Builder.php(874): Illuminate/Database/Eloquent/Relations/Relation::noConstraints(Object(Closure))
#5 D:/2.ANDROID/3.FlutterVSCode/projects/SHE Inspection System/backend/she-api/vendor/laravel/framework/src/Illuminate/Database/Eloquent/Builder.php(848): Illuminate/Database/Eloquent/Builder->getRelation('division')
#6 D:/2.ANDROID/3.FlutterVSCode/projects/SHE Inspection System/backend/she-api/vendor/laravel/framework/src/Illuminate/Database/Eloquent/Builder.php(828): Illuminate/Database/Eloquent/Builder->eagerLoadRelation(Array, 'division', Object(Closure))
#7 D:/2.ANDROID/3.FlutterVSCode/projects/SHE Inspection System/backend/she-api/vendor/laravel/framework/src/Illuminate/Database/Eloquent/Builder.php(794): Illuminate/Database/Eloquent/Builder->eagerLoadRelations(Array)
#8 D:/2.ANDROID/3.FlutterVSCode/projects/SHE Inspection System/backend/she-api/app/Http/Controllers/Api/UserController.php(17): Illuminate/Database/Eloquent/Builder->get()
#9 D:/2.ANDROID/3.FlutterVSCode/projects/SHE Inspection System/backend/she-api/vendor/laravel/framework/src/Illuminate/Routing/ControllerDispatcher.php(47): App/Http/Controllers/Api/UserController->index(Object(Illuminate/Http/Request))
#10 D:/2.ANDROID/3.FlutterVSCode/projects/SHE Inspection System/backend/she-api/vendor/laravel/framework/src/Illuminate/Routing/Route.php(266): Illuminate/Routing/ControllerDispatcher->dispatch(Object(Illuminate/Routing/Route), Object(App/Http/Controllers/Api/UserController), 'index')
#11 D:/2.ANDROID/3.FlutterVSCode/projects/SHE Inspection System/backend/she-api/vendor/laravel/framework/src/Illuminate/Routing/Route.php(212): Illuminate/Routing/Route->runController()
#12 D:/2.ANDROID/3.FlutterVSCode/projects/SHE Inspection System/backend/she-api/vendor/laravel/framework/src/Illuminate/Routing/Router.php(808): Illuminate/Routing/Route->run()
#13 D:/2.ANDROID/3.FlutterVSCode/projects/SHE Inspection System/backend/she-api/vendor/laravel/framework/src/Illuminate/Pipeline/Pipeline.php(170): Illuminate/Routing/Router->Illuminate/Routing/{closure}(Object(Illuminate/Http/Request))
#14 D:/2.ANDROID/3.FlutterVSCode/projects/SHE Inspection System/backend/she-api/vendor/laravel/framework/src/Illuminate/Routing/Middleware/SubstituteBindings.php(51): Illuminate/Pipeline/Pipeline->Illuminate/Pipeline/{closure}(Object(Illuminate/Http/Request))
#15 D:/2.ANDROID/3.FlutterVSCode/projects/SHE Inspection System/backend/she-api/vendor/laravel/framework/src/Illuminate/Pipeline/Pipeline.php(209): Illuminate/Routing/Middleware/SubstituteBindings->handle(Object(Illuminate/Http/Request), Object(Closure))
#16 D:/2.ANDROID/3.FlutterVSCode/projects/SHE Inspection System/backend/she-api/vendor/laravel/framework/src/Illuminate/Auth/Middleware/Authenticate.php(64): Illuminate/Pipeline/Pipeline->Illuminate/Pipeline/{closure}(Object(Illuminate/Http/Request))
#17 D:/2.ANDROID/3.FlutterVSCode/projects/SHE Inspection System/backend/she-api/vendor/laravel/framework/src/Illuminate/Pipeline/Pipeline.php(209): Illuminate/Auth/Middleware/Authenticate->handle(Object(Illuminate/Http/Request), Object(Closure), 'sanctum')
#18 D:/2.ANDROID/3.FlutterVSCode/projects/SHE Inspection System/backend/she-api/vendor/laravel/framework/src/Illuminate/Pipeline/Pipeline.php(127): Illuminate/Pipeline/Pipeline->Illuminate/Pipeline/{closure}(Object(Illuminate/Http/Request))
#19 D:/2.ANDROID/3.FlutterVSCode/projects/SHE Inspection System/backend/she-api/vendor/laravel/framework/src/Illuminate/Routing/Router.php(807): Illuminate/Pipeline/Pipeline->then(Object(Closure))
#20 D:/2.ANDROID/3.FlutterVSCode/projects/SHE Inspection System/backend/she-api/vendor/laravel/framework/src/Illuminate/Routing/Router.php(786): Illuminate/Routing/Router->runRouteWithinStack(Object(Illuminate/Routing/Route), Object(Illuminate/Http/Request))
#21 D:/2.ANDROID/3.FlutterVSCode/projects/SHE Inspection System/backend/she-api/vendor/laravel/framework/src/Illuminate/Routing/Router.php(750): Illuminate/Routing/Router->runRoute(Object(Illuminate/Http/Request), Object(Illuminate/Routing/Route))
#22 D:/2.ANDROID/3.FlutterVSCode/projects/SHE Inspection System/backend/she-api/vendor/laravel/framework/src/Illuminate/Routing/Router.php(739): Illuminate/Routing/Router->dispatchToRoute(Object(Illuminate/Http/Request))
#23 D:/2.ANDROID/3.FlutterVSCode/projects/SHE Inspection System/backend/she-api/vendor/laravel/framework/src/Illuminate/Foundation/Http/Kernel.php(201): Illuminate/Routing/Router->dispatch(Object(Illuminate/Http/Request))
#24 D:/2.ANDROID/3.FlutterVSCode/projects/SHE Inspection System/backend/she-api/vendor/laravel/framework/src/Illuminate/Pipeline/Pipeline.php(170): Illuminate/Foundation/Http/Kernel->Illuminate/Foundation/Http/{closure}(Object(Illuminate/Http/Request))
#25 D:/2.ANDROID/3.FlutterVSCode/projects/SHE Inspection System/backend/she-api/vendor/laravel/framework/src/Illuminate/Foundation/Http/Middleware/TransformsRequest.php(21): Illuminate/Pipeline/Pipeline->Illuminate/Pipeline/{closure}(Object(Illuminate/Http/Request))
#26 D:/2.ANDROID/3.FlutterVSCode/projects/SHE Inspection System/backend/she-api/vendor/laravel/framework/src/Illuminate/Foundation/Http/Middleware/ConvertEmptyStringsToNull.php(31): Illuminate/Foundation/Http/Middleware/TransformsRequest->handle(Object(Illuminate/Http/Request), Object(Closure))
#27 D:/2.ANDROID/3.FlutterVSCode/projects/SHE Inspection System/backend/she-api/vendor/laravel/framework/src/Illuminate/Pipeline/Pipeline.php(209): Illuminate/Foundation/Http/Middleware/ConvertEmptyStringsToNull->handle(Object(Illuminate/Http/Request), Object(Closure))
#28 D:/2.ANDROID/3.FlutterVSCode/projects/SHE Inspection System/backend/she-api/vendor/laravel/framework/src/Illuminate/Foundation/Http/Middleware/TransformsRequest.php(21): Illuminate/Pipeline/Pipeline->Illuminate/Pipeline/{closure}(Object(Illuminate/Http/Request))
#29 D:/2.ANDROID/3.FlutterVSCode/projects/SHE Inspection System/backend/she-api/vendor/laravel/framework/src/Illuminate/Foundation/Http/Middleware/TrimStrings.php(51): Illuminate/Foundation/Http/Middleware/TransformsRequest->handle(Object(Illuminate/Http/Request), Object(Closure))
#30 D:/2.ANDROID/3.FlutterVSCode/projects/SHE Inspection System/backend/she-api/vendor/laravel/framework/src/Illuminate/Pipeline/Pipeline.php(209): Illuminate/Foundation/Http/Middleware/TrimStrings->handle(Object(Illuminate/Http/Request), Object(Closure))
#31 D:/2.ANDROID/3.FlutterVSCode/projects/SHE Inspection System/backend/she-api/vendor/laravel/framework/src/Illuminate/Http/Middleware/ValidatePostSize.php(27): Illuminate/Pipeline/Pipeline->Illuminate/Pipeline/{closure}(Object(Illuminate/Http/Request))
#32 D:/2.ANDROID/3.FlutterVSCode/projects/SHE Inspection System/backend/she-api/vendor/laravel/framework/src/Illuminate/Pipeline/Pipeline.php(209): Illuminate/Http/Middleware/ValidatePostSize->handle(Object(Illuminate/Http/Request), Object(Closure))
#33 D:/2.ANDROID/3.FlutterVSCode/projects/SHE Inspection System/backend/she-api/vendor/laravel/framework/src/Illuminate/Foundation/Http/Middleware/PreventRequestsDuringMaintenance.php(110): Illuminate/Pipeline/Pipeline->Illuminate/Pipeline/{closure}(Object(Illuminate/Http/Request))
#34 D:/2.ANDROID/3.FlutterVSCode/projects/SHE Inspection System/backend/she-api/vendor/laravel/framework/src/Illuminate/Pipeline/Pipeline.php(209): Illuminate/Foundation/Http/Middleware/PreventRequestsDuringMaintenance->handle(Object(Illuminate/Http/Request), Object(Closure))
#35 D:/2.ANDROID/3.FlutterVSCode/projects/SHE Inspection System/backend/she-api/vendor/laravel/framework/src/Illuminate/Http/Middleware/HandleCors.php(62): Illuminate/Pipeline/Pipeline->Illuminate/Pipeline/{closure}(Object(Illuminate/Http/Request))
#36 D:/2.ANDROID/3.FlutterVSCode/projects/SHE Inspection System/backend/she-api/vendor/laravel/framework/src/Illuminate/Pipeline/Pipeline.php(209): Illuminate/Http/Middleware/HandleCors->handle(Object(Illuminate/Http/Request), Object(Closure))
#37 D:/2.ANDROID/3.FlutterVSCode/projects/SHE Inspection System/backend/she-api/vendor/laravel/framework/src/Illuminate/Http/Middleware/TrustProxies.php(58): Illuminate/Pipeline/Pipeline->Illuminate/Pipeline/{closure}(Object(Illuminate/Http/Request))
#38 D:/2.ANDROID/3.FlutterVSCode/projects/SHE Inspection System/backend/she-api/vendor/laravel/framework/src/Illuminate/Pipeline/Pipeline.php(209): Illuminate/Http/Middleware/TrustProxies->handle(Object(Illuminate/Http/Request), Object(Closure))
#39 D:/2.ANDROID/3.FlutterVSCode/projects/SHE Inspection System/backend/she-api/vendor/laravel/framework/src/Illuminate/Foundation/Http/Middleware/InvokeDeferredCallbacks.php(22): Illuminate/Pipeline/Pipeline->Illuminate/Pipeline/{closure}(Object(Illuminate/Http/Request))
#40 D:/2.ANDROID/3.FlutterVSCode/projects/SHE Inspection System/backend/she-api/vendor/laravel/framework/src/Illuminate/Pipeline/Pipeline.php(209): Illuminate/Foundation/Http/Middleware/InvokeDeferredCallbacks->handle(Object(Illuminate/Http/Request), Object(Closure))
#41 D:/2.ANDROID/3.FlutterVSCode/projects/SHE Inspection System/backend/she-api/vendor/laravel/framework/src/Illuminate/Pipeline/Pipeline.php(127): Illuminate/Pipeline/Pipeline->Illuminate/Pipeline/{closure}(Object(Illuminate/Http/Request))
#42 D:/2.ANDROID/3.FlutterVSCode/projects/SHE Inspection System/backend/she-api/vendor/laravel/framework/src/Illuminate/Foundation/Http/Kernel.php(176): Illuminate/Pipeline/Pipeline->then(Object(Closure))
#43 D:/2.ANDROID/3.FlutterVSCode/projects/SHE Inspection System/backend/she-api/vendor/laravel/framework/src/Illuminate/Foundation/Http/Kernel.php(145): Illuminate/Foundation/Http/Kernel->sendRequestThroughRouter(Object(Illuminate/Http/Request))
#44 D:/2.ANDROID/3.FlutterVSCode/projects/SHE Inspection System/backend/she-api/vendor/laravel/framework/src/Illuminate/Foundation/Application.php(1220): Illuminate/Foundation/Http/Kernel->handle(Object(Illuminate/Http/Request))
#45 D:/2.ANDROID/3.FlutterVSCode/projects/SHE Inspection System/backend/she-api/public/index.php(20): Illuminate/Foundation/Application->handleRequest(Object(Illuminate/Http/Request))
#46 D:/2.ANDROID/3.FlutterVSCode/projects/SHE Inspection System/backend/she-api/vendor/laravel/framework/src/Illuminate/Foundation/resources/server.php(23): require_once('D://2.ANDROID//3....')
#47 {main}
"} 
[2026-07-02 10:06:32] local.ERROR: Class "App\Models\Division" not found {"userId":1,"exception":"[object] (Error(code: 0): Class \"App\\Models\\Division\" not found at D:/2.ANDROID/3.FlutterVSCode/projects/SHE Inspection System/backend/she-api/vendor/laravel/framework/src/Illuminate/Database/Eloquent/Concerns/HasRelationships.php:859)
[stacktrace]
#0 D:/2.ANDROID/3.FlutterVSCode/projects/SHE Inspection System/backend/she-api/vendor/laravel/framework/src/Illuminate/Database/Eloquent/Concerns/HasRelationships.php(244): Illuminate/Database/Eloquent/Model->newRelatedInstance('App//Models//Divi...')
#1 D:/2.ANDROID/3.FlutterVSCode/projects/SHE Inspection System/backend/she-api/app/Models/User.php(53): Illuminate/Database/Eloquent/Model->belongsTo('App//Models//Divi...')
#2 D:/2.ANDROID/3.FlutterVSCode/projects/SHE Inspection System/backend/she-api/vendor/laravel/framework/src/Illuminate/Database/Eloquent/Builder.php(876): App/Models/User->division()
#3 D:/2.ANDROID/3.FlutterVSCode/projects/SHE Inspection System/backend/she-api/vendor/laravel/framework/src/Illuminate/Database/Eloquent/Relations/Relation.php(120): Illuminate/Database/Eloquent/Builder->Illuminate/Database/Eloquent/{closure}()
#4 D:/2.ANDROID/3.FlutterVSCode/projects/SHE Inspection System/backend/she-api/vendor/laravel/framework/src/Illuminate/Database/Eloquent/Builder.php(874): Illuminate/Database/Eloquent/Relations/Relation::noConstraints(Object(Closure))
#5 D:/2.ANDROID/3.FlutterVSCode/projects/SHE Inspection System/backend/she-api/vendor/laravel/framework/src/Illuminate/Database/Eloquent/Builder.php(848): Illuminate/Database/Eloquent/Builder->getRelation('division')
#6 D:/2.ANDROID/3.FlutterVSCode/projects/SHE Inspection System/backend/she-api/vendor/laravel/framework/src/Illuminate/Database/Eloquent/Builder.php(828): Illuminate/Database/Eloquent/Builder->eagerLoadRelation(Array, 'division', Object(Closure))
#7 D:/2.ANDROID/3.FlutterVSCode/projects/SHE Inspection System/backend/she-api/vendor/laravel/framework/src/Illuminate/Database/Eloquent/Builder.php(794): Illuminate/Database/Eloquent/Builder->eagerLoadRelations(Array)
#8 D:/2.ANDROID/3.FlutterVSCode/projects/SHE Inspection System/backend/she-api/app/Http/Controllers/Api/UserController.php(17): Illuminate/Database/Eloquent/Builder->get()
#9 D:/2.ANDROID/3.FlutterVSCode/projects/SHE Inspection System/backend/she-api/vendor/laravel/framework/src/Illuminate/Routing/ControllerDispatcher.php(47): App/Http/Controllers/Api/UserController->index(Object(Illuminate/Http/Request))
#10 D:/2.ANDROID/3.FlutterVSCode/projects/SHE Inspection System/backend/she-api/vendor/laravel/framework/src/Illuminate/Routing/Route.php(266): Illuminate/Routing/ControllerDispatcher->dispatch(Object(Illuminate/Routing/Route), Object(App/Http/Controllers/Api/UserController), 'index')
#11 D:/2.ANDROID/3.FlutterVSCode/projects/SHE Inspection System/backend/she-api/vendor/laravel/framework/src/Illuminate/Routing/Route.php(212): Illuminate/Routing/Route->runController()
#12 D:/2.ANDROID/3.FlutterVSCode/projects/SHE Inspection System/backend/she-api/vendor/laravel/framework/src/Illuminate/Routing/Router.php(808): Illuminate/Routing/Route->run()
#13 D:/2.ANDROID/3.FlutterVSCode/projects/SHE Inspection System/backend/she-api/vendor/laravel/framework/src/Illuminate/Pipeline/Pipeline.php(170): Illuminate/Routing/Router->Illuminate/Routing/{closure}(Object(Illuminate/Http/Request))
#14 D:/2.ANDROID/3.FlutterVSCode/projects/SHE Inspection System/backend/she-api/vendor/laravel/framework/src/Illuminate/Routing/Middleware/SubstituteBindings.php(51): Illuminate/Pipeline/Pipeline->Illuminate/Pipeline/{closure}(Object(Illuminate/Http/Request))
#15 D:/2.ANDROID/3.FlutterVSCode/projects/SHE Inspection System/backend/she-api/vendor/laravel/framework/src/Illuminate/Pipeline/Pipeline.php(209): Illuminate/Routing/Middleware/SubstituteBindings->handle(Object(Illuminate/Http/Request), Object(Closure))
#16 D:/2.ANDROID/3.FlutterVSCode/projects/SHE Inspection System/backend/she-api/vendor/laravel/framework/src/Illuminate/Auth/Middleware/Authenticate.php(64): Illuminate/Pipeline/Pipeline->Illuminate/Pipeline/{closure}(Object(Illuminate/Http/Request))
#17 D:/2.ANDROID/3.FlutterVSCode/projects/SHE Inspection System/backend/she-api/vendor/laravel/framework/src/Illuminate/Pipeline/Pipeline.php(209): Illuminate/Auth/Middleware/Authenticate->handle(Object(Illuminate/Http/Request), Object(Closure), 'sanctum')
#18 D:/2.ANDROID/3.FlutterVSCode/projects/SHE Inspection System/backend/she-api/vendor/laravel/framework/src/Illuminate/Pipeline/Pipeline.php(127): Illuminate/Pipeline/Pipeline->Illuminate/Pipeline/{closure}(Object(Illuminate/Http/Request))
#19 D:/2.ANDROID/3.FlutterVSCode/projects/SHE Inspection System/backend/she-api/vendor/laravel/framework/src/Illuminate/Routing/Router.php(807): Illuminate/Pipeline/Pipeline->then(Object(Closure))
#20 D:/2.ANDROID/3.FlutterVSCode/projects/SHE Inspection System/backend/she-api/vendor/laravel/framework/src/Illuminate/Routing/Router.php(786): Illuminate/Routing/Router->runRouteWithinStack(Object(Illuminate/Routing/Route), Object(Illuminate/Http/Request))
#21 D:/2.ANDROID/3.FlutterVSCode/projects/SHE Inspection System/backend/she-api/vendor/laravel/framework/src/Illuminate/Routing/Router.php(750): Illuminate/Routing/Router->runRoute(Object(Illuminate/Http/Request), Object(Illuminate/Routing/Route))
#22 D:/2.ANDROID/3.FlutterVSCode/projects/SHE Inspection System/backend/she-api/vendor/laravel/framework/src/Illuminate/Routing/Router.php(739): Illuminate/Routing/Router->dispatchToRoute(Object(Illuminate/Http/Request))
#23 D:/2.ANDROID/3.FlutterVSCode/projects/SHE Inspection System/backend/she-api/vendor/laravel/framework/src/Illuminate/Foundation/Http/Kernel.php(201): Illuminate/Routing/Router->dispatch(Object(Illuminate/Http/Request))
#24 D:/2.ANDROID/3.FlutterVSCode/projects/SHE Inspection System/backend/she-api/vendor/laravel/framework/src/Illuminate/Pipeline/Pipeline.php(170): Illuminate/Foundation/Http/Kernel->Illuminate/Foundation/Http/{closure}(Object(Illuminate/Http/Request))
#25 D:/2.ANDROID/3.FlutterVSCode/projects/SHE Inspection System/backend/she-api/vendor/laravel/framework/src/Illuminate/Foundation/Http/Middleware/TransformsRequest.php(21): Illuminate/Pipeline/Pipeline->Illuminate/Pipeline/{closure}(Object(Illuminate/Http/Request))
#26 D:/2.ANDROID/3.FlutterVSCode/projects/SHE Inspection System/backend/she-api/vendor/laravel/framework/src/Illuminate/Foundation/Http/Middleware/ConvertEmptyStringsToNull.php(31): Illuminate/Foundation/Http/Middleware/TransformsRequest->handle(Object(Illuminate/Http/Request), Object(Closure))
#27 D:/2.ANDROID/3.FlutterVSCode/projects/SHE Inspection System/backend/she-api/vendor/laravel/framework/src/Illuminate/Pipeline/Pipeline.php(209): Illuminate/Foundation/Http/Middleware/ConvertEmptyStringsToNull->handle(Object(Illuminate/Http/Request), Object(Closure))
#28 D:/2.ANDROID/3.FlutterVSCode/projects/SHE Inspection System/backend/she-api/vendor/laravel/framework/src/Illuminate/Foundation/Http/Middleware/TransformsRequest.php(21): Illuminate/Pipeline/Pipeline->Illuminate/Pipeline/{closure}(Object(Illuminate/Http/Request))
#29 D:/2.ANDROID/3.FlutterVSCode/projects/SHE Inspection System/backend/she-api/vendor/laravel/framework/src/Illuminate/Foundation/Http/Middleware/TrimStrings.php(51): Illuminate/Foundation/Http/Middleware/TransformsRequest->handle(Object(Illuminate/Http/Request), Object(Closure))
#30 D:/2.ANDROID/3.FlutterVSCode/projects/SHE Inspection System/backend/she-api/vendor/laravel/framework/src/Illuminate/Pipeline/Pipeline.php(209): Illuminate/Foundation/Http/Middleware/TrimStrings->handle(Object(Illuminate/Http/Request), Object(Closure))
#31 D:/2.ANDROID/3.FlutterVSCode/projects/SHE Inspection System/backend/she-api/vendor/laravel/framework/src/Illuminate/Http/Middleware/ValidatePostSize.php(27): Illuminate/Pipeline/Pipeline->Illuminate/Pipeline/{closure}(Object(Illuminate/Http/Request))
#32 D:/2.ANDROID/3.FlutterVSCode/projects/SHE Inspection System/backend/she-api/vendor/laravel/framework/src/Illuminate/Pipeline/Pipeline.php(209): Illuminate/Http/Middleware/ValidatePostSize->handle(Object(Illuminate/Http/Request), Object(Closure))
#33 D:/2.ANDROID/3.FlutterVSCode/projects/SHE Inspection System/backend/she-api/vendor/laravel/framework/src/Illuminate/Foundation/Http/Middleware/PreventRequestsDuringMaintenance.php(110): Illuminate/Pipeline/Pipeline->Illuminate/Pipeline/{closure}(Object(Illuminate/Http/Request))
#34 D:/2.ANDROID/3.FlutterVSCode/projects/SHE Inspection System/backend/she-api/vendor/laravel/framework/src/Illuminate/Pipeline/Pipeline.php(209): Illuminate/Foundation/Http/Middleware/PreventRequestsDuringMaintenance->handle(Object(Illuminate/Http/Request), Object(Closure))
#35 D:/2.ANDROID/3.FlutterVSCode/projects/SHE Inspection System/backend/she-api/vendor/laravel/framework/src/Illuminate/Http/Middleware/HandleCors.php(62): Illuminate/Pipeline/Pipeline->Illuminate/Pipeline/{closure}(Object(Illuminate/Http/Request))
#36 D:/2.ANDROID/3.FlutterVSCode/projects/SHE Inspection System/backend/she-api/vendor/laravel/framework/src/Illuminate/Pipeline/Pipeline.php(209): Illuminate/Http/Middleware/HandleCors->handle(Object(Illuminate/Http/Request), Object(Closure))
#37 D:/2.ANDROID/3.FlutterVSCode/projects/SHE Inspection System/backend/she-api/vendor/laravel/framework/src/Illuminate/Http/Middleware/TrustProxies.php(58): Illuminate/Pipeline/Pipeline->Illuminate/Pipeline/{closure}(Object(Illuminate/Http/Request))
#38 D:/2.ANDROID/3.FlutterVSCode/projects/SHE Inspection System/backend/she-api/vendor/laravel/framework/src/Illuminate/Pipeline/Pipeline.php(209): Illuminate/Http/Middleware/TrustProxies->handle(Object(Illuminate/Http/Request), Object(Closure))
#39 D:/2.ANDROID/3.FlutterVSCode/projects/SHE Inspection System/backend/she-api/vendor/laravel/framework/src/Illuminate/Foundation/Http/Middleware/InvokeDeferredCallbacks.php(22): Illuminate/Pipeline/Pipeline->Illuminate/Pipeline/{closure}(Object(Illuminate/Http/Request))
#40 D:/2.ANDROID/3.FlutterVSCode/projects/SHE Inspection System/backend/she-api/vendor/laravel/framework/src/Illuminate/Pipeline/Pipeline.php(209): Illuminate/Foundation/Http/Middleware/InvokeDeferredCallbacks->handle(Object(Illuminate/Http/Request), Object(Closure))
#41 D:/2.ANDROID/3.FlutterVSCode/projects/SHE Inspection System/backend/she-api/vendor/laravel/framework/src/Illuminate/Pipeline/Pipeline.php(127): Illuminate/Pipeline/Pipeline->Illuminate/Pipeline/{closure}(Object(Illuminate/Http/Request))
#42 D:/2.ANDROID/3.FlutterVSCode/projects/SHE Inspection System/backend/she-api/vendor/laravel/framework/src/Illuminate/Foundation/Http/Kernel.php(176): Illuminate/Pipeline/Pipeline->then(Object(Closure))
#43 D:/2.ANDROID/3.FlutterVSCode/projects/SHE Inspection System/backend/she-api/vendor/laravel/framework/src/Illuminate/Foundation/Http/Kernel.php(145): Illuminate/Foundation/Http/Kernel->sendRequestThroughRouter(Object(Illuminate/Http/Request))
#44 D:/2.ANDROID/3.FlutterVSCode/projects/SHE Inspection System/backend/she-api/vendor/laravel/framework/src/Illuminate/Foundation/Application.php(1220): Illuminate/Foundation/Http/Kernel->handle(Object(Illuminate/Http/Request))
#45 D:/2.ANDROID/3.FlutterVSCode/projects/SHE Inspection System/backend/she-api/public/index.php(20): Illuminate/Foundation/Application->handleRequest(Object(Illuminate/Http/Request))
#46 D:/2.ANDROID/3.FlutterVSCode/projects/SHE Inspection System/backend/she-api/vendor/laravel/framework/src/Illuminate/Foundation/resources/server.php(23): require_once('D://2.ANDROID//3....')
#47 {main}
"} 
[2026-07-02 10:07:20] local.ERROR: Class "App\Models\Division" not found {"userId":1,"exception":"[object] (Error(code: 0): Class \"App\\Models\\Division\" not found at D:/2.ANDROID/3.FlutterVSCode/projects/SHE Inspection System/backend/she-api/vendor/laravel/framework/src/Illuminate/Database/Eloquent/Concerns/HasRelationships.php:859)
[stacktrace]
#0 D:/2.ANDROID/3.FlutterVSCode/projects/SHE Inspection System/backend/she-api/vendor/laravel/framework/src/Illuminate/Database/Eloquent/Concerns/HasRelationships.php(244): Illuminate/Database/Eloquent/Model->newRelatedInstance('App//Models//Divi...')
#1 D:/2.ANDROID/3.FlutterVSCode/projects/SHE Inspection System/backend/she-api/app/Models/User.php(53): Illuminate/Database/Eloquent/Model->belongsTo('App//Models//Divi...')
#2 D:/2.ANDROID/3.FlutterVSCode/projects/SHE Inspection System/backend/she-api/vendor/laravel/framework/src/Illuminate/Database/Eloquent/Builder.php(876): App/Models/User->division()
#3 D:/2.ANDROID/3.FlutterVSCode/projects/SHE Inspection System/backend/she-api/vendor/laravel/framework/src/Illuminate/Database/Eloquent/Relations/Relation.php(120): Illuminate/Database/Eloquent/Builder->Illuminate/Database/Eloquent/{closure}()
#4 D:/2.ANDROID/3.FlutterVSCode/projects/SHE Inspection System/backend/she-api/vendor/laravel/framework/src/Illuminate/Database/Eloquent/Builder.php(874): Illuminate/Database/Eloquent/Relations/Relation::noConstraints(Object(Closure))
#5 D:/2.ANDROID/3.FlutterVSCode/projects/SHE Inspection System/backend/she-api/vendor/laravel/framework/src/Illuminate/Database/Eloquent/Builder.php(848): Illuminate/Database/Eloquent/Builder->getRelation('division')
#6 D:/2.ANDROID/3.FlutterVSCode/projects/SHE Inspection System/backend/she-api/vendor/laravel/framework/src/Illuminate/Database/Eloquent/Builder.php(828): Illuminate/Database/Eloquent/Builder->eagerLoadRelation(Array, 'division', Object(Closure))
#7 D:/2.ANDROID/3.FlutterVSCode/projects/SHE Inspection System/backend/she-api/vendor/laravel/framework/src/Illuminate/Database/Eloquent/Builder.php(794): Illuminate/Database/Eloquent/Builder->eagerLoadRelations(Array)
#8 D:/2.ANDROID/3.FlutterVSCode/projects/SHE Inspection System/backend/she-api/app/Http/Controllers/Api/UserController.php(17): Illuminate/Database/Eloquent/Builder->get()
#9 D:/2.ANDROID/3.FlutterVSCode/projects/SHE Inspection System/backend/she-api/vendor/laravel/framework/src/Illuminate/Routing/ControllerDispatcher.php(47): App/Http/Controllers/Api/UserController->index(Object(Illuminate/Http/Request))
#10 D:/2.ANDROID/3.FlutterVSCode/projects/SHE Inspection System/backend/she-api/vendor/laravel/framework/src/Illuminate/Routing/Route.php(266): Illuminate/Routing/ControllerDispatcher->dispatch(Object(Illuminate/Routing/Route), Object(App/Http/Controllers/Api/UserController), 'index')
#11 D:/2.ANDROID/3.FlutterVSCode/projects/SHE Inspection System/backend/she-api/vendor/laravel/framework/src/Illuminate/Routing/Route.php(212): Illuminate/Routing/Route->runController()
#12 D:/2.ANDROID/3.FlutterVSCode/projects/SHE Inspection System/backend/she-api/vendor/laravel/framework/src/Illuminate/Routing/Router.php(808): Illuminate/Routing/Route->run()
#13 D:/2.ANDROID/3.FlutterVSCode/projects/SHE Inspection System/backend/she-api/vendor/laravel/framework/src/Illuminate/Pipeline/Pipeline.php(170): Illuminate/Routing/Router->Illuminate/Routing/{closure}(Object(Illuminate/Http/Request))
#14 D:/2.ANDROID/3.FlutterVSCode/projects/SHE Inspection System/backend/she-api/vendor/laravel/framework/src/Illuminate/Routing/Middleware/SubstituteBindings.php(51): Illuminate/Pipeline/Pipeline->Illuminate/Pipeline/{closure}(Object(Illuminate/Http/Request))
#15 D:/2.ANDROID/3.FlutterVSCode/projects/SHE Inspection System/backend/she-api/vendor/laravel/framework/src/Illuminate/Pipeline/Pipeline.php(209): Illuminate/Routing/Middleware/SubstituteBindings->handle(Object(Illuminate/Http/Request), Object(Closure))
#16 D:/2.ANDROID/3.FlutterVSCode/projects/SHE Inspection System/backend/she-api/vendor/laravel/framework/src/Illuminate/Auth/Middleware/Authenticate.php(64): Illuminate/Pipeline/Pipeline->Illuminate/Pipeline/{closure}(Object(Illuminate/Http/Request))
#17 D:/2.ANDROID/3.FlutterVSCode/projects/SHE Inspection System/backend/she-api/vendor/laravel/framework/src/Illuminate/Pipeline/Pipeline.php(209): Illuminate/Auth/Middleware/Authenticate->handle(Object(Illuminate/Http/Request), Object(Closure), 'sanctum')
#18 D:/2.ANDROID/3.FlutterVSCode/projects/SHE Inspection System/backend/she-api/vendor/laravel/framework/src/Illuminate/Pipeline/Pipeline.php(127): Illuminate/Pipeline/Pipeline->Illuminate/Pipeline/{closure}(Object(Illuminate/Http/Request))
#19 D:/2.ANDROID/3.FlutterVSCode/projects/SHE Inspection System/backend/she-api/vendor/laravel/framework/src/Illuminate/Routing/Router.php(807): Illuminate/Pipeline/Pipeline->then(Object(Closure))
#20 D:/2.ANDROID/3.FlutterVSCode/projects/SHE Inspection System/backend/she-api/vendor/laravel/framework/src/Illuminate/Routing/Router.php(786): Illuminate/Routing/Router->runRouteWithinStack(Object(Illuminate/Routing/Route), Object(Illuminate/Http/Request))
#21 D:/2.ANDROID/3.FlutterVSCode/projects/SHE Inspection System/backend/she-api/vendor/laravel/framework/src/Illuminate/Routing/Router.php(750): Illuminate/Routing/Router->runRoute(Object(Illuminate/Http/Request), Object(Illuminate/Routing/Route))
#22 D:/2.ANDROID/3.FlutterVSCode/projects/SHE Inspection System/backend/she-api/vendor/laravel/framework/src/Illuminate/Routing/Router.php(739): Illuminate/Routing/Router->dispatchToRoute(Object(Illuminate/Http/Request))
#23 D:/2.ANDROID/3.FlutterVSCode/projects/SHE Inspection System/backend/she-api/vendor/laravel/framework/src/Illuminate/Foundation/Http/Kernel.php(201): Illuminate/Routing/Router->dispatch(Object(Illuminate/Http/Request))
#24 D:/2.ANDROID/3.FlutterVSCode/projects/SHE Inspection System/backend/she-api/vendor/laravel/framework/src/Illuminate/Pipeline/Pipeline.php(170): Illuminate/Foundation/Http/Kernel->Illuminate/Foundation/Http/{closure}(Object(Illuminate/Http/Request))
#25 D:/2.ANDROID/3.FlutterVSCode/projects/SHE Inspection System/backend/she-api/vendor/laravel/framework/src/Illuminate/Foundation/Http/Middleware/TransformsRequest.php(21): Illuminate/Pipeline/Pipeline->Illuminate/Pipeline/{closure}(Object(Illuminate/Http/Request))
#26 D:/2.ANDROID/3.FlutterVSCode/projects/SHE Inspection System/backend/she-api/vendor/laravel/framework/src/Illuminate/Foundation/Http/Middleware/ConvertEmptyStringsToNull.php(31): Illuminate/Foundation/Http/Middleware/TransformsRequest->handle(Object(Illuminate/Http/Request), Object(Closure))
#27 D:/2.ANDROID/3.FlutterVSCode/projects/SHE Inspection System/backend/she-api/vendor/laravel/framework/src/Illuminate/Pipeline/Pipeline.php(209): Illuminate/Foundation/Http/Middleware/ConvertEmptyStringsToNull->handle(Object(Illuminate/Http/Request), Object(Closure))
#28 D:/2.ANDROID/3.FlutterVSCode/projects/SHE Inspection System/backend/she-api/vendor/laravel/framework/src/Illuminate/Foundation/Http/Middleware/TransformsRequest.php(21): Illuminate/Pipeline/Pipeline->Illuminate/Pipeline/{closure}(Object(Illuminate/Http/Request))
#29 D:/2.ANDROID/3.FlutterVSCode/projects/SHE Inspection System/backend/she-api/vendor/laravel/framework/src/Illuminate/Foundation/Http/Middleware/TrimStrings.php(51): Illuminate/Foundation/Http/Middleware/TransformsRequest->handle(Object(Illuminate/Http/Request), Object(Closure))
#30 D:/2.ANDROID/3.FlutterVSCode/projects/SHE Inspection System/backend/she-api/vendor/laravel/framework/src/Illuminate/Pipeline/Pipeline.php(209): Illuminate/Foundation/Http/Middleware/TrimStrings->handle(Object(Illuminate/Http/Request), Object(Closure))
#31 D:/2.ANDROID/3.FlutterVSCode/projects/SHE Inspection System/backend/she-api/vendor/laravel/framework/src/Illuminate/Http/Middleware/ValidatePostSize.php(27): Illuminate/Pipeline/Pipeline->Illuminate/Pipeline/{closure}(Object(Illuminate/Http/Request))
#32 D:/2.ANDROID/3.FlutterVSCode/projects/SHE Inspection System/backend/she-api/vendor/laravel/framework/src/Illuminate/Pipeline/Pipeline.php(209): Illuminate/Http/Middleware/ValidatePostSize->handle(Object(Illuminate/Http/Request), Object(Closure))
#33 D:/2.ANDROID/3.FlutterVSCode/projects/SHE Inspection System/backend/she-api/vendor/laravel/framework/src/Illuminate/Foundation/Http/Middleware/PreventRequestsDuringMaintenance.php(110): Illuminate/Pipeline/Pipeline->Illuminate/Pipeline/{closure}(Object(Illuminate/Http/Request))
#34 D:/2.ANDROID/3.FlutterVSCode/projects/SHE Inspection System/backend/she-api/vendor/laravel/framework/src/Illuminate/Pipeline/Pipeline.php(209): Illuminate/Foundation/Http/Middleware/PreventRequestsDuringMaintenance->handle(Object(Illuminate/Http/Request), Object(Closure))
#35 D:/2.ANDROID/3.FlutterVSCode/projects/SHE Inspection System/backend/she-api/vendor/laravel/framework/src/Illuminate/Http/Middleware/HandleCors.php(62): Illuminate/Pipeline/Pipeline->Illuminate/Pipeline/{closure}(Object(Illuminate/Http/Request))
#36 D:/2.ANDROID/3.FlutterVSCode/projects/SHE Inspection System/backend/she-api/vendor/laravel/framework/src/Illuminate/Pipeline/Pipeline.php(209): Illuminate/Http/Middleware/HandleCors->handle(Object(Illuminate/Http/Request), Object(Closure))
#37 D:/2.ANDROID/3.FlutterVSCode/projects/SHE Inspection System/backend/she-api/vendor/laravel/framework/src/Illuminate/Http/Middleware/TrustProxies.php(58): Illuminate/Pipeline/Pipeline->Illuminate/Pipeline/{closure}(Object(Illuminate/Http/Request))
#38 D:/2.ANDROID/3.FlutterVSCode/projects/SHE Inspection System/backend/she-api/vendor/laravel/framework/src/Illuminate/Pipeline/Pipeline.php(209): Illuminate/Http/Middleware/TrustProxies->handle(Object(Illuminate/Http/Request), Object(Closure))
#39 D:/2.ANDROID/3.FlutterVSCode/projects/SHE Inspection System/backend/she-api/vendor/laravel/framework/src/Illuminate/Foundation/Http/Middleware/InvokeDeferredCallbacks.php(22): Illuminate/Pipeline/Pipeline->Illuminate/Pipeline/{closure}(Object(Illuminate/Http/Request))
#40 D:/2.ANDROID/3.FlutterVSCode/projects/SHE Inspection System/backend/she-api/vendor/laravel/framework/src/Illuminate/Pipeline/Pipeline.php(209): Illuminate/Foundation/Http/Middleware/InvokeDeferredCallbacks->handle(Object(Illuminate/Http/Request), Object(Closure))
#41 D:/2.ANDROID/3.FlutterVSCode/projects/SHE Inspection System/backend/she-api/vendor/laravel/framework/src/Illuminate/Pipeline/Pipeline.php(127): Illuminate/Pipeline/Pipeline->Illuminate/Pipeline/{closure}(Object(Illuminate/Http/Request))
#42 D:/2.ANDROID/3.FlutterVSCode/projects/SHE Inspection System/backend/she-api/vendor/laravel/framework/src/Illuminate/Foundation/Http/Kernel.php(176): Illuminate/Pipeline/Pipeline->then(Object(Closure))
#43 D:/2.ANDROID/3.FlutterVSCode/projects/SHE Inspection System/backend/she-api/vendor/laravel/framework/src/Illuminate/Foundation/Http/Kernel.php(145): Illuminate/Foundation/Http/Kernel->sendRequestThroughRouter(Object(Illuminate/Http/Request))
#44 D:/2.ANDROID/3.FlutterVSCode/projects/SHE Inspection System/backend/she-api/vendor/laravel/framework/src/Illuminate/Foundation/Application.php(1220): Illuminate/Foundation/Http/Kernel->handle(Object(Illuminate/Http/Request))
#45 D:/2.ANDROID/3.FlutterVSCode/projects/SHE Inspection System/backend/she-api/public/index.php(20): Illuminate/Foundation/Application->handleRequest(Object(Illuminate/Http/Request))
#46 D:/2.ANDROID/3.FlutterVSCode/projects/SHE Inspection System/backend/she-api/vendor/laravel/framework/src/Illuminate/Foundation/resources/server.php(23): require_once('D://2.ANDROID//3....')
#47 {main}
"} 
[2026-07-02 10:07:26] local.ERROR: Class "App\Models\Division" not found {"userId":1,"exception":"[object] (Error(code: 0): Class \"App\\Models\\Division\" not found at D:/2.ANDROID/3.FlutterVSCode/projects/SHE Inspection System/backend/she-api/vendor/laravel/framework/src/Illuminate/Database/Eloquent/Concerns/HasRelationships.php:859)
[stacktrace]
#0 D:/2.ANDROID/3.FlutterVSCode/projects/SHE Inspection System/backend/she-api/vendor/laravel/framework/src/Illuminate/Database/Eloquent/Concerns/HasRelationships.php(244): Illuminate/Database/Eloquent/Model->newRelatedInstance('App//Models//Divi...')
#1 D:/2.ANDROID/3.FlutterVSCode/projects/SHE Inspection System/backend/she-api/app/Models/User.php(53): Illuminate/Database/Eloquent/Model->belongsTo('App//Models//Divi...')
#2 D:/2.ANDROID/3.FlutterVSCode/projects/SHE Inspection System/backend/she-api/vendor/laravel/framework/src/Illuminate/Database/Eloquent/Builder.php(876): App/Models/User->division()
#3 D:/2.ANDROID/3.FlutterVSCode/projects/SHE Inspection System/backend/she-api/vendor/laravel/framework/src/Illuminate/Database/Eloquent/Relations/Relation.php(120): Illuminate/Database/Eloquent/Builder->Illuminate/Database/Eloquent/{closure}()
#4 D:/2.ANDROID/3.FlutterVSCode/projects/SHE Inspection System/backend/she-api/vendor/laravel/framework/src/Illuminate/Database/Eloquent/Builder.php(874): Illuminate/Database/Eloquent/Relations/Relation::noConstraints(Object(Closure))
#5 D:/2.ANDROID/3.FlutterVSCode/projects/SHE Inspection System/backend/she-api/vendor/laravel/framework/src/Illuminate/Database/Eloquent/Builder.php(848): Illuminate/Database/Eloquent/Builder->getRelation('division')
#6 D:/2.ANDROID/3.FlutterVSCode/projects/SHE Inspection System/backend/she-api/vendor/laravel/framework/src/Illuminate/Database/Eloquent/Builder.php(828): Illuminate/Database/Eloquent/Builder->eagerLoadRelation(Array, 'division', Object(Closure))
#7 D:/2.ANDROID/3.FlutterVSCode/projects/SHE Inspection System/backend/she-api/vendor/laravel/framework/src/Illuminate/Database/Eloquent/Builder.php(794): Illuminate/Database/Eloquent/Builder->eagerLoadRelations(Array)
#8 D:/2.ANDROID/3.FlutterVSCode/projects/SHE Inspection System/backend/she-api/app/Http/Controllers/Api/UserController.php(17): Illuminate/Database/Eloquent/Builder->get()
#9 D:/2.ANDROID/3.FlutterVSCode/projects/SHE Inspection System/backend/she-api/vendor/laravel/framework/src/Illuminate/Routing/ControllerDispatcher.php(47): App/Http/Controllers/Api/UserController->index(Object(Illuminate/Http/Request))
#10 D:/2.ANDROID/3.FlutterVSCode/projects/SHE Inspection System/backend/she-api/vendor/laravel/framework/src/Illuminate/Routing/Route.php(266): Illuminate/Routing/ControllerDispatcher->dispatch(Object(Illuminate/Routing/Route), Object(App/Http/Controllers/Api/UserController), 'index')
#11 D:/2.ANDROID/3.FlutterVSCode/projects/SHE Inspection System/backend/she-api/vendor/laravel/framework/src/Illuminate/Routing/Route.php(212): Illuminate/Routing/Route->runController()
#12 D:/2.ANDROID/3.FlutterVSCode/projects/SHE Inspection System/backend/she-api/vendor/laravel/framework/src/Illuminate/Routing/Router.php(808): Illuminate/Routing/Route->run()
#13 D:/2.ANDROID/3.FlutterVSCode/projects/SHE Inspection System/backend/she-api/vendor/laravel/framework/src/Illuminate/Pipeline/Pipeline.php(170): Illuminate/Routing/Router->Illuminate/Routing/{closure}(Object(Illuminate/Http/Request))
#14 D:/2.ANDROID/3.FlutterVSCode/projects/SHE Inspection System/backend/she-api/vendor/laravel/framework/src/Illuminate/Routing/Middleware/SubstituteBindings.php(51): Illuminate/Pipeline/Pipeline->Illuminate/Pipeline/{closure}(Object(Illuminate/Http/Request))
#15 D:/2.ANDROID/3.FlutterVSCode/projects/SHE Inspection System/backend/she-api/vendor/laravel/framework/src/Illuminate/Pipeline/Pipeline.php(209): Illuminate/Routing/Middleware/SubstituteBindings->handle(Object(Illuminate/Http/Request), Object(Closure))
#16 D:/2.ANDROID/3.FlutterVSCode/projects/SHE Inspection System/backend/she-api/vendor/laravel/framework/src/Illuminate/Auth/Middleware/Authenticate.php(64): Illuminate/Pipeline/Pipeline->Illuminate/Pipeline/{closure}(Object(Illuminate/Http/Request))
#17 D:/2.ANDROID/3.FlutterVSCode/projects/SHE Inspection System/backend/she-api/vendor/laravel/framework/src/Illuminate/Pipeline/Pipeline.php(209): Illuminate/Auth/Middleware/Authenticate->handle(Object(Illuminate/Http/Request), Object(Closure), 'sanctum')
#18 D:/2.ANDROID/3.FlutterVSCode/projects/SHE Inspection System/backend/she-api/vendor/laravel/framework/src/Illuminate/Pipeline/Pipeline.php(127): Illuminate/Pipeline/Pipeline->Illuminate/Pipeline/{closure}(Object(Illuminate/Http/Request))
#19 D:/2.ANDROID/3.FlutterVSCode/projects/SHE Inspection System/backend/she-api/vendor/laravel/framework/src/Illuminate/Routing/Router.php(807): Illuminate/Pipeline/Pipeline->then(Object(Closure))
#20 D:/2.ANDROID/3.FlutterVSCode/projects/SHE Inspection System/backend/she-api/vendor/laravel/framework/src/Illuminate/Routing/Router.php(786): Illuminate/Routing/Router->runRouteWithinStack(Object(Illuminate/Routing/Route), Object(Illuminate/Http/Request))
#21 D:/2.ANDROID/3.FlutterVSCode/projects/SHE Inspection System/backend/she-api/vendor/laravel/framework/src/Illuminate/Routing/Router.php(750): Illuminate/Routing/Router->runRoute(Object(Illuminate/Http/Request), Object(Illuminate/Routing/Route))
#22 D:/2.ANDROID/3.FlutterVSCode/projects/SHE Inspection System/backend/she-api/vendor/laravel/framework/src/Illuminate/Routing/Router.php(739): Illuminate/Routing/Router->dispatchToRoute(Object(Illuminate/Http/Request))
#23 D:/2.ANDROID/3.FlutterVSCode/projects/SHE Inspection System/backend/she-api/vendor/laravel/framework/src/Illuminate/Foundation/Http/Kernel.php(201): Illuminate/Routing/Router->dispatch(Object(Illuminate/Http/Request))
#24 D:/2.ANDROID/3.FlutterVSCode/projects/SHE Inspection System/backend/she-api/vendor/laravel/framework/src/Illuminate/Pipeline/Pipeline.php(170): Illuminate/Foundation/Http/Kernel->Illuminate/Foundation/Http/{closure}(Object(Illuminate/Http/Request))
#25 D:/2.ANDROID/3.FlutterVSCode/projects/SHE Inspection System/backend/she-api/vendor/laravel/framework/src/Illuminate/Foundation/Http/Middleware/TransformsRequest.php(21): Illuminate/Pipeline/Pipeline->Illuminate/Pipeline/{closure}(Object(Illuminate/Http/Request))
#26 D:/2.ANDROID/3.FlutterVSCode/projects/SHE Inspection System/backend/she-api/vendor/laravel/framework/src/Illuminate/Foundation/Http/Middleware/ConvertEmptyStringsToNull.php(31): Illuminate/Foundation/Http/Middleware/TransformsRequest->handle(Object(Illuminate/Http/Request), Object(Closure))
#27 D:/2.ANDROID/3.FlutterVSCode/projects/SHE Inspection System/backend/she-api/vendor/laravel/framework/src/Illuminate/Pipeline/Pipeline.php(209): Illuminate/Foundation/Http/Middleware/ConvertEmptyStringsToNull->handle(Object(Illuminate/Http/Request), Object(Closure))
#28 D:/2.ANDROID/3.FlutterVSCode/projects/SHE Inspection System/backend/she-api/vendor/laravel/framework/src/Illuminate/Foundation/Http/Middleware/TransformsRequest.php(21): Illuminate/Pipeline/Pipeline->Illuminate/Pipeline/{closure}(Object(Illuminate/Http/Request))
#29 D:/2.ANDROID/3.FlutterVSCode/projects/SHE Inspection System/backend/she-api/vendor/laravel/framework/src/Illuminate/Foundation/Http/Middleware/TrimStrings.php(51): Illuminate/Foundation/Http/Middleware/TransformsRequest->handle(Object(Illuminate/Http/Request), Object(Closure))
#30 D:/2.ANDROID/3.FlutterVSCode/projects/SHE Inspection System/backend/she-api/vendor/laravel/framework/src/Illuminate/Pipeline/Pipeline.php(209): Illuminate/Foundation/Http/Middleware/TrimStrings->handle(Object(Illuminate/Http/Request), Object(Closure))
#31 D:/2.ANDROID/3.FlutterVSCode/projects/SHE Inspection System/backend/she-api/vendor/laravel/framework/src/Illuminate/Http/Middleware/ValidatePostSize.php(27): Illuminate/Pipeline/Pipeline->Illuminate/Pipeline/{closure}(Object(Illuminate/Http/Request))
#32 D:/2.ANDROID/3.FlutterVSCode/projects/SHE Inspection System/backend/she-api/vendor/laravel/framework/src/Illuminate/Pipeline/Pipeline.php(209): Illuminate/Http/Middleware/ValidatePostSize->handle(Object(Illuminate/Http/Request), Object(Closure))
#33 D:/2.ANDROID/3.FlutterVSCode/projects/SHE Inspection System/backend/she-api/vendor/laravel/framework/src/Illuminate/Foundation/Http/Middleware/PreventRequestsDuringMaintenance.php(110): Illuminate/Pipeline/Pipeline->Illuminate/Pipeline/{closure}(Object(Illuminate/Http/Request))
#34 D:/2.ANDROID/3.FlutterVSCode/projects/SHE Inspection System/backend/she-api/vendor/laravel/framework/src/Illuminate/Pipeline/Pipeline.php(209): Illuminate/Foundation/Http/Middleware/PreventRequestsDuringMaintenance->handle(Object(Illuminate/Http/Request), Object(Closure))
#35 D:/2.ANDROID/3.FlutterVSCode/projects/SHE Inspection System/backend/she-api/vendor/laravel/framework/src/Illuminate/Http/Middleware/HandleCors.php(62): Illuminate/Pipeline/Pipeline->Illuminate/Pipeline/{closure}(Object(Illuminate/Http/Request))
#36 D:/2.ANDROID/3.FlutterVSCode/projects/SHE Inspection System/backend/she-api/vendor/laravel/framework/src/Illuminate/Pipeline/Pipeline.php(209): Illuminate/Http/Middleware/HandleCors->handle(Object(Illuminate/Http/Request), Object(Closure))
#37 D:/2.ANDROID/3.FlutterVSCode/projects/SHE Inspection System/backend/she-api/vendor/laravel/framework/src/Illuminate/Http/Middleware/TrustProxies.php(58): Illuminate/Pipeline/Pipeline->Illuminate/Pipeline/{closure}(Object(Illuminate/Http/Request))
#38 D:/2.ANDROID/3.FlutterVSCode/projects/SHE Inspection System/backend/she-api/vendor/laravel/framework/src/Illuminate/Pipeline/Pipeline.php(209): Illuminate/Http/Middleware/TrustProxies->handle(Object(Illuminate/Http/Request), Object(Closure))
#39 D:/2.ANDROID/3.FlutterVSCode/projects/SHE Inspection System/backend/she-api/vendor/laravel/framework/src/Illuminate/Foundation/Http/Middleware/InvokeDeferredCallbacks.php(22): Illuminate/Pipeline/Pipeline->Illuminate/Pipeline/{closure}(Object(Illuminate/Http/Request))
#40 D:/2.ANDROID/3.FlutterVSCode/projects/SHE Inspection System/backend/she-api/vendor/laravel/framework/src/Illuminate/Pipeline/Pipeline.php(209): Illuminate/Foundation/Http/Middleware/InvokeDeferredCallbacks->handle(Object(Illuminate/Http/Request), Object(Closure))
#41 D:/2.ANDROID/3.FlutterVSCode/projects/SHE Inspection System/backend/she-api/vendor/laravel/framework/src/Illuminate/Pipeline/Pipeline.php(127): Illuminate/Pipeline/Pipeline->Illuminate/Pipeline/{closure}(Object(Illuminate/Http/Request))
#42 D:/2.ANDROID/3.FlutterVSCode/projects/SHE Inspection System/backend/she-api/vendor/laravel/framework/src/Illuminate/Foundation/Http/Kernel.php(176): Illuminate/Pipeline/Pipeline->then(Object(Closure))
#43 D:/2.ANDROID/3.FlutterVSCode/projects/SHE Inspection System/backend/she-api/vendor/laravel/framework/src/Illuminate/Foundation/Http/Kernel.php(145): Illuminate/Foundation/Http/Kernel->sendRequestThroughRouter(Object(Illuminate/Http/Request))
#44 D:/2.ANDROID/3.FlutterVSCode/projects/SHE Inspection System/backend/she-api/vendor/laravel/framework/src/Illuminate/Foundation/Application.php(1220): Illuminate/Foundation/Http/Kernel->handle(Object(Illuminate/Http/Request))
#45 D:/2.ANDROID/3.FlutterVSCode/projects/SHE Inspection System/backend/she-api/public/index.php(20): Illuminate/Foundation/Application->handleRequest(Object(Illuminate/Http/Request))
#46 D:/2.ANDROID/3.FlutterVSCode/projects/SHE Inspection System/backend/she-api/vendor/laravel/framework/src/Illuminate/Foundation/resources/server.php(23): require_once('D://2.ANDROID//3....')
#47 {main}
"} 
[2026-07-02 10:08:28] local.ERROR: Class "App\Models\Division" not found {"userId":1,"exception":"[object] (Error(code: 0): Class \"App\\Models\\Division\" not found at D:/2.ANDROID/3.FlutterVSCode/projects/SHE Inspection System/backend/she-api/vendor/laravel/framework/src/Illuminate/Database/Eloquent/Concerns/HasRelationships.php:859)
[stacktrace]
#0 D:/2.ANDROID/3.FlutterVSCode/projects/SHE Inspection System/backend/she-api/vendor/laravel/framework/src/Illuminate/Database/Eloquent/Concerns/HasRelationships.php(244): Illuminate/Database/Eloquent/Model->newRelatedInstance('App//Models//Divi...')
#1 D:/2.ANDROID/3.FlutterVSCode/projects/SHE Inspection System/backend/she-api/app/Models/User.php(54): Illuminate/Database/Eloquent/Model->belongsTo('App//Models//Divi...')
#2 D:/2.ANDROID/3.FlutterVSCode/projects/SHE Inspection System/backend/she-api/vendor/laravel/framework/src/Illuminate/Database/Eloquent/Builder.php(876): App/Models/User->division()
#3 D:/2.ANDROID/3.FlutterVSCode/projects/SHE Inspection System/backend/she-api/vendor/laravel/framework/src/Illuminate/Database/Eloquent/Relations/Relation.php(120): Illuminate/Database/Eloquent/Builder->Illuminate/Database/Eloquent/{closure}()
#4 D:/2.ANDROID/3.FlutterVSCode/projects/SHE Inspection System/backend/she-api/vendor/laravel/framework/src/Illuminate/Database/Eloquent/Builder.php(874): Illuminate/Database/Eloquent/Relations/Relation::noConstraints(Object(Closure))
#5 D:/2.ANDROID/3.FlutterVSCode/projects/SHE Inspection System/backend/she-api/vendor/laravel/framework/src/Illuminate/Database/Eloquent/Builder.php(848): Illuminate/Database/Eloquent/Builder->getRelation('division')
#6 D:/2.ANDROID/3.FlutterVSCode/projects/SHE Inspection System/backend/she-api/vendor/laravel/framework/src/Illuminate/Database/Eloquent/Builder.php(828): Illuminate/Database/Eloquent/Builder->eagerLoadRelation(Array, 'division', Object(Closure))
#7 D:/2.ANDROID/3.FlutterVSCode/projects/SHE Inspection System/backend/she-api/vendor/laravel/framework/src/Illuminate/Database/Eloquent/Builder.php(794): Illuminate/Database/Eloquent/Builder->eagerLoadRelations(Array)
#8 D:/2.ANDROID/3.FlutterVSCode/projects/SHE Inspection System/backend/she-api/app/Http/Controllers/Api/UserController.php(17): Illuminate/Database/Eloquent/Builder->get()
#9 D:/2.ANDROID/3.FlutterVSCode/projects/SHE Inspection System/backend/she-api/vendor/laravel/framework/src/Illuminate/Routing/ControllerDispatcher.php(47): App/Http/Controllers/Api/UserController->index(Object(Illuminate/Http/Request))
#10 D:/2.ANDROID/3.FlutterVSCode/projects/SHE Inspection System/backend/she-api/vendor/laravel/framework/src/Illuminate/Routing/Route.php(266): Illuminate/Routing/ControllerDispatcher->dispatch(Object(Illuminate/Routing/Route), Object(App/Http/Controllers/Api/UserController), 'index')
#11 D:/2.ANDROID/3.FlutterVSCode/projects/SHE Inspection System/backend/she-api/vendor/laravel/framework/src/Illuminate/Routing/Route.php(212): Illuminate/Routing/Route->runController()
#12 D:/2.ANDROID/3.FlutterVSCode/projects/SHE Inspection System/backend/she-api/vendor/laravel/framework/src/Illuminate/Routing/Router.php(808): Illuminate/Routing/Route->run()
#13 D:/2.ANDROID/3.FlutterVSCode/projects/SHE Inspection System/backend/she-api/vendor/laravel/framework/src/Illuminate/Pipeline/Pipeline.php(170): Illuminate/Routing/Router->Illuminate/Routing/{closure}(Object(Illuminate/Http/Request))
#14 D:/2.ANDROID/3.FlutterVSCode/projects/SHE Inspection System/backend/she-api/vendor/laravel/framework/src/Illuminate/Routing/Middleware/SubstituteBindings.php(51): Illuminate/Pipeline/Pipeline->Illuminate/Pipeline/{closure}(Object(Illuminate/Http/Request))
#15 D:/2.ANDROID/3.FlutterVSCode/projects/SHE Inspection System/backend/she-api/vendor/laravel/framework/src/Illuminate/Pipeline/Pipeline.php(209): Illuminate/Routing/Middleware/SubstituteBindings->handle(Object(Illuminate/Http/Request), Object(Closure))
#16 D:/2.ANDROID/3.FlutterVSCode/projects/SHE Inspection System/backend/she-api/vendor/laravel/framework/src/Illuminate/Auth/Middleware/Authenticate.php(64): Illuminate/Pipeline/Pipeline->Illuminate/Pipeline/{closure}(Object(Illuminate/Http/Request))
#17 D:/2.ANDROID/3.FlutterVSCode/projects/SHE Inspection System/backend/she-api/vendor/laravel/framework/src/Illuminate/Pipeline/Pipeline.php(209): Illuminate/Auth/Middleware/Authenticate->handle(Object(Illuminate/Http/Request), Object(Closure), 'sanctum')
#18 D:/2.ANDROID/3.FlutterVSCode/projects/SHE Inspection System/backend/she-api/vendor/laravel/framework/src/Illuminate/Pipeline/Pipeline.php(127): Illuminate/Pipeline/Pipeline->Illuminate/Pipeline/{closure}(Object(Illuminate/Http/Request))
#19 D:/2.ANDROID/3.FlutterVSCode/projects/SHE Inspection System/backend/she-api/vendor/laravel/framework/src/Illuminate/Routing/Router.php(807): Illuminate/Pipeline/Pipeline->then(Object(Closure))
#20 D:/2.ANDROID/3.FlutterVSCode/projects/SHE Inspection System/backend/she-api/vendor/laravel/framework/src/Illuminate/Routing/Router.php(786): Illuminate/Routing/Router->runRouteWithinStack(Object(Illuminate/Routing/Route), Object(Illuminate/Http/Request))
#21 D:/2.ANDROID/3.FlutterVSCode/projects/SHE Inspection System/backend/she-api/vendor/laravel/framework/src/Illuminate/Routing/Router.php(750): Illuminate/Routing/Router->runRoute(Object(Illuminate/Http/Request), Object(Illuminate/Routing/Route))
#22 D:/2.ANDROID/3.FlutterVSCode/projects/SHE Inspection System/backend/she-api/vendor/laravel/framework/src/Illuminate/Routing/Router.php(739): Illuminate/Routing/Router->dispatchToRoute(Object(Illuminate/Http/Request))
#23 D:/2.ANDROID/3.FlutterVSCode/projects/SHE Inspection System/backend/she-api/vendor/laravel/framework/src/Illuminate/Foundation/Http/Kernel.php(201): Illuminate/Routing/Router->dispatch(Object(Illuminate/Http/Request))
#24 D:/2.ANDROID/3.FlutterVSCode/projects/SHE Inspection System/backend/she-api/vendor/laravel/framework/src/Illuminate/Pipeline/Pipeline.php(170): Illuminate/Foundation/Http/Kernel->Illuminate/Foundation/Http/{closure}(Object(Illuminate/Http/Request))
#25 D:/2.ANDROID/3.FlutterVSCode/projects/SHE Inspection System/backend/she-api/vendor/laravel/framework/src/Illuminate/Foundation/Http/Middleware/TransformsRequest.php(21): Illuminate/Pipeline/Pipeline->Illuminate/Pipeline/{closure}(Object(Illuminate/Http/Request))
#26 D:/2.ANDROID/3.FlutterVSCode/projects/SHE Inspection System/backend/she-api/vendor/laravel/framework/src/Illuminate/Foundation/Http/Middleware/ConvertEmptyStringsToNull.php(31): Illuminate/Foundation/Http/Middleware/TransformsRequest->handle(Object(Illuminate/Http/Request), Object(Closure))
#27 D:/2.ANDROID/3.FlutterVSCode/projects/SHE Inspection System/backend/she-api/vendor/laravel/framework/src/Illuminate/Pipeline/Pipeline.php(209): Illuminate/Foundation/Http/Middleware/ConvertEmptyStringsToNull->handle(Object(Illuminate/Http/Request), Object(Closure))
#28 D:/2.ANDROID/3.FlutterVSCode/projects/SHE Inspection System/backend/she-api/vendor/laravel/framework/src/Illuminate/Foundation/Http/Middleware/TransformsRequest.php(21): Illuminate/Pipeline/Pipeline->Illuminate/Pipeline/{closure}(Object(Illuminate/Http/Request))
#29 D:/2.ANDROID/3.FlutterVSCode/projects/SHE Inspection System/backend/she-api/vendor/laravel/framework/src/Illuminate/Foundation/Http/Middleware/TrimStrings.php(51): Illuminate/Foundation/Http/Middleware/TransformsRequest->handle(Object(Illuminate/Http/Request), Object(Closure))
#30 D:/2.ANDROID/3.FlutterVSCode/projects/SHE Inspection System/backend/she-api/vendor/laravel/framework/src/Illuminate/Pipeline/Pipeline.php(209): Illuminate/Foundation/Http/Middleware/TrimStrings->handle(Object(Illuminate/Http/Request), Object(Closure))
#31 D:/2.ANDROID/3.FlutterVSCode/projects/SHE Inspection System/backend/she-api/vendor/laravel/framework/src/Illuminate/Http/Middleware/ValidatePostSize.php(27): Illuminate/Pipeline/Pipeline->Illuminate/Pipeline/{closure}(Object(Illuminate/Http/Request))
#32 D:/2.ANDROID/3.FlutterVSCode/projects/SHE Inspection System/backend/she-api/vendor/laravel/framework/src/Illuminate/Pipeline/Pipeline.php(209): Illuminate/Http/Middleware/ValidatePostSize->handle(Object(Illuminate/Http/Request), Object(Closure))
#33 D:/2.ANDROID/3.FlutterVSCode/projects/SHE Inspection System/backend/she-api/vendor/laravel/framework/src/Illuminate/Foundation/Http/Middleware/PreventRequestsDuringMaintenance.php(110): Illuminate/Pipeline/Pipeline->Illuminate/Pipeline/{closure}(Object(Illuminate/Http/Request))
#34 D:/2.ANDROID/3.FlutterVSCode/projects/SHE Inspection System/backend/she-api/vendor/laravel/framework/src/Illuminate/Pipeline/Pipeline.php(209): Illuminate/Foundation/Http/Middleware/PreventRequestsDuringMaintenance->handle(Object(Illuminate/Http/Request), Object(Closure))
#35 D:/2.ANDROID/3.FlutterVSCode/projects/SHE Inspection System/backend/she-api/vendor/laravel/framework/src/Illuminate/Http/Middleware/HandleCors.php(62): Illuminate/Pipeline/Pipeline->Illuminate/Pipeline/{closure}(Object(Illuminate/Http/Request))
#36 D:/2.ANDROID/3.FlutterVSCode/projects/SHE Inspection System/backend/she-api/vendor/laravel/framework/src/Illuminate/Pipeline/Pipeline.php(209): Illuminate/Http/Middleware/HandleCors->handle(Object(Illuminate/Http/Request), Object(Closure))
#37 D:/2.ANDROID/3.FlutterVSCode/projects/SHE Inspection System/backend/she-api/vendor/laravel/framework/src/Illuminate/Http/Middleware/TrustProxies.php(58): Illuminate/Pipeline/Pipeline->Illuminate/Pipeline/{closure}(Object(Illuminate/Http/Request))
#38 D:/2.ANDROID/3.FlutterVSCode/projects/SHE Inspection System/backend/she-api/vendor/laravel/framework/src/Illuminate/Pipeline/Pipeline.php(209): Illuminate/Http/Middleware/TrustProxies->handle(Object(Illuminate/Http/Request), Object(Closure))
#39 D:/2.ANDROID/3.FlutterVSCode/projects/SHE Inspection System/backend/she-api/vendor/laravel/framework/src/Illuminate/Foundation/Http/Middleware/InvokeDeferredCallbacks.php(22): Illuminate/Pipeline/Pipeline->Illuminate/Pipeline/{closure}(Object(Illuminate/Http/Request))
#40 D:/2.ANDROID/3.FlutterVSCode/projects/SHE Inspection System/backend/she-api/vendor/laravel/framework/src/Illuminate/Pipeline/Pipeline.php(209): Illuminate/Foundation/Http/Middleware/InvokeDeferredCallbacks->handle(Object(Illuminate/Http/Request), Object(Closure))
#41 D:/2.ANDROID/3.FlutterVSCode/projects/SHE Inspection System/backend/she-api/vendor/laravel/framework/src/Illuminate/Pipeline/Pipeline.php(127): Illuminate/Pipeline/Pipeline->Illuminate/Pipeline/{closure}(Object(Illuminate/Http/Request))
#42 D:/2.ANDROID/3.FlutterVSCode/projects/SHE Inspection System/backend/she-api/vendor/laravel/framework/src/Illuminate/Foundation/Http/Kernel.php(176): Illuminate/Pipeline/Pipeline->then(Object(Closure))
#43 D:/2.ANDROID/3.FlutterVSCode/projects/SHE Inspection System/backend/she-api/vendor/laravel/framework/src/Illuminate/Foundation/Http/Kernel.php(145): Illuminate/Foundation/Http/Kernel->sendRequestThroughRouter(Object(Illuminate/Http/Request))
#44 D:/2.ANDROID/3.FlutterVSCode/projects/SHE Inspection System/backend/she-api/vendor/laravel/framework/src/Illuminate/Foundation/Application.php(1220): Illuminate/Foundation/Http/Kernel->handle(Object(Illuminate/Http/Request))
#45 D:/2.ANDROID/3.FlutterVSCode/projects/SHE Inspection System/backend/she-api/public/index.php(20): Illuminate/Foundation/Application->handleRequest(Object(Illuminate/Http/Request))
#46 D:/2.ANDROID/3.FlutterVSCode/projects/SHE Inspection System/backend/she-api/vendor/laravel/framework/src/Illuminate/Foundation/resources/server.php(23): require_once('D://2.ANDROID//3....')
#47 {main}
"} 
